file,class,component,mean_frequency_hz,dominant_frequency_hz,rms,peak_amplitude
elephant_025729.npy,elephant,1,42.786562461810185,17.3828125,3.576779e-10,2.5852824e-09
elephant_025729.npy,elephant,2,39.439244631681746,12.59765625,4.3722811e-10,3.001697e-09
elephant_025729.npy,elephant,3,33.860791560333375,13.28125,7.47347e-10,6.965371e-09
elephant_025730.npy,elephant,1,45.90723565047541,21.09375,2.5351996e-10,1.7234536e-09
elephant_025730.npy,elephant,2,42.07100353114134,12.5,3.29825e-10,2.9271017e-09
elephant_025730.npy,elephant,3,37.76943211943514,13.18359375,4.4211793e-10,6.9611463e-09
elephant_025731.npy,elephant,1,48.241152617246186,21.09375,1.793502e-10,9.7663e-10
elephant_025731.npy,elephant,2,44.315456018063024,11.42578125,2.0637257e-10,1.1442293e-09
elephant_025731.npy,elephant,3,42.8934068426077,15.8203125,1.907279e-10,2.3634426e-09
elephant_025732.npy,elephant,1,47.052947348972225,21.09375,1.6621643e-10,9.7663e-10
elephant_025732.npy,elephant,2,44.538956493576435,11.42578125,1.8782631e-10,8.400193e-10
elephant_025732.npy,elephant,3,45.27095321968486,15.8203125,1.5375305e-10,6.4830563e-10
elephant_025733.npy,elephant,1,47.96698276965393,27.24609375,1.5527112e-10,9.7663e-10
elephant_025733.npy,elephant,2,44.77297166870935,11.62109375,1.7313913e-10,8.400193e-10
elephant_025733.npy,elephant,3,45.50512604982942,15.8203125,1.4103436e-10,5.9270167e-10
elephant_025734.npy,elephant,1,47.74472305761474,20.99609375,1.5096126e-10,9.7663e-10
elephant_025734.npy,elephant,2,43.69233958549237,11.62109375,1.7899565e-10,1.1534289e-09
elephant_025734.npy,elephant,3,44.99651052868772,15.8203125,1.3584274e-10,7.867999e-10
elephant_025735.npy,elephant,1,46.56561423179588,27.83203125,1.5542642e-10,9.766302e-10
elephant_025735.npy,elephant,2,42.18153536130221,12.40234375,1.9043311e-10,1.1534289e-09
elephant_025735.npy,elephant,3,42.86233703392967,18.359375,1.5432534e-10,1.2267245e-09
elephant_025736.npy,elephant,1,45.772070485960384,25.68359375,1.727822e-10,1.0323682e-09
elephant_025736.npy,elephant,2,41.33928814676789,12.40234375,2.0926298e-10,1.3742121e-09
elephant_025736.npy,elephant,3,41.6747213764005,14.74609375,1.7123973e-10,1.2284518e-09
elephant_025737.npy,elephant,1,44.551161842490636,27.5390625,1.9152138e-10,1.4027308e-09
elephant_025737.npy,elephant,2,39.821229047618814,11.62109375,2.3413502e-10,1.5887861e-09
elephant_025737.npy,elephant,3,40.34400376903115,14.94140625,1.9259791e-10,1.2284518e-09
elephant_025738.npy,elephant,1,44.149586502088276,26.7578125,2.0146056e-10,1.4027308e-09
elephant_025738.npy,elephant,2,39.10080539580629,11.62109375,2.4878e-10,1.5887861e-09
elephant_025738.npy,elephant,3,39.2305218069255,14.94140625,2.1366206e-10,1.2284518e-09
elephant_025739.npy,elephant,1,41.185177794591596,41.2109375,5.041059e-10,2.5866727e-09
elephant_025739.npy,elephant,2,38.61564362667757,12.59765625,6.8510037e-10,3.765768e-09
elephant_025739.npy,elephant,3,36.407217028933516,13.28125,6.3026756e-10,3.7842227e-09
elephant_025740.npy,elephant,1,41.083063849046326,41.30859375,5.222616e-10,2.5866727e-09
elephant_025740.npy,elephant,2,38.7777760291616,12.59765625,6.840911e-10,3.765768e-09
elephant_025740.npy,elephant,3,36.579019324115166,20.703125,6.5158207e-10,3.7842227e-09
elephant_025741.npy,elephant,1,41.40325123332905,41.30859375,5.1089855e-10,2.5866727e-09
elephant_025741.npy,elephant,2,39.00990134108301,39.2578125,6.6332045e-10,3.765768e-09
elephant_025741.npy,elephant,3,36.95906885550356,12.98828125,6.453967e-10,3.7842227e-09
elephant_025742.npy,elephant,1,41.75931525056836,37.40234375,4.734867e-10,2.5866727e-09
elephant_025742.npy,elephant,2,39.20445663515875,39.2578125,6.277987e-10,3.765768e-09
elephant_025742.npy,elephant,3,36.890814013931525,46.875,6.159042e-10,3.8229806e-09
elephant_025743.npy,elephant,1,42.128116019961666,39.2578125,4.4155152e-10,2.5866727e-09
elephant_025743.npy,elephant,2,39.45099289013063,34.5703125,5.869509e-10,3.7657517e-09
elephant_025743.npy,elephant,3,37.10493371414024,46.875,5.960543e-10,2.5874054e-09
elephant_025744.npy,elephant,1,42.22800817648903,39.2578125,4.1259532e-10,2.5866727e-09
elephant_025744.npy,elephant,2,39.64838242450187,39.2578125,4.9771165e-10,3.1778284e-09
elephant_025744.npy,elephant,3,37.04298974914252,12.79296875,5.544253e-10,2.5874054e-09
elephant_025745.npy,elephant,1,42.604534714063334,39.2578125,3.8287404e-10,2.5866727e-09
elephant_025745.npy,elephant,2,40.161394451685304,33.88671875,4.331159e-10,2.967009e-09
elephant_025745.npy,elephant,3,37.017602007776404,12.79296875,5.206114e-10,2.5874054e-09
elephant_025746.npy,elephant,1,42.61312931510977,39.2578125,3.6809414e-10,2.5866727e-09
elephant_025746.npy,elephant,2,40.237110319522074,37.109375,4.090177e-10,2.967009e-09
elephant_025746.npy,elephant,3,36.909399097977385,12.79296875,5.043576e-10,2.5874054e-09
elephant_025747.npy,elephant,1,42.768626361625586,39.2578125,3.552431e-10,2.5866727e-09
elephant_025747.npy,elephant,2,40.44603733927706,37.109375,3.8925196e-10,2.967009e-09
elephant_025747.npy,elephant,3,36.886460503024686,23.4375,4.834863e-10,2.5874054e-09
elephant_025748.npy,elephant,1,42.50610801664091,39.2578125,3.298835e-10,2.580884e-09
elephant_025748.npy,elephant,2,40.85765599168421,45.60546875,3.5064326e-10,2.9666536e-09
elephant_025748.npy,elephant,3,36.82884356337041,23.4375,4.5598286e-10,2.5874054e-09
elephant_025749.npy,elephant,1,41.94810344764675,33.88671875,1.4276257e-10,1.1257865e-09
elephant_025749.npy,elephant,2,39.34597558024724,19.62890625,1.93883e-10,1.7665878e-09
elephant_025749.npy,elephant,3,37.97826432266121,21.38671875,1.7509384e-10,1.1600833e-09
elephant_025750.npy,elephant,1,41.415055094542154,26.26953125,1.4944705e-10,1.1257865e-09
elephant_025750.npy,elephant,2,39.295592194117766,19.62890625,1.9037161e-10,1.7665878e-09
elephant_025750.npy,elephant,3,36.86241829406821,21.38671875,1.7057444e-10,1.1600833e-09
elephant_025751.npy,elephant,1,40.96392835293624,31.93359375,1.6130633e-10,1.1257865e-09
elephant_025751.npy,elephant,2,39.00464463509794,19.53125,1.9913138e-10,1.7665878e-09
elephant_025751.npy,elephant,3,36.64438447965726,21.38671875,1.7933278e-10,1.1600833e-09
elephant_025752.npy,elephant,1,40.486417597035285,30.2734375,1.7332882e-10,1.1257865e-09
elephant_025752.npy,elephant,2,38.55795528652408,19.53125,2.140889e-10,1.7665878e-09
elephant_025752.npy,elephant,3,36.533042392119015,21.484375,1.8593327e-10,1.1600833e-09
elephant_025753.npy,elephant,1,40.40388436275648,30.2734375,1.776123e-10,1.1257865e-09
elephant_025753.npy,elephant,2,38.28834699178125,19.53125,2.2053513e-10,1.7665878e-09
elephant_025753.npy,elephant,3,36.22535746737235,21.38671875,1.9162029e-10,1.1600833e-09
elephant_025754.npy,elephant,1,40.121597255375114,25.29296875,1.8565213e-10,1.1257865e-09
elephant_025754.npy,elephant,2,37.979261039268245,19.53125,2.270095e-10,1.7665878e-09
elephant_025754.npy,elephant,3,36.27388898541051,21.38671875,1.9538768e-10,1.1600833e-09
elephant_025755.npy,elephant,1,39.582677034759186,25.48828125,1.8485762e-10,1.1257865e-09
elephant_025755.npy,elephant,2,38.274579309095216,19.53125,2.2334719e-10,1.7665878e-09
elephant_025755.npy,elephant,3,35.982904495868006,21.38671875,1.9394694e-10,1.1600833e-09
elephant_025756.npy,elephant,1,39.88870046239325,26.5625,1.796685e-10,1.1257865e-09
elephant_025756.npy,elephant,2,38.400552545625345,19.53125,2.1703848e-10,1.7665878e-09
elephant_025756.npy,elephant,3,36.2454652854951,23.4375,1.8812397e-10,1.1600833e-09
elephant_025757.npy,elephant,1,40.300901714130994,26.5625,1.7394947e-10,1.1289705e-09
elephant_025757.npy,elephant,2,38.46343159444201,20.3125,2.0892572e-10,1.7650197e-09
elephant_025757.npy,elephant,3,36.55642813365461,23.4375,1.7526125e-10,1.1603294e-09
elephant_025758.npy,elephant,1,40.47773827467806,26.5625,1.5060565e-10,1.0577774e-09
elephant_025758.npy,elephant,2,38.280559124992784,26.5625,1.7267235e-10,1.131897e-09
elephant_025758.npy,elephant,3,37.67452577640531,23.4375,1.4447342e-10,7.870914e-10
elephant_025759.npy,elephant,1,40.66351870684831,25.48828125,1.5381389e-10,1.0577774e-09
elephant_025759.npy,elephant,2,38.360667029369104,12.40234375,1.746024e-10,1.131897e-09
elephant_025759.npy,elephant,3,38.21944342687812,23.4375,1.3888472e-10,7.870914e-10
elephant_025760.npy,elephant,1,40.892052938634166,28.125,1.6098274e-10,1.1506451e-09
elephant_025760.npy,elephant,2,38.16969318718121,20.21484375,1.8212996e-10,1.1856086e-09
elephant_025760.npy,elephant,3,38.08351691504823,18.359375,1.4280935e-10,8.429905e-10
elephant_025761.npy,elephant,1,41.19313796352552,25.48828125,1.5212734e-10,1.1506451e-09
elephant_025761.npy,elephant,2,38.449274228331674,20.21484375,1.7125928e-10,1.1856086e-09
elephant_025761.npy,elephant,3,38.72293390338793,22.55859375,1.316126e-10,8.429905e-10
elephant_025762.npy,elephant,1,42.42963840640623,28.125,1.367842e-10,1.1506451e-09
elephant_025762.npy,elephant,2,39.26747215627628,20.21484375,1.5232396e-10,1.1856086e-09
elephant_025762.npy,elephant,3,39.38544826223939,22.55859375,1.2269044e-10,8.429905e-10
elephant_025763.npy,elephant,1,41.90728920913198,28.125,1.3055297e-10,1.1506451e-09
elephant_025763.npy,elephant,2,39.78425657551763,20.21484375,1.408871e-10,1.1856086e-09
elephant_025763.npy,elephant,3,40.04472439217594,18.359375,1.1214233e-10,8.429905e-10
elephant_025764.npy,elephant,1,41.808596480524606,28.125,1.2233356e-10,1.1506451e-09
elephant_025764.npy,elephant,2,40.48756424217632,30.6640625,1.2876572e-10,1.1856086e-09
elephant_025764.npy,elephant,3,40.46835715569142,18.359375,1.04968305e-10,8.429905e-10
elephant_025765.npy,elephant,1,43.46628600821153,28.22265625,1.1800608e-10,1.1506451e-09
elephant_025765.npy,elephant,2,40.37552576291044,30.6640625,1.2672013e-10,1.1856086e-09
elephant_025765.npy,elephant,3,41.51365754094194,18.359375,9.9118797e-11,8.429905e-10
elephant_025766.npy,elephant,1,42.21156532208616,31.54296875,1.3239301e-10,1.1506451e-09
elephant_025766.npy,elephant,2,39.66801435269977,20.41015625,1.4357872e-10,1.2216688e-09
elephant_025766.npy,elephant,3,39.84706621441921,20.41015625,1.157681e-10,8.429905e-10
elephant_025767.npy,elephant,1,41.88796095103369,31.73828125,1.3760633e-10,1.1506451e-09
elephant_025767.npy,elephant,2,39.06767304801397,20.41015625,1.5181845e-10,1.2216688e-09
elephant_025767.npy,elephant,3,38.364544681648056,23.33984375,1.248984e-10,8.429905e-10
elephant_025768.npy,elephant,1,41.463397230029294,31.73828125,1.5155134e-10,1.1506451e-09
elephant_025768.npy,elephant,2,38.48201125135984,30.6640625,1.7088268e-10,1.2216688e-09
elephant_025768.npy,elephant,3,37.320610023645685,29.6875,1.4137233e-10,8.429905e-10
elephant_065235.npy,elephant,1,37.19775731053652,18.5546875,1.3177856e-10,6.5928396e-10
elephant_065235.npy,elephant,2,32.13610103263374,21.58203125,2.0976135e-10,1.2398794e-09
elephant_065235.npy,elephant,3,31.0885923982333,20.5078125,2.409112e-10,1.1406054e-09
elephant_065236.npy,elephant,1,36.89987288992682,16.11328125,1.3870131e-10,6.5928396e-10
elephant_065236.npy,elephant,2,31.95992690642036,21.58203125,2.2286352e-10,1.2398794e-09
elephant_065236.npy,elephant,3,31.26423749691272,23.046875,2.5480523e-10,1.1406054e-09
elephant_065237.npy,elephant,1,36.837853284697864,16.11328125,1.4093245e-10,6.5928396e-10
elephant_065237.npy,elephant,2,31.665461930119378,21.19140625,2.306e-10,1.2398794e-09
elephant_065237.npy,elephant,3,31.904316089692873,22.8515625,2.4936112e-10,1.1406054e-09
elephant_065238.npy,elephant,1,36.37383597253534,16.11328125,1.4571484e-10,6.5928396e-10
elephant_065238.npy,elephant,2,31.556475905900296,21.09375,2.3699026e-10,1.2398794e-09
elephant_065238.npy,elephant,3,32.14327462094294,23.73046875,2.4859853e-10,1.1406054e-09
elephant_065239.npy,elephant,1,35.99600375180017,16.11328125,1.5042634e-10,6.5928396e-10
elephant_065239.npy,elephant,2,30.909104051730168,21.09375,2.438407e-10,1.2398794e-09
elephant_065239.npy,elephant,3,31.511509140356427,23.73046875,2.491463e-10,1.1406054e-09
elephant_065240.npy,elephant,1,34.95597460798058,16.2109375,1.7025151e-10,1.2827861e-09
elephant_065240.npy,elephant,2,30.656809380460558,21.484375,2.7911157e-10,1.6644854e-09
elephant_065240.npy,elephant,3,31.307279623874077,23.73046875,2.712842e-10,1.3087152e-09
elephant_065241.npy,elephant,1,33.60207093713504,16.11328125,2.2383258e-10,1.8419432e-09
elephant_065241.npy,elephant,2,28.366103536069257,21.484375,3.3911055e-10,2.8575622e-09
elephant_065241.npy,elephant,3,29.508531145535237,22.8515625,3.3905204e-10,2.399639e-09
elephant_065242.npy,elephant,1,33.70781872904519,17.28515625,2.8081143e-10,2.519808e-09
elephant_065242.npy,elephant,2,29.5684306702318,13.0859375,4.0016793e-10,2.8575622e-09
elephant_065242.npy,elephant,3,32.422997841718434,20.21484375,4.3918016e-10,5.5620943e-09
elephant_065243.npy,elephant,1,33.398118429302635,17.28515625,3.4465622e-10,3.0681198e-09
elephant_065243.npy,elephant,2,29.919373979470652,13.37890625,4.4701914e-10,2.8575622e-09
elephant_065243.npy,elephant,3,31.333413963702647,17.28515625,5.205329e-10,5.5620943e-09
elephant_065244.npy,elephant,1,33.914986990584495,17.28515625,3.6014597e-10,3.0681198e-09
elephant_065244.npy,elephant,2,30.325599989980418,13.28125,4.5571497e-10,2.8575622e-09
elephant_065244.npy,elephant,3,31.44274076223634,17.28515625,5.356218e-10,5.5620943e-09
elephant_066138.npy,elephant,1,41.349255896092544,13.8671875,1.7725604e-10,9.422422e-10
elephant_066138.npy,elephant,2,42.355822699853704,12.79296875,1.8821615e-10,1.0221437e-09
elephant_066138.npy,elephant,3,40.69883180615204,10.15625,2.3183165e-10,1.0816508e-09
elephant_066139.npy,elephant,1,50.717862846892956,12.890625,1.5172158e-10,7.2977924e-10
elephant_066139.npy,elephant,2,46.92671199987739,12.890625,1.6205295e-10,5.338886e-10
elephant_066139.npy,elephant,3,46.553998445086116,10.15625,1.7449289e-10,1.0221035e-09
elephant_066140.npy,elephant,1,46.61400651002129,10.15625,1.8714504e-10,1.5578688e-09
elephant_066140.npy,elephant,2,55.528610003267,58.49609375,4.2871529e-10,5.9553544e-09
elephant_066140.npy,elephant,3,48.23748816892855,10.15625,2.4564706e-10,1.5462546e-09
elephant_066141.npy,elephant,1,40.36056063129211,23.73046875,3.9473505e-10,5.068642e-09
elephant_066141.npy,elephant,2,34.64559883748173,14.55078125,5.151687e-10,4.5579633e-09
elephant_066141.npy,elephant,3,33.95792496250392,10.15625,5.38118e-10,6.1130754e-09
elephant_066142.npy,elephant,1,31.180125247309196,18.06640625,3.8425236e-09,3.7441882e-08
elephant_066142.npy,elephant,2,24.762240713906387,20.41015625,6.9663253e-09,7.081775e-08
elephant_066142.npy,elephant,3,24.845190659533852,10.15625,5.63878e-09,4.9755666e-08
elephant_066143.npy,elephant,1,29.197348659714507,20.21484375,4.292669e-09,4.5186777e-08
elephant_066143.npy,elephant,2,24.893539279087033,20.3125,1.0047144e-08,1.0400536e-07
elephant_066143.npy,elephant,3,25.770384947837346,15.4296875,7.990573e-09,8.162891e-08
elephant_066144.npy,elephant,1,41.03615908206438,14.35546875,1.6832721e-10,9.422425e-10
elephant_066144.npy,elephant,2,42.61952570118938,12.79296875,1.7382666e-10,1.0221437e-09
elephant_066144.npy,elephant,3,40.73380810605913,10.15625,2.1937785e-10,1.0052269e-09
elephant_066145.npy,elephant,1,50.38232877408537,14.16015625,1.401951e-10,6.235255e-10
elephant_066145.npy,elephant,2,46.84585447433623,10.15625,1.4950081e-10,4.9825344e-10
elephant_066145.npy,elephant,3,45.04027543598826,10.15625,1.6323487e-10,1.0221026e-09
elephant_066146.npy,elephant,1,47.242473956674736,10.15625,1.8065568e-10,1.5578687e-09
elephant_066146.npy,elephant,2,55.61372772684802,60.9375,4.239136e-10,5.9553544e-09
elephant_066146.npy,elephant,3,47.883335988683115,10.15625,2.379099e-10,1.5462555e-09
elephant_066147.npy,elephant,1,37.44069596239765,23.53515625,3.6025574e-10,3.1402603e-09
elephant_066147.npy,elephant,2,31.43920215285699,15.13671875,6.137269e-10,4.5579633e-09
elephant_066147.npy,elephant,3,30.6012915961202,11.03515625,5.9251193e-10,4.7518895e-09
elephant_066148.npy,elephant,1,27.780953319796,18.45703125,5.001797e-09,3.7441882e-08
elephant_066148.npy,elephant,2,24.49642320670437,17.28515625,8.434271e-09,7.081775e-08
elephant_066148.npy,elephant,3,22.54994418870437,16.50390625,7.37454e-09,4.9755666e-08
elephant_066149.npy,elephant,1,27.85381994075581,20.21484375,5.321982e-09,4.5186777e-08
elephant_066149.npy,elephant,2,23.759902001822187,18.5546875,1.3266488e-08,1.0400536e-07
elephant_066149.npy,elephant,3,22.944932267181525,18.9453125,1.1245194e-08,8.162891e-08
elephant_066150.npy,elephant,1,41.195079840000574,14.94140625,1.482579e-10,8.139716e-10
elephant_066150.npy,elephant,2,42.91099949958823,10.15625,1.490572e-10,6.809935e-10
elephant_066150.npy,elephant,3,40.24756784135097,10.15625,1.9879347e-10,1.0004176e-09
elephant_066151.npy,elephant,1,50.407402828068626,15.33203125,1.3321591e-10,6.235255e-10
elephant_066151.npy,elephant,2,45.596763459388306,10.15625,1.4397084e-10,7.123808e-10
elephant_066151.npy,elephant,3,43.44773301226057,10.15625,1.6174023e-10,1.2664729e-09
elephant_066152.npy,elephant,1,47.30354063380628,10.15625,1.6899408e-10,1.5669586e-09
elephant_066152.npy,elephant,2,55.56961728670452,58.49609375,4.049633e-10,5.9553544e-09
elephant_066152.npy,elephant,3,47.87093913023571,10.15625,2.2511618e-10,1.5099031e-09
elephant_066153.npy,elephant,1,36.31068362635477,22.75390625,4.0313874e-10,3.1402603e-09
elephant_066153.npy,elephant,2,29.943310089298805,14.84375,7.11027e-10,4.5579633e-09
elephant_066153.npy,elephant,3,29.435439594432395,11.03515625,6.7203343e-10,4.7518895e-09
elephant_066154.npy,elephant,1,27.31876476547289,22.8515625,6.2591394e-09,3.7441882e-08
elephant_066154.npy,elephant,2,22.347977717139813,14.84375,9.948841e-09,7.081775e-08
elephant_066154.npy,elephant,3,21.567847341595943,22.265625,9.590765e-09,5.9292404e-08
elephant_066155.npy,elephant,1,27.64861986470845,20.21484375,6.2078636e-09,4.5186777e-08
elephant_066155.npy,elephant,2,23.203776771390434,18.1640625,1.5762348e-08,1.0400536e-07
elephant_066155.npy,elephant,3,23.21865718913584,18.84765625,1.3945717e-08,8.162891e-08
elephant_066156.npy,elephant,1,40.38045125794149,14.94140625,1.2445613e-10,5.6724375e-10
elephant_066156.npy,elephant,2,42.319328777565026,12.79296875,1.2785631e-10,4.9620225e-10
elephant_066156.npy,elephant,3,38.855609353002414,10.3515625,1.6242481e-10,8.5854945e-10
elephant_066157.npy,elephant,1,50.377274670816576,15.4296875,1.2436037e-10,6.235255e-10
elephant_066157.npy,elephant,2,44.3514203112757,72.265625,1.4249699e-10,1.286269e-09
elephant_066157.npy,elephant,3,42.56067938613467,10.15625,1.5065549e-10,9.49913e-10
elephant_066158.npy,elephant,1,47.61533558190921,10.25390625,1.520184e-10,1.5575108e-09
elephant_066158.npy,elephant,2,55.26131805896983,65.234375,3.8359413e-10,5.955355e-09
elephant_066158.npy,elephant,3,46.27657423540104,10.3515625,1.971066e-10,1.1030672e-09
elephant_066159.npy,elephant,1,35.107052148105126,22.8515625,4.5927287e-10,3.1402603e-09
elephant_066159.npy,elephant,2,29.35542252716143,16.40625,7.9524587e-10,4.5579633e-09
elephant_066159.npy,elephant,3,28.99375195213729,11.03515625,7.543627e-10,4.7518895e-09
elephant_066160.npy,elephant,1,26.522385294507682,22.8515625,7.537031e-09,4.3893067e-08
elephant_066160.npy,elephant,2,22.855004068277893,20.5078125,1.1388182e-08,7.081775e-08
elephant_066160.npy,elephant,3,21.598743408369632,16.40625,1.1442749e-08,5.9292404e-08
elephant_066161.npy,elephant,1,27.580300340427325,20.21484375,6.8682873e-09,4.5186777e-08
elephant_066161.npy,elephant,2,23.2507573348019,18.1640625,1.8292273e-08,1.0400536e-07
elephant_066161.npy,elephant,3,23.649869041587554,18.75,1.6624595e-08,8.2374825e-08
elephant_066162.npy,elephant,1,37.881869770055204,14.94140625,1.0855871e-10,5.385613e-10
elephant_066162.npy,elephant,2,41.30629777695217,12.890625,1.1643757e-10,4.966037e-10
elephant_066162.npy,elephant,3,37.50210777862861,15.625,1.42286e-10,9.739884e-10
elephant_066163.npy,elephant,1,49.84809103467411,75.09765625,1.1881542e-10,6.235255e-10
elephant_066163.npy,elephant,2,44.236537355446025,72.265625,1.3355106e-10,1.1797727e-09
elephant_066163.npy,elephant,3,42.85612373846309,10.3515625,1.4272483e-10,1.1011557e-09
elephant_066164.npy,elephant,1,48.28568830096563,10.25390625,1.4175955e-10,1.5575108e-09
elephant_066164.npy,elephant,2,55.49497821715268,61.5234375,3.7373757e-10,5.9367187e-09
elephant_066164.npy,elephant,3,45.177401686625956,15.625,1.829011e-10,1.0636146e-09
elephant_066165.npy,elephant,1,34.91641895339526,21.97265625,4.701742e-10,3.1402603e-09
elephant_066165.npy,elephant,2,29.215977899739006,16.40625,8.154266e-10,4.5579633e-09
elephant_066165.npy,elephant,3,28.489463523614585,11.03515625,7.83789e-10,4.7518895e-09
elephant_066166.npy,elephant,1,26.454166108185394,18.1640625,7.770237e-09,4.3893067e-08
elephant_066166.npy,elephant,2,22.40558089390052,20.5078125,1.1678994e-08,7.081775e-08
elephant_066166.npy,elephant,3,21.269750995715626,11.1328125,1.22715385e-08,5.9292404e-08
elephant_066167.npy,elephant,1,27.71892367584557,20.21484375,7.05848e-09,4.5186777e-08
elephant_066167.npy,elephant,2,23.398357863278815,18.1640625,1.8754687e-08,1.0400536e-07
elephant_066167.npy,elephant,3,22.87652946247132,18.26171875,1.7220573e-08,8.2374825e-08
elephant_066168.npy,elephant,1,37.732194082131215,14.94140625,9.2401274e-11,4.5685636e-10
elephant_066168.npy,elephant,2,41.41948941639494,12.890625,1.0552722e-10,6.544984e-10
elephant_066168.npy,elephant,3,38.56444031539983,14.94140625,1.1163863e-10,7.57548e-10
elephant_066169.npy,elephant,1,49.636644589051876,15.13671875,1.10469245e-10,6.2354527e-10
elephant_066169.npy,elephant,2,44.68858835502881,72.265625,1.215898e-10,9.970951e-10
elephant_066169.npy,elephant,3,43.336505446058524,14.94140625,1.2870044e-10,1.0404121e-09
elephant_066170.npy,elephant,1,48.476517991747684,14.94140625,1.357963e-10,1.7017743e-09
elephant_066170.npy,elephant,2,53.9388111600892,70.21484375,3.760464e-10,6.075374e-09
elephant_066170.npy,elephant,3,44.26283228935465,14.94140625,1.7298593e-10,1.1248578e-09
elephant_066171.npy,elephant,1,35.005076100069104,21.97265625,4.730046e-10,3.1402603e-09
elephant_066171.npy,elephant,2,29.18999248914743,16.40625,8.232858e-10,4.5579633e-09
elephant_066171.npy,elephant,3,28.574009776668674,11.03515625,7.869617e-10,4.7518895e-09
elephant_066172.npy,elephant,1,26.38795442488981,18.1640625,7.833769e-09,4.3893067e-08
elephant_066172.npy,elephant,2,22.407162525102848,20.5078125,1.1758325e-08,7.081775e-08
elephant_066172.npy,elephant,3,21.320331699879265,11.03515625,1.2325816e-08,5.9292404e-08
elephant_066173.npy,elephant,1,27.678051984916273,20.21484375,7.140689e-09,4.5186777e-08
elephant_066173.npy,elephant,2,23.210607318634448,16.40625,1.8922735e-08,1.0400536e-07
elephant_066173.npy,elephant,3,22.901478419964455,18.26171875,1.736581e-08,8.2374825e-08
elephant_066174.npy,elephant,1,37.63589315989861,14.94140625,7.750419e-11,3.7818204e-10
elephant_066174.npy,elephant,2,42.82269217981661,12.79296875,9.366562e-11,3.9155784e-10
elephant_066174.npy,elephant,3,39.38895546857463,14.94140625,9.686017e-11,4.9735027e-10
elephant_066175.npy,elephant,1,49.829311628790926,13.76953125,9.880415e-11,4.945673e-10
elephant_066175.npy,elephant,2,44.52815409581543,72.265625,1.07379036e-10,8.2526813e-10
elephant_066175.npy,elephant,3,42.840599349238516,13.0859375,1.1650456e-10,8.587988e-10
elephant_066176.npy,elephant,1,49.4943921239359,14.94140625,1.2597948e-10,1.7017743e-09
elephant_066176.npy,elephant,2,54.460298466843646,67.1875,3.627413e-10,6.075374e-09
elephant_066176.npy,elephant,3,43.75819066701524,14.94140625,1.6452857e-10,1.5669746e-09
elephant_066177.npy,elephant,1,35.05153444702674,21.97265625,4.748263e-10,3.1402603e-09
elephant_066177.npy,elephant,2,29.162621251562268,16.40625,8.298373e-10,4.5579633e-09
elephant_066177.npy,elephant,3,28.444754592453492,11.03515625,7.8932333e-10,4.7518895e-09
elephant_066178.npy,elephant,1,26.481157642021103,18.1640625,7.8695095e-09,4.3893067e-08
elephant_066178.npy,elephant,2,22.38756556896567,20.5078125,1.1834221e-08,7.081775e-08
elephant_066178.npy,elephant,3,21.223039828231354,11.03515625,1.2383533e-08,5.9292404e-08
elephant_066179.npy,elephant,1,27.755518841329174,20.21484375,7.1981012e-09,4.5186777e-08
elephant_066179.npy,elephant,2,23.268482472075686,16.40625,1.9030521e-08,1.0400536e-07
elephant_066179.npy,elephant,3,22.959847786004914,18.26171875,1.7367874e-08,8.2374825e-08
elephant_066180.npy,elephant,1,38.063570948415574,14.94140625,6.477626e-11,2.773968e-10
elephant_066180.npy,elephant,2,43.51476697741207,21.875,8.658608e-11,3.3535022e-10
elephant_066180.npy,elephant,3,38.65477929910566,14.94140625,9.145898e-11,4.969861e-10
elephant_066181.npy,elephant,1,49.36235347614144,14.94140625,9.2702936e-11,4.7614807e-10
elephant_066181.npy,elephant,2,45.19965801749213,13.0859375,9.786485e-11,7.7565826e-10
elephant_066181.npy,elephant,3,42.562441390557254,11.328125,1.0652515e-10,7.186547e-10
elephant_066182.npy,elephant,1,49.790988363466184,14.94140625,1.2692244e-10,1.7017743e-09
elephant_066182.npy,elephant,2,55.12881149035546,64.74609375,3.9286063e-10,6.075374e-09
elephant_066182.npy,elephant,3,43.41248502874362,14.94140625,1.5595475e-10,1.7520011e-09
elephant_066183.npy,elephant,1,35.75643883880233,22.75390625,4.7909093e-10,3.1402603e-09
elephant_066183.npy,elephant,2,29.392882608451835,16.40625,8.309586e-10,4.5579633e-09
elephant_066183.npy,elephant,3,28.88743112015201,11.03515625,7.8930107e-10,4.7518895e-09
elephant_066184.npy,elephant,1,26.504729267559558,18.1640625,7.86915e-09,4.3893067e-08
elephant_066184.npy,elephant,2,22.292027670290267,16.40625,1.1828927e-08,7.081775e-08
elephant_066184.npy,elephant,3,21.379461139989854,11.03515625,1.2385808e-08,5.9292404e-08
elephant_066185.npy,elephant,1,27.878407104866263,20.21484375,7.1941746e-09,4.5186777e-08
elephant_066185.npy,elephant,2,23.284841537809356,16.40625,1.9043236e-08,1.0400536e-07
elephant_066185.npy,elephant,3,22.979627662819883,18.26171875,1.7365325e-08,8.2374825e-08
elephant_066186.npy,elephant,1,38.26205816317037,14.94140625,6.1330364e-11,2.773968e-10
elephant_066186.npy,elephant,2,43.55964476929479,21.875,8.455734e-11,3.3535022e-10
elephant_066186.npy,elephant,3,38.01492713927412,11.328125,9.117805e-11,6.3251204e-10
elephant_066187.npy,elephant,1,49.60534670916815,39.0625,9.037895e-11,5.727829e-10
elephant_066187.npy,elephant,2,45.767497817037786,13.0859375,9.314412e-11,6.0230465e-10
elephant_066187.npy,elephant,3,42.836277523181444,14.16015625,1.0283362e-10,4.733139e-10
elephant_066188.npy,elephant,1,50.35317168098484,14.94140625,1.3234082e-10,1.7017743e-09
elephant_066188.npy,elephant,2,55.31587876928268,60.64453125,4.2885376e-10,6.075374e-09
elephant_066188.npy,elephant,3,43.69903496973283,14.94140625,1.5142787e-10,1.6038828e-09
elephant_066189.npy,elephant,1,35.75926283101665,22.75390625,4.774544e-10,3.1402603e-09
elephant_066189.npy,elephant,2,29.394391890986086,16.40625,8.2644774e-10,4.5579633e-09
elephant_066189.npy,elephant,3,28.93771992807419,11.5234375,7.845976e-10,4.7518895e-09
elephant_066190.npy,elephant,1,26.421516657433123,18.1640625,7.849718e-09,4.3893067e-08
elephant_066190.npy,elephant,2,22.23439929335183,16.40625,1.1796386e-08,7.081775e-08
elephant_066190.npy,elephant,3,21.242645415819222,11.03515625,1.235437e-08,5.9292404e-08
elephant_066191.npy,elephant,1,27.88375248581823,20.21484375,7.1604007e-09,4.5186777e-08
elephant_066191.npy,elephant,2,23.281093082560297,16.40625,1.9015033e-08,1.0400536e-07
elephant_066191.npy,elephant,3,22.973746575689866,18.26171875,1.7321536e-08,8.2374825e-08
elephant_066192.npy,elephant,1,38.71329800934443,14.35546875,5.7349334e-11,2.773968e-10
elephant_066192.npy,elephant,2,43.85593925377954,16.30859375,8.1930976e-11,3.3535022e-10
elephant_066192.npy,elephant,3,39.22486448923497,14.94140625,8.407375e-11,4.869886e-10
elephant_066193.npy,elephant,1,50.07249634488595,15.0390625,8.692624e-11,5.727829e-10
elephant_066193.npy,elephant,2,46.60458876435811,21.09375,8.748265e-11,6.0230465e-10
elephant_066193.npy,elephant,3,44.74849499925282,14.16015625,9.9017974e-11,5.475472e-10
elephant_066194.npy,elephant,1,50.71353837649462,63.671875,1.3545251e-10,1.7017743e-09
elephant_066194.npy,elephant,2,55.68188391256578,58.69140625,4.4381904e-10,6.075374e-09
elephant_066194.npy,elephant,3,45.52311549014632,14.94140625,1.3884242e-10,1.0891168e-09
elephant_066195.npy,elephant,1,36.7884782250122,21.97265625,4.9142873e-10,3.1402523e-09
elephant_066195.npy,elephant,2,30.160447329023192,16.40625,8.3552903e-10,4.557964e-09
elephant_066195.npy,elephant,3,30.40421783352313,11.03515625,8.0679413e-10,4.751825e-09
elephant_066196.npy,elephant,1,26.96321312194476,18.1640625,7.846874e-09,4.3893067e-08
elephant_066196.npy,elephant,2,22.41899941718088,16.40625,1.169067e-08,7.081775e-08
elephant_066196.npy,elephant,3,21.46719778705579,11.03515625,1.2231791e-08,5.9292404e-08
elephant_066197.npy,elephant,1,28.00066003056885,20.21484375,7.086938e-09,4.5186777e-08
elephant_066197.npy,elephant,2,23.28858719826213,16.40625,1.896788e-08,1.0400536e-07
elephant_066197.npy,elephant,3,23.016571342297908,18.75,1.7259334e-08,8.2374825e-08
elephant_066198.npy,elephant,1,40.300580042635964,15.0390625,5.7587126e-11,3.2667305e-10
elephant_066198.npy,elephant,2,44.53230758138752,21.19140625,7.916497e-11,3.7125725e-10
elephant_066198.npy,elephant,3,41.62741047305492,8.7890625,8.272764e-11,4.9965937e-10
elephant_066199.npy,elephant,1,50.30323620571621,39.0625,8.2064446e-11,5.727829e-10
elephant_066199.npy,elephant,2,46.98693746836894,16.30859375,8.255667e-11,6.0230465e-10
elephant_066199.npy,elephant,3,44.593809771846715,14.16015625,9.628669e-11,5.475472e-10
elephant_066200.npy,elephant,1,51.167106186600236,45.703125,1.2976929e-10,1.7017743e-09
elephant_066200.npy,elephant,2,55.74945098141841,58.69140625,4.2978038e-10,6.075374e-09
elephant_066200.npy,elephant,3,47.45522200051463,14.94140625,1.2572325e-10,8.433417e-10
elephant_066201.npy,elephant,1,35.37248442220317,22.94921875,4.3143095e-10,2.5463187e-09
elephant_066201.npy,elephant,2,28.710866293679754,16.40625,7.6833073e-10,4.494497e-09
elephant_066201.npy,elephant,3,29.01790962496653,11.5234375,7.427455e-10,3.574083e-09
elephant_066202.npy,elephant,1,26.712273442143463,19.53125,7.51615e-09,4.3893067e-08
elephant_066202.npy,elephant,2,22.453767648140598,16.40625,1.0815033e-08,7.043595e-08
elephant_066202.npy,elephant,3,21.43391668728291,11.03515625,1.1756824e-08,5.9292404e-08
elephant_066203.npy,elephant,1,28.36689067195884,16.40625,6.4498162e-09,4.5315883e-08
elephant_066203.npy,elephant,2,23.533945237788767,16.40625,1.7740284e-08,1.03596854e-07
elephant_066203.npy,elephant,3,23.423744060225324,18.75,1.6385632e-08,8.2374825e-08
elephant_066204.npy,elephant,1,40.64333756655186,16.40625,5.279174e-11,3.2667305e-10
elephant_066204.npy,elephant,2,46.354267741351016,16.30859375,7.081244e-11,2.9668673e-10
elephant_066204.npy,elephant,3,41.76250654562077,13.96484375,7.5524496e-11,4.9965937e-10
elephant_066205.npy,elephant,1,49.61889540765306,39.0625,7.797557e-11,5.727829e-10
elephant_066205.npy,elephant,2,47.21285906857517,21.09375,7.5663247e-11,6.0230465e-10
elephant_066205.npy,elephant,3,44.75619828603612,11.42578125,8.9060447e-11,5.475472e-10
elephant_066206.npy,elephant,1,51.302551886898556,63.671875,1.2545953e-10,1.7017743e-09
elephant_066206.npy,elephant,2,56.13539093556986,62.6953125,4.1869958e-10,6.075374e-09
elephant_066206.npy,elephant,3,48.88050070317407,11.42578125,1.1685375e-10,8.433417e-10
elephant_066207.npy,elephant,1,36.17825613245547,21.875,3.7712825e-10,2.2595288e-09
elephant_066207.npy,elephant,2,28.855148336060974,16.40625,6.576428e-10,3.6059227e-09
elephant_066207.npy,elephant,3,29.60368149499531,11.03515625,6.4043415e-10,2.9187122e-09
elephant_066208.npy,elephant,1,27.15665798200772,22.65625,6.5965384e-09,4.3893067e-08
elephant_066208.npy,elephant,2,22.980403119497943,16.40625,9.265402e-09,5.491175e-08
elephant_066208.npy,elephant,3,21.237401068321816,11.03515625,1.0768785e-08,5.9292386e-08
elephant_066209.npy,elephant,1,28.76616427204055,20.41015625,5.2751945e-09,3.7125215e-08
elephant_066209.npy,elephant,2,23.563980147796606,17.96875,1.4758439e-08,6.816272e-08
elephant_066209.npy,elephant,3,23.47487038165848,21.97265625,1.3957046e-08,8.2374825e-08
elephant_066210.npy,elephant,1,41.88410181649043,14.55078125,4.924564e-11,3.2667305e-10
elephant_066210.npy,elephant,2,47.2201066600791,15.8203125,6.7914306e-11,3.0111058e-10
elephant_066210.npy,elephant,3,43.35818634647799,12.98828125,7.048057e-11,4.9965937e-10
elephant_066211.npy,elephant,1,48.52572047956017,33.984375,7.4801734e-11,5.727829e-10
elephant_066211.npy,elephant,2,47.510225029288144,71.875,7.075802e-11,6.0230465e-10
elephant_066211.npy,elephant,3,44.873761202067605,11.42578125,8.3441906e-11,5.475472e-10
elephant_066212.npy,elephant,1,50.6837942178332,63.671875,1.2292685e-10,1.7017743e-09
elephant_066212.npy,elephant,2,56.42057772088751,62.6953125,4.13074e-10,6.075374e-09
elephant_066212.npy,elephant,3,49.80165467110312,12.98828125,1.0812133e-10,8.433417e-10
elephant_066213.npy,elephant,1,37.533787426224606,22.55859375,3.221004e-10,2.2616449e-09
elephant_066213.npy,elephant,2,30.55775685398104,18.9453125,5.249774e-10,3.1506904e-09
elephant_066213.npy,elephant,3,30.90021155500979,11.23046875,5.322272e-10,2.9187128e-09
elephant_066214.npy,elephant,1,27.470578503169712,17.87109375,5.3243627e-09,4.3856797e-08
elephant_066214.npy,elephant,2,22.857198588106154,16.40625,7.321483e-09,4.511631e-08
elephant_066214.npy,elephant,3,21.421568402092078,11.23046875,9.136543e-09,5.8248986e-08
elephant_066215.npy,elephant,1,29.01302381001793,20.21484375,4.456089e-09,3.821289e-08
elephant_066215.npy,elephant,2,24.129080524978956,16.40625,1.1488695e-08,6.8253094e-08
elephant_066215.npy,elephant,3,24.21190036817717,17.87109375,1.1772114e-08,8.2374825e-08
elephant_066216.npy,elephant,1,43.52974569667645,10.05859375,4.4707262e-11,3.2667305e-10
elephant_066216.npy,elephant,2,48.59623982764933,22.75390625,6.343081e-11,2.959615e-10
elephant_066216.npy,elephant,3,45.54367593816291,13.8671875,6.4113166e-11,4.9965937e-10
elephant_066217.npy,elephant,1,48.775249742000206,52.9296875,7.053435e-11,5.727829e-10
elephant_066217.npy,elephant,2,48.07720964550648,9.375,6.4737875e-11,6.0230465e-10
elephant_066217.npy,elephant,3,45.230074834208416,28.80859375,7.69584e-11,5.475472e-10
elephant_066218.npy,elephant,1,52.29872174912519,56.73828125,1.2348361e-10,1.7017743e-09
elephant_066218.npy,elephant,2,55.821722726846055,57.6171875,4.2732198e-10,6.0753735e-09
elephant_066218.npy,elephant,3,49.74645610159918,66.015625,1.0586096e-10,8.433417e-10
elephant_066219.npy,elephant,1,40.19639778608237,21.875,2.4264968e-10,1.9169093e-09
elephant_066219.npy,elephant,2,33.516815574492725,16.30859375,3.686847e-10,2.3496793e-09
elephant_066219.npy,elephant,3,32.852807251245856,10.83984375,4.3227505e-10,2.9267906e-09
elephant_066220.npy,elephant,1,28.62240602851977,17.87109375,3.6417513e-09,3.095019e-08
elephant_066220.npy,elephant,2,23.913388734355085,16.30859375,4.909278e-09,3.0750563e-08
elephant_066220.npy,elephant,3,22.40063074737162,11.03515625,6.047473e-09,5.278819e-08
elephant_066221.npy,elephant,1,30.375490209282013,20.21484375,3.0859968e-09,2.4049397e-08
elephant_066221.npy,elephant,2,24.40373510227657,16.40625,7.498322e-09,5.8117887e-08
elephant_066221.npy,elephant,3,23.33526275421677,19.62890625,8.673347e-09,7.9374466e-08
elephant_066222.npy,elephant,1,44.040051776200634,14.2578125,4.2719273e-11,3.2667305e-10
elephant_066222.npy,elephant,2,49.533644088545756,28.90625,6.140094e-11,2.959615e-10
elephant_066222.npy,elephant,3,46.24472218072689,9.765625,6.178412e-11,4.9965937e-10
elephant_066223.npy,elephant,1,48.82527456271482,9.66796875,6.6734375e-11,5.727829e-10
elephant_066223.npy,elephant,2,48.19275313283134,71.875,6.1592315e-11,6.0230465e-10
elephant_066223.npy,elephant,3,45.9624757414749,12.20703125,7.206508e-11,5.475472e-10
elephant_066224.npy,elephant,1,52.85938779190846,62.98828125,1.2982207e-10,1.6957713e-09
elephant_066224.npy,elephant,2,55.946173680057015,60.64453125,4.643774e-10,6.8766615e-09
elephant_066224.npy,elephant,3,50.83488364596572,66.015625,1.0641125e-10,9.857154e-10
elephant_066225.npy,elephant,1,43.45552137952485,17.08984375,2.0083508e-10,1.9169093e-09
elephant_066225.npy,elephant,2,35.83744718851868,15.4296875,2.8862213e-10,2.3496793e-09
elephant_066225.npy,elephant,3,36.35172678756847,11.1328125,3.2069725e-10,2.8118021e-09
elephant_066226.npy,elephant,1,32.49712335015605,18.06640625,2.2015274e-09,1.3001722e-08
elephant_066226.npy,elephant,2,24.783711965383894,15.625,3.547756e-09,1.5992478e-08
elephant_066226.npy,elephant,3,26.018354501439827,11.9140625,3.3311236e-09,2.6454458e-08
elephant_066227.npy,elephant,1,32.10264199437404,15.33203125,2.176535e-09,1.5715093e-08
elephant_066227.npy,elephant,2,26.38483904380388,18.06640625,4.359163e-09,2.5839459e-08
elephant_066227.npy,elephant,3,26.283493717367268,18.1640625,3.8011403e-09,2.2741425e-08
elephant_066228.npy,elephant,1,44.167175000189665,10.05859375,4.1838106e-11,3.2667305e-10
elephant_066228.npy,elephant,2,49.27306766379522,28.90625,6.030796e-11,2.959615e-10
elephant_066228.npy,elephant,3,47.38558183789904,12.109375,5.8832626e-11,4.9965937e-10
elephant_066229.npy,elephant,1,49.919121764665746,14.84375,5.998877e-11,5.727829e-10
elephant_066229.npy,elephant,2,47.82250056389668,72.55859375,5.7994484e-11,6.0230465e-10
elephant_066229.npy,elephant,3,45.55193596969794,9.27734375,7.032716e-11,5.475472e-10
elephant_066230.npy,elephant,1,51.914105733360266,61.62109375,1.260467e-10,1.6709791e-09
elephant_066230.npy,elephant,2,56.342667464589226,57.6171875,4.4115012e-10,6.8766615e-09
elephant_066230.npy,elephant,3,50.286178398372606,64.6484375,1.0495901e-10,9.857154e-10
elephant_066231.npy,elephant,1,43.88437006208189,17.3828125,1.9045943e-10,1.9169093e-09
elephant_066231.npy,elephant,2,36.779882178684964,12.6953125,2.649003e-10,2.3496793e-09
elephant_066231.npy,elephant,3,36.9831664343817,11.1328125,3.0908498e-10,2.8118021e-09
elephant_066232.npy,elephant,1,33.77262844901033,17.3828125,1.8404455e-09,1.0146354e-08
elephant_066232.npy,elephant,2,25.184758994181585,18.65234375,3.2456047e-09,1.4539858e-08
elephant_066232.npy,elephant,3,26.977205469752704,11.9140625,2.946052e-09,1.8890345e-08
elephant_066233.npy,elephant,1,32.7300009498096,14.6484375,1.7752549e-09,1.4285062e-08
elephant_066233.npy,elephant,2,27.03275676488809,19.3359375,3.3994845e-09,1.9536726e-08
elephant_066233.npy,elephant,3,26.833782238547624,12.59765625,3.072646e-09,2.1336918e-08
elephant_066234.npy,elephant,1,45.46155874637779,29.00390625,4.030542e-11,3.2667305e-10
elephant_066234.npy,elephant,2,49.28827830521407,78.02734375,6.017401e-11,2.959615e-10
elephant_066234.npy,elephant,3,47.14961923964258,13.96484375,5.9598396e-11,4.9965937e-10
elephant_066235.npy,elephant,1,50.71489864481519,37.20703125,5.651952e-11,5.727829e-10
elephant_066235.npy,elephant,2,46.742862811092195,72.55859375,5.703218e-11,6.0230465e-10
elephant_066235.npy,elephant,3,45.18036838764667,9.27734375,6.8356834e-11,5.475472e-10
elephant_066236.npy,elephant,1,51.743156061781654,57.6171875,1.2742209e-10,1.6709792e-09
elephant_066236.npy,elephant,2,56.079625150108185,57.6171875,4.512949e-10,6.8766615e-09
elephant_066236.npy,elephant,3,48.81043232370574,66.015625,1.0626735e-10,9.857154e-10
elephant_066237.npy,elephant,1,44.84163671035797,43.1640625,1.8402795e-10,1.9169093e-09
elephant_066237.npy,elephant,2,37.56573685616874,16.9921875,2.3827967e-10,2.3496793e-09
elephant_066237.npy,elephant,3,37.402590353948746,11.1328125,2.991672e-10,2.8118021e-09
elephant_066238.npy,elephant,1,35.243208224711275,14.35546875,1.567954e-09,1.0146354e-08
elephant_066238.npy,elephant,2,25.151595505193157,11.328125,2.8511031e-09,1.2663363e-08
elephant_066238.npy,elephant,3,27.390967926862462,11.42578125,2.6096993e-09,2.199086e-08
elephant_066239.npy,elephant,1,34.72052756985755,18.65234375,1.3823629e-09,8.383462e-09
elephant_066239.npy,elephant,2,28.358633801590685,16.796875,2.6562326e-09,1.411674e-08
elephant_066239.npy,elephant,3,27.21337191570225,13.0859375,2.6340274e-09,1.616318e-08
elephant_066240.npy,elephant,1,45.58535476210533,9.765625,4.0663896e-11,3.2667305e-10
elephant_066240.npy,elephant,2,49.47736189636353,22.55859375,6.0122525e-11,2.959615e-10
elephant_066240.npy,elephant,3,47.19255549689858,22.65625,6.051055e-11,4.9965937e-10
elephant_066241.npy,elephant,1,50.884781131293614,86.9140625,5.52466e-11,5.725626e-10
elephant_066241.npy,elephant,2,47.007930212608734,71.58203125,5.6077046e-11,5.991305e-10
elephant_066241.npy,elephant,3,45.05720245483277,9.47265625,6.63063e-11,5.475472e-10
elephant_066242.npy,elephant,1,51.27089390183119,58.0078125,1.2181597e-10,1.6654119e-09
elephant_066242.npy,elephant,2,55.445825625609594,53.02734375,4.254266e-10,6.8766615e-09
elephant_066242.npy,elephant,3,49.167359843112045,66.015625,1.00782556e-10,9.857154e-10
elephant_066243.npy,elephant,1,49.99429151371376,53.22265625,2.4959748e-10,3.9028394e-09
elephant_066243.npy,elephant,2,44.117352557634874,11.23046875,3.2336933e-10,5.5234723e-09
elephant_066243.npy,elephant,3,39.08947720954787,11.1328125,3.9497017e-10,5.167619e-09
elephant_066244.npy,elephant,1,38.45129288892651,14.35546875,1.7619344e-09,1.597459e-08
elephant_066244.npy,elephant,2,25.310880399746043,10.3515625,3.0565548e-09,1.5485094e-08
elephant_066244.npy,elephant,3,28.203520591437396,12.79296875,2.5937177e-09,1.8096122e-08
elephant_066245.npy,elephant,1,35.83320298560675,11.62109375,1.4285451e-09,1.3429379e-08
elephant_066245.npy,elephant,2,29.762063615177997,17.48046875,2.6461549e-09,1.411674e-08
elephant_066245.npy,elephant,3,26.99299923534285,13.0859375,2.5713724e-09,1.616318e-08
elephant_066246.npy,elephant,1,45.08706771893872,9.765625,4.1900775e-11,3.2667305e-10
elephant_066246.npy,elephant,2,49.19946928319348,22.55859375,6.003189e-11,2.959615e-10
elephant_066246.npy,elephant,3,47.21550023201333,22.65625,6.0634935e-11,4.9965937e-10
elephant_066247.npy,elephant,1,50.4737584410012,24.12109375,4.6941586e-11,3.7931142e-10
elephant_066247.npy,elephant,2,45.71718270340149,14.0625,5.0209538e-11,2.9046443e-10
elephant_066247.npy,elephant,3,44.634455641628264,9.27734375,6.0988395e-11,5.4898935e-10
elephant_066248.npy,elephant,1,51.30020013670431,53.02734375,1.1842853e-10,1.6654119e-09
elephant_066248.npy,elephant,2,56.12004731761083,57.03125,4.0660636e-10,6.8766615e-09
elephant_066248.npy,elephant,3,49.90672976414582,64.2578125,9.519604e-11,9.857154e-10
elephant_066249.npy,elephant,1,49.61710436615437,53.7109375,2.4099137e-10,3.9028394e-09
elephant_066249.npy,elephant,2,43.74558949693666,11.1328125,3.2495592e-10,5.5234723e-09
elephant_066249.npy,elephant,3,38.42821423123076,11.71875,3.9954032e-10,5.167619e-09
elephant_066250.npy,elephant,1,37.20556726295333,18.84765625,1.8553942e-09,1.597459e-08
elephant_066250.npy,elephant,2,23.911046580553197,11.03515625,3.5786099e-09,1.8956344e-08
elephant_066250.npy,elephant,3,26.477139876192773,11.42578125,2.8872431e-09,1.5678474e-08
elephant_066251.npy,elephant,1,36.00777058651679,11.23046875,1.4060222e-09,1.3429379e-08
elephant_066251.npy,elephant,2,29.429111331980142,19.04296875,2.552804e-09,1.410171e-08
elephant_066251.npy,elephant,3,25.888073327081567,13.0859375,2.825589e-09,1.6168762e-08
human_000479.npy,human,1,34.10435803433077,18.359375,2.0121314e-10,1.0811488e-09
human_000479.npy,human,2,31.461145581797403,21.6796875,1.9894449e-10,1.7442117e-09
human_000479.npy,human,3,28.328409032410853,22.0703125,3.1101258e-10,2.0139685e-09
human_002135.npy,human,1,34.91901634605199,14.84375,1.5055521e-10,8.824663e-10
human_002135.npy,human,2,38.37692664201844,18.1640625,2.0075765e-10,1.2449791e-09
human_002135.npy,human,3,31.376477717305587,14.94140625,2.3476832e-10,8.8576674e-10
human_002457.npy,human,1,32.247848483662764,12.40234375,6.746269e-10,3.94372e-09
human_002457.npy,human,2,25.06278818402808,10.83984375,1.5075393e-09,8.78041e-09
human_002457.npy,human,3,24.282345088877392,11.03515625,1.4016256e-09,6.957536e-09
human_002616.npy,human,1,26.912901260696824,18.1640625,2.5593355e-10,1.7495398e-09
human_002616.npy,human,2,32.34551900660839,19.43359375,2.5648328e-10,1.4931472e-09
human_002616.npy,human,3,29.016186593081812,20.21484375,3.0684436e-10,1.8343551e-09
human_003022.npy,human,1,33.39267897074166,14.0625,8.607416e-11,6.166581e-10
human_003022.npy,human,2,33.567721138319776,13.18359375,1.1420073e-10,6.3818084e-10
human_003022.npy,human,3,24.23799644109272,10.64453125,1.4559062e-10,7.417246e-10
human_003932.npy,human,1,35.54835432538217,37.6953125,1.8506165e-09,1.2505275e-08
human_003932.npy,human,2,38.683922913086455,39.35546875,2.0812427e-09,1.5969965e-08
human_003932.npy,human,3,34.24375016109115,31.8359375,2.7109421e-09,2.3600244e-08
human_004269.npy,human,1,39.997801235749826,19.04296875,8.4027213e-10,4.6096083e-09
human_004269.npy,human,2,38.75798123954457,19.921875,1.0545637e-09,5.3483196e-09
human_004269.npy,human,3,36.777970931745045,24.70703125,1.5795213e-09,1.0406303e-08
human_004735.npy,human,1,42.8478222691177,16.015625,2.8501415e-10,3.4759728e-09
human_004735.npy,human,2,44.01735278707617,12.5,2.921696e-10,1.0408939e-09
human_004735.npy,human,3,44.072720311903836,8.69140625,2.6869632e-10,1.1967317e-09
human_005262.npy,human,1,35.22523526205982,13.76953125,9.077716e-11,4.3081133e-10
human_005262.npy,human,2,32.63967674104704,14.74609375,9.6176525e-11,3.352078e-10
human_005262.npy,human,3,30.819673508462092,14.74609375,1.1049071e-10,3.9149986e-10
human_005461.npy,human,1,50.710309626813604,16.9921875,4.7963432e-11,2.8005914e-10
human_005461.npy,human,2,43.28566674039863,14.2578125,6.048432e-11,3.253302e-10
human_005461.npy,human,3,43.23790828298945,12.79296875,5.8651764e-11,2.990906e-10
human_005872.npy,human,1,40.74579716691714,15.33203125,5.2204813e-11,3.0429329e-10
human_005872.npy,human,2,38.39745212572513,14.35546875,5.5624602e-11,3.4732164e-10
human_005872.npy,human,3,36.619067800014044,15.625,6.2882324e-11,3.427371e-10
human_006078.npy,human,1,34.22917421609624,19.140625,3.0685618e-10,1.9433304e-09
human_006078.npy,human,2,32.50584549529621,20.99609375,2.4619767e-10,1.3094155e-09
human_006078.npy,human,3,32.984165786031575,16.69921875,2.8649236e-10,1.6824718e-09
human_006171.npy,human,1,39.382451067962265,25.87890625,1.5153172e-10,6.864854e-10
human_006171.npy,human,2,38.2380641777395,22.265625,1.7602514e-10,1.0853517e-09
human_006171.npy,human,3,35.953312482662255,17.96875,2.3714122e-10,1.8177191e-09
human_006260.npy,human,1,34.512273546282536,24.0234375,1.6621711e-10,1.3842726e-09
human_006260.npy,human,2,37.75693896456456,21.484375,1.787411e-10,9.944918e-10
human_006260.npy,human,3,31.719636480310474,27.24609375,2.550728e-10,1.6687485e-09
human_006385.npy,human,1,30.282399323466144,21.484375,1.6085365e-10,1.4513057e-09
human_006385.npy,human,2,35.19230077818699,26.5625,1.8042849e-10,1.1236192e-09
human_006385.npy,human,3,30.158470731973626,19.3359375,2.3548855e-10,1.4368542e-09
human_006583.npy,human,1,45.5951228380227,34.47265625,7.633176e-10,1.2821352e-08
human_006583.npy,human,2,37.93522885853412,19.3359375,7.7200246e-10,1.23806085e-08
human_006583.npy,human,3,35.32497226349066,25.0,8.08365e-10,1.1652685e-08
human_007704.npy,human,1,49.5790628376229,61.03515625,1.9155888e-09,2.6715918e-08
human_007704.npy,human,2,49.65482233945813,40.13671875,1.487287e-09,1.5510066e-08
human_007704.npy,human,3,47.03125262273076,49.12109375,2.8181488e-09,3.4086415e-08
human_008663.npy,human,1,51.809323394956444,50.29296875,1.3001747e-10,1.732213e-09
human_008663.npy,human,2,58.21469135030039,53.3203125,4.715768e-10,7.3117343e-09
human_008663.npy,human,3,48.9155207142954,14.453125,1.096903e-10,1.1378896e-09
human_008760.npy,human,1,37.83752630661203,18.5546875,8.652357e-11,4.8513216e-10
human_008760.npy,human,2,31.506341377937744,12.109375,1.5207571e-10,6.7973027e-10
human_008760.npy,human,3,31.957970353321688,12.20703125,1.3844288e-10,7.836096e-10
human_008880.npy,human,1,47.264230405636866,16.40625,6.3425196e-11,2.9998265e-10
human_008880.npy,human,2,39.37508174109917,12.79296875,8.6174005e-11,4.3759268e-10
human_008880.npy,human,3,39.01986004111031,12.79296875,9.099537e-11,5.7228217e-10
human_009497.npy,human,1,32.23320873993428,13.28125,8.5690434e-11,6.5009764e-10
human_009497.npy,human,2,39.719138637192465,15.4296875,1.05665136e-10,7.863955e-10
human_009497.npy,human,3,31.023501353214726,15.0390625,1.4501345e-10,1.0098462e-09
human_009502.npy,human,1,43.465618530665424,17.7734375,1.00892926e-10,7.623442e-10
human_009502.npy,human,2,41.19951773563225,15.0390625,1.0019481e-10,7.8657747e-10
human_009502.npy,human,3,35.3974117807016,15.33203125,1.3851977e-10,6.35682e-10
human_010398.npy,human,1,45.97717056381049,10.546875,5.5998307e-11,5.975926e-10
human_010398.npy,human,2,43.31491631609538,11.328125,6.179148e-11,3.8587358e-10
human_010398.npy,human,3,41.28860469422187,9.66796875,6.227293e-11,2.2899233e-10
human_010801.npy,human,1,48.523543940594244,15.0390625,1.2989598e-10,1.8779955e-09
human_010801.npy,human,2,57.0504433505852,53.90625,3.8766532e-10,7.009224e-09
human_010801.npy,human,3,43.27311381984686,13.57421875,1.4641e-10,1.1104374e-09
human_011078.npy,human,1,44.41141344491748,15.625,6.7985284e-11,3.5205863e-10
human_011078.npy,human,2,36.26607820617188,13.28125,1.0752497e-10,5.6298954e-10
human_011078.npy,human,3,33.02538275161691,10.546875,1.2888858e-10,6.262578e-10
human_012155.npy,human,1,27.65205847184257,12.20703125,9.956352e-11,4.322131e-10
human_012155.npy,human,2,35.647501227854704,11.71875,1.223378e-10,5.5606963e-10
human_012155.npy,human,3,30.248666797180462,12.890625,1.367376e-10,5.2098564e-10
human_012596.npy,human,1,44.92395246670926,37.6953125,5.0412202e-11,2.2889331e-10
human_012596.npy,human,2,42.99502566527174,18.359375,4.7001604e-11,2.0040224e-10
human_012596.npy,human,3,38.96760585853862,27.05078125,6.4817485e-11,3.4059877e-10
human_012914.npy,human,1,44.160259492435145,11.81640625,7.142571e-11,3.7972914e-10
human_012914.npy,human,2,42.27072247532034,13.76953125,7.6964025e-11,2.893777e-10
human_012914.npy,human,3,38.38652135302798,11.9140625,1.0416852e-10,4.2767387e-10
human_013463.npy,human,1,35.534109059735044,13.4765625,3.9084656e-11,2.4446478e-10
human_013463.npy,human,2,47.4714409896774,16.30859375,5.9115914e-11,3.3400985e-10
human_013463.npy,human,3,42.213619115865995,11.71875,5.3547337e-11,2.6300168e-10
human_013542.npy,human,1,53.72871865113237,12.59765625,3.96154e-11,1.358441e-10
human_013542.npy,human,2,46.47441693652365,12.5,5.442798e-11,2.5639726e-10
human_013542.npy,human,3,46.62047122334094,12.5,4.8736456e-11,2.457042e-10
human_014590.npy,human,1,33.45427396438577,14.16015625,5.5472345e-11,1.8615044e-10
human_014590.npy,human,2,42.86327107175914,14.453125,7.719842e-11,3.7496747e-10
human_014590.npy,human,3,36.12405631688155,15.234375,8.549415e-11,3.6917563e-10
human_015345.npy,human,1,34.11879132456675,18.359375,1.2739355e-10,4.581668e-10
human_015345.npy,human,2,33.66344238384643,15.72265625,1.3516165e-10,4.934583e-10
human_015345.npy,human,3,30.527255019181254,11.5234375,1.6568537e-10,5.884228e-10
human_015355.npy,human,1,38.22234700168427,36.1328125,1.1296672e-09,1.26734925e-08
human_015355.npy,human,2,28.731254464746595,17.48046875,2.975859e-09,2.1530452e-08
human_015355.npy,human,3,30.65552247230879,18.9453125,1.994071e-09,1.4403354e-08
human_015800.npy,human,1,36.178572531709264,19.140625,5.1008053e-10,2.0016153e-09
human_015800.npy,human,2,32.06567522308659,19.23828125,7.989927e-10,2.7832352e-09
human_015800.npy,human,3,29.99422811317015,15.52734375,9.506094e-10,3.2223566e-09
human_016139.npy,human,1,46.66530369702479,15.0390625,1.4243853e-10,1.8129003e-09
human_016139.npy,human,2,55.35988184164824,57.2265625,4.1300202e-10,6.9633432e-09
human_016139.npy,human,3,38.99809837421196,20.703125,1.7300647e-10,1.079673e-09
human_016514.npy,human,1,32.61537254915462,26.46484375,3.3470043e-10,3.037804e-09
human_016514.npy,human,2,28.894367925653885,15.8203125,5.2608307e-10,3.929947e-09
human_016514.npy,human,3,26.04043419680371,13.28125,6.583829e-10,4.561165e-09
human_018758.npy,human,1,44.334058230655714,12.3046875,1.0852387e-10,1.3733832e-09
human_018758.npy,human,2,38.81563227779268,14.35546875,1.5203612e-10,1.3549991e-09
human_018758.npy,human,3,36.956958751220036,12.6953125,1.3441423e-10,8.168074e-10
human_018774.npy,human,1,47.06484209862549,57.03125,1.1285842e-10,1.3733832e-09
human_018774.npy,human,2,42.536437396719165,12.3046875,1.3495467e-10,1.3549991e-09
human_018774.npy,human,3,39.133224081131765,16.015625,1.2606595e-10,5.99563e-10
human_018801.npy,human,1,41.81403635711564,17.67578125,1.8614196e-10,1.5044359e-09
human_018801.npy,human,2,53.547972234850285,79.4921875,4.0669962e-10,6.2528986e-09
human_018801.npy,human,3,37.949426025962815,19.3359375,2.4829813e-10,1.0472443e-09
human_019079.npy,human,1,30.829164435745096,15.33203125,1.0697226e-10,1.0072819e-09
human_019079.npy,human,2,36.44667303931329,15.13671875,1.440408e-10,1.2862416e-09
human_019079.npy,human,3,30.866814885833268,13.4765625,1.7553246e-10,2.0023745e-09
human_019496.npy,human,1,38.455382619978984,15.33203125,2.148646e-10,1.3739054e-09
human_019496.npy,human,2,38.04807141727013,17.578125,2.1695926e-10,1.1402155e-09
human_019496.npy,human,3,35.42003000922698,20.3125,2.899697e-10,1.8996933e-09
human_019842.npy,human,1,46.91936543475923,56.34765625,9.5355696e-11,1.4814827e-09
human_019842.npy,human,2,44.98343865043378,11.42578125,1.0887561e-10,1.2003183e-09
human_019842.npy,human,3,42.58343536443464,15.13671875,9.9706195e-11,8.041458e-10
human_020484.npy,human,1,35.66781552173018,14.6484375,2.8995276e-10,1.7758477e-09
human_020484.npy,human,2,48.80530616943862,17.3828125,4.993084e-10,7.671621e-09
human_020484.npy,human,3,31.81291039523655,14.35546875,4.0209067e-10,1.9263435e-09
human_020994.npy,human,1,44.335278864891585,16.9921875,7.002657e-11,5.0479976e-10
human_020994.npy,human,2,38.160555207463304,12.5,1.1084857e-10,4.0542006e-10
human_020994.npy,human,3,35.86938895704692,10.546875,1.10661605e-10,3.9620585e-10
human_021827.npy,human,1,44.656797551524434,25.5859375,4.9425544e-11,2.1490124e-10
human_021827.npy,human,2,48.90273671185956,25.5859375,6.657479e-11,2.4326052e-10
human_021827.npy,human,3,43.8928706121521,20.3125,6.6778874e-11,3.0444858e-10
human_022104.npy,human,1,41.446087191079684,16.015625,6.438306e-11,2.3551255e-10
human_022104.npy,human,2,38.3084671372685,15.13671875,7.22149e-11,2.9444186e-10
human_022104.npy,human,3,36.46823512773495,13.76953125,8.7257104e-11,3.6563214e-10
human_023873.npy,human,1,39.28423504833343,15.625,1.869078e-10,1.7470531e-09
human_023873.npy,human,2,53.18777194104025,67.1875,3.9091155e-10,6.1908683e-09
human_023873.npy,human,3,35.18137805463934,15.33203125,2.3019511e-10,1.7593703e-09
human_024408.npy,human,1,29.015922296778534,17.7734375,1.292137e-09,7.302791e-09
human_024408.npy,human,2,30.770563244088397,15.13671875,1.1212586e-09,4.6315725e-09
human_024408.npy,human,3,29.059527037070826,17.87109375,1.6806977e-09,8.826393e-09
human_024997.npy,human,1,41.30921214522213,15.0390625,2.778212e-11,1.5928468e-10
human_024997.npy,human,2,47.043327167851565,21.09375,5.832272e-11,4.5080228e-10
human_024997.npy,human,3,43.30801504982978,12.109375,4.818996e-11,2.1786373e-10
human_025171.npy,human,1,39.26653445532852,15.234375,2.0998085e-10,1.4472185e-09
human_025171.npy,human,2,52.773085490587,16.6015625,3.865626e-10,5.9596372e-09
human_025171.npy,human,3,33.24646656709905,18.1640625,2.784368e-10,1.023828e-09
human_025411.npy,human,1,34.48887250785865,10.05859375,4.4084385e-11,1.6622366e-10
human_025411.npy,human,2,41.59171860951359,20.60546875,7.589496e-11,4.828406e-10
human_025411.npy,human,3,38.07143669232143,10.546875,7.021778e-11,2.5520017e-10
human_025415.npy,human,1,34.456499393766464,10.05859375,4.2827e-11,1.6891803e-10
human_025415.npy,human,2,42.268732664941325,10.7421875,7.177059e-11,3.3336656e-10
human_025415.npy,human,3,38.63826819594335,10.546875,6.776093e-11,2.5520017e-10
human_026753.npy,human,1,36.21195426497527,11.81640625,4.4239248e-11,3.5371744e-10
human_026753.npy,human,2,35.0797936987458,10.64453125,8.840124e-11,3.6908182e-10
human_026753.npy,human,3,21.432431077150007,13.76953125,1.236855e-10,7.372142e-10
human_027658.npy,human,1,33.87339916608841,18.359375,1.8805937e-09,1.0298604e-08
human_027658.npy,human,2,23.291972334071897,11.03515625,3.425039e-09,1.6998383e-08
human_027658.npy,human,3,24.551448227756143,16.11328125,2.819678e-09,1.29036e-08
human_027962.npy,human,1,32.73283254307163,14.84375,3.3156797e-10,2.5018507e-09
human_027962.npy,human,2,26.878757297069633,14.84375,5.573883e-10,2.9943075e-09
human_027962.npy,human,3,28.37536680177152,14.94140625,5.9327043e-10,3.750875e-09
human_028088.npy,human,1,36.74339276719877,19.23828125,2.5228886e-10,1.3516886e-09
human_028088.npy,human,2,47.58901627001883,21.19140625,3.1776623e-10,2.0951967e-09
human_028088.npy,human,3,33.48246362886267,15.0390625,3.4787973e-10,1.8449805e-09
human_028136.npy,human,1,33.440544885016095,20.41015625,3.288775e-10,1.3505121e-09
human_028136.npy,human,2,42.192893352065326,24.90234375,3.758699e-10,2.2814008e-09
human_028136.npy,human,3,31.094407626586428,14.2578125,6.0797656e-10,3.7887005e-09
human_028200.npy,human,1,31.06181208151413,21.09375,8.190345e-11,6.1128536e-10
human_028200.npy,human,2,39.58064587304505,17.7734375,9.239868e-11,4.214946e-10
human_028200.npy,human,3,32.95868851318927,12.6953125,1.0892388e-10,5.451276e-10
human_029557.npy,human,1,33.35445743548612,20.99609375,1.1844092e-10,5.886237e-10
human_029557.npy,human,2,27.428087647338106,18.359375,2.3367025e-10,1.3943241e-09
human_029557.npy,human,3,21.352060449697557,19.23828125,3.2019168e-10,1.2828291e-09
human_029703.npy,human,1,36.78351497876084,16.89453125,7.7876906e-11,5.4354043e-10
human_029703.npy,human,2,35.31026656703365,13.0859375,7.099917e-11,3.245776e-10
human_029703.npy,human,3,31.868964092405996,14.453125,9.221075e-11,5.9112126e-10
human_029732.npy,human,1,41.298652198575745,11.328125,1.12598965e-10,6.101889e-10
human_029732.npy,human,2,55.26585943422722,87.01171875,1.9866807e-10,2.3288573e-09
human_029732.npy,human,3,36.980151386039324,14.453125,1.4485409e-10,9.386921e-10
human_029847.npy,human,1,29.410183188302746,14.2578125,1.3944198e-09,5.7147274e-09
human_029847.npy,human,2,20.66517047492885,12.59765625,3.897253e-09,1.7217578e-08
human_029847.npy,human,3,20.774725936487155,12.01171875,3.3290983e-09,1.22745645e-08
human_029849.npy,human,1,27.177203664290943,11.71875,1.3453505e-10,7.688711e-10
human_029849.npy,human,2,34.967932583362824,16.2109375,1.4738097e-10,7.931438e-10
human_029849.npy,human,3,31.104099364696395,17.28515625,1.4420339e-10,9.0771646e-10
human_029922.npy,human,1,36.97190167294629,11.1328125,1.02850194e-10,1.0736726e-09
human_029922.npy,human,2,28.338892186634435,11.03515625,2.298643e-10,1.370236e-09
human_029922.npy,human,3,33.630157779757546,12.109375,1.328155e-10,1.0678216e-09
human_030019.npy,human,1,49.587697976118385,9.765625,1.2017413e-10,1.322905e-09
human_030019.npy,human,2,55.75256649785478,71.77734375,3.8482512e-10,6.149216e-09
human_030019.npy,human,3,44.260682297409595,12.5,1.1968739e-10,8.730859e-10
human_030216.npy,human,1,39.03331831612433,12.3046875,9.31861e-11,1.5180646e-09
human_030216.npy,human,2,35.954469938949124,12.20703125,9.485938e-11,3.4642306e-10
human_030216.npy,human,3,34.23985761811897,11.1328125,1.1370149e-10,1.2395236e-09
human_030366.npy,human,1,33.10744962763768,11.42578125,8.7535257e-10,3.8510932e-09
human_030366.npy,human,2,25.865728858851178,12.5,1.6661676e-09,8.377877e-09
human_030366.npy,human,3,22.67924043494509,13.0859375,2.0631459e-09,8.789601e-09
human_030647.npy,human,1,39.69036001302231,13.96484375,1.1809628e-10,4.9615967e-10
human_030647.npy,human,2,38.153277033991955,14.453125,1.09480806e-10,3.9224954e-10
human_030647.npy,human,3,35.46016030684914,13.96484375,1.2793487e-10,6.6102274e-10
human_030656.npy,human,1,21.767316823311287,12.98828125,1.4950459e-08,1.1216881e-07
human_030656.npy,human,2,18.27777346097119,12.98828125,2.0256683e-08,7.832582e-08
human_030656.npy,human,3,17.060863075888662,10.15625,2.4316996e-08,1.1439008e-07
human_031222.npy,human,1,33.070532383647155,10.9375,8.11309e-11,4.0698236e-10
human_031222.npy,human,2,39.815145568757686,17.7734375,9.757816e-11,3.702583e-10
human_031222.npy,human,3,34.6131323921031,14.84375,1.0550157e-10,4.711824e-10
human_031454.npy,human,1,24.461898600774575,13.28125,4.430439e-09,2.3721912e-08
human_031454.npy,human,2,18.303785851547083,11.9140625,1.0376185e-08,4.6868706e-08
human_031454.npy,human,3,19.209323596725607,10.546875,7.6217255e-09,3.6694196e-08
human_031681.npy,human,1,29.82048821070176,14.84375,4.5472123e-10,2.671221e-09
human_031681.npy,human,2,22.21224362620491,14.84375,1.2133814e-09,8.600408e-09
human_031681.npy,human,3,22.291769478831004,15.8203125,1.2030449e-09,6.5451946e-09
human_031865.npy,human,1,25.673888795087034,11.81640625,1.9285051e-09,7.940881e-09
human_031865.npy,human,2,20.68804889701493,14.74609375,4.6431117e-09,2.2675895e-08
human_031865.npy,human,3,18.77832994275192,12.109375,5.5774434e-09,4.0598078e-08
human_031987.npy,human,1,39.96584571924496,15.8203125,6.769605e-11,3.0250938e-10
human_031987.npy,human,2,36.83184280753678,15.8203125,7.430546e-11,3.038947e-10
human_031987.npy,human,3,36.35667034861478,13.671875,8.040209e-11,3.0065278e-10
human_032009.npy,human,1,27.272898436514858,22.8515625,1.9781103e-09,1.04389235e-08
human_032009.npy,human,2,23.047864634863075,15.52734375,3.929954e-09,2.3290204e-08
human_032009.npy,human,3,21.70122679946985,12.79296875,4.9468913e-09,3.4622094e-08
human_032252.npy,human,1,37.380387155364446,19.140625,2.9527022e-10,2.0334745e-09
human_032252.npy,human,2,52.91563042502957,19.140625,4.9997667e-10,6.878478e-09
human_032252.npy,human,3,32.67048555659485,18.84765625,4.113759e-10,2.2762336e-09
human_033620.npy,human,1,42.43155724767786,14.16015625,8.2259866e-11,3.9200415e-10
human_033620.npy,human,2,40.5768087319957,12.79296875,7.6745686e-11,3.2955527e-10
human_033620.npy,human,3,37.05048245731935,18.5546875,9.8882666e-11,4.6552667e-10
human_033762.npy,human,1,47.408243058160394,15.91796875,9.4881394e-11,5.85691e-10
human_033762.npy,human,2,38.92555341018603,11.81640625,1.3703284e-10,7.068291e-10
human_033762.npy,human,3,38.74431922989117,12.6953125,1.3899024e-10,8.196651e-10
human_034123.npy,human,1,36.451569806869614,16.796875,8.602498e-10,3.10085e-09
human_034123.npy,human,2,30.82217673114247,11.81640625,1.4525613e-09,6.6680625e-09
human_034123.npy,human,3,29.710743625629004,14.94140625,1.4323355e-09,6.3143872e-09
human_034138.npy,human,1,44.25423573240874,12.6953125,1.0542273e-10,7.141063e-10
human_034138.npy,human,2,55.72300813116723,91.015625,2.0784809e-10,1.9943316e-09
human_034138.npy,human,3,42.39496803930797,15.4296875,1.3398527e-10,7.766139e-10
human_034663.npy,human,1,39.81002863831699,17.1875,1.1139482e-09,7.335969e-09
human_034663.npy,human,2,32.13059456930282,12.6953125,1.9402242e-09,8.506271e-09
human_034663.npy,human,3,30.438417246110067,11.42578125,1.7349463e-09,9.561465e-09
human_035506.npy,human,1,35.02030950327241,12.98828125,7.3117616e-11,3.3618175e-10
human_035506.npy,human,2,31.05268534034737,10.25390625,1.44807e-10,7.91953e-10
human_035506.npy,human,3,24.051410316551927,12.6953125,1.5797849e-10,7.3540896e-10
human_036697.npy,human,1,30.465702963682816,24.70703125,1.7891509e-09,2.7548072e-08
human_036697.npy,human,2,22.537737997830234,10.64453125,2.5875952e-09,1.0754195e-08
human_036697.npy,human,3,23.343888130114852,11.23046875,2.3437732e-09,1.31659075e-08
human_036784.npy,human,1,45.27195687770024,15.625,2.6233826e-10,2.2541706e-09
human_036784.npy,human,2,44.15915064938252,16.9921875,2.3810526e-10,2.520958e-09
human_036784.npy,human,3,40.098692875405455,21.97265625,3.3723208e-10,3.797931e-09
human_037263.npy,human,1,27.50585819895263,12.6953125,3.6343086e-09,2.374214e-08
human_037263.npy,human,2,22.2747450762221,15.91796875,7.735246e-09,3.6578296e-08
human_037263.npy,human,3,20.060995210491335,11.5234375,9.831281e-09,6.300619e-08
human_037271.npy,human,1,36.50675112270728,16.50390625,2.3048631e-10,1.4146643e-09
human_037271.npy,human,2,38.060819350613365,16.9921875,2.5899385e-10,1.3760919e-09
human_037271.npy,human,3,33.11699866973943,14.94140625,3.456939e-10,1.645982e-09
human_037381.npy,human,1,25.671480022035723,14.453125,7.438352e-09,5.752835e-08
human_037381.npy,human,2,20.568150808870694,11.81640625,1.0317129e-08,4.8541423e-08
human_037381.npy,human,3,20.438193893144682,10.9375,9.344643e-09,4.3983334e-08
human_037493.npy,human,1,34.95298642421933,26.66015625,1.0679405e-08,2.0108591e-07
human_037493.npy,human,2,30.48923017089661,12.5,5.03393e-09,5.22245e-08
human_037493.npy,human,3,29.971510017274138,26.66015625,1.2477881e-08,2.752322e-07
human_037615.npy,human,1,26.456424377247895,16.69921875,3.5649922e-10,1.9405753e-09
human_037615.npy,human,2,30.832594060582874,17.1875,3.5996062e-10,1.9345892e-09
human_037615.npy,human,3,26.644176541595,19.921875,5.0992915e-10,3.328122e-09
human_037915.npy,human,1,26.394758609212346,12.890625,3.9830209e-10,1.5650904e-09
human_037915.npy,human,2,21.4517130095591,14.35546875,8.187672e-10,3.8283536e-09
human_037915.npy,human,3,19.31818255126008,13.4765625,1.3439796e-09,9.443711e-09
human_037987.npy,human,1,22.657161972536695,13.96484375,6.3551573e-09,4.0024428e-08
human_037987.npy,human,2,22.751117961841214,12.01171875,1.2341147e-08,9.9748064e-08
human_037987.npy,human,3,18.531488512225994,12.79296875,1.0599022e-08,6.017346e-08
human_037999.npy,human,1,33.51809633913736,16.30859375,1.5619432e-10,6.183716e-10
human_037999.npy,human,2,28.631701796707635,13.57421875,2.2919734e-10,1.002901e-09
human_037999.npy,human,3,26.19212515842111,16.30859375,3.4423686e-10,1.4892244e-09
human_038201.npy,human,1,47.31512199767586,12.890625,8.389967e-11,3.151054e-10
human_038201.npy,human,2,35.1380056630848,12.890625,1.3974598e-10,5.3939414e-10
human_038201.npy,human,3,36.126995359855535,12.98828125,1.242754e-10,5.09294e-10
human_038574.npy,human,1,43.213456834304395,11.9140625,6.855736e-11,3.3672826e-10
human_038574.npy,human,2,35.31893065144944,11.9140625,1.1229178e-10,4.4981974e-10
human_038574.npy,human,3,34.76797134479289,11.42578125,1.0617527e-10,4.1783452e-10
human_040342.npy,human,1,35.20747400209523,15.234375,2.0394177e-10,9.612123e-10
human_040342.npy,human,2,47.35441094446608,22.16796875,2.2940706e-10,1.3439231e-09
human_040342.npy,human,3,33.48647491685796,13.4765625,2.8037994e-10,1.2736393e-09
human_041992.npy,human,1,32.87858722282658,11.81640625,1.02949246e-10,5.981023e-10
human_041992.npy,human,2,29.22495776643449,14.453125,1.8884745e-10,1.7232569e-09
human_041992.npy,human,3,23.135815091603593,12.3046875,1.9462011e-10,1.1962408e-09
human_042082.npy,human,1,40.55576937744938,13.18359375,6.123618e-11,3.4660827e-10
human_042082.npy,human,2,39.365966636440206,14.74609375,8.4528495e-11,3.2905997e-10
human_042082.npy,human,3,30.112188085970786,11.71875,9.124706e-11,6.049146e-10
human_042509.npy,human,1,26.095666454893617,18.75,4.73567e-09,2.1185114e-08
human_042509.npy,human,2,23.61539439575492,16.50390625,6.5137558e-09,2.7522557e-08
human_042509.npy,human,3,21.762659990576633,8.88671875,9.97517e-09,6.332021e-08
human_042617.npy,human,1,33.61103175630111,25.68359375,4.2841095e-10,2.9401335e-09
human_042617.npy,human,2,34.077499024491175,23.73046875,3.8473907e-10,2.2128392e-09
human_042617.npy,human,3,31.486642091577902,18.5546875,4.7039334e-10,4.9214886e-09
human_043014.npy,human,1,49.126790356808456,12.59765625,1.26286e-10,1.3472568e-09
human_043014.npy,human,2,57.96677489479723,65.234375,4.2031742e-10,6.0490724e-09
human_043014.npy,human,3,42.57820857348366,12.59765625,1.3254947e-10,9.906523e-10
human_044036.npy,human,1,46.4346150039689,14.94140625,4.2482514e-11,2.521706e-10
human_044036.npy,human,2,45.279482638890684,12.40234375,4.5084818e-11,2.5746724e-10
human_044036.npy,human,3,41.897556270918,14.6484375,4.9383855e-11,2.474485e-10
human_044106.npy,human,1,33.04297067029603,13.37890625,1.050571e-09,5.238508e-09
human_044106.npy,human,2,24.084279539455178,13.37890625,2.7888598e-09,1.4281713e-08
human_044106.npy,human,3,24.09733199398561,15.52734375,2.471633e-09,1.1706922e-08
human_044595.npy,human,1,43.96054908925167,14.0625,1.5277284e-10,1.5109821e-09
human_044595.npy,human,2,57.421572926781934,72.36328125,3.404915e-10,4.621298e-09
human_044595.npy,human,3,37.81769103740694,13.0859375,1.7945974e-10,1.2045757e-09
human_044747.npy,human,1,25.083711213801543,15.33203125,1.8559637e-10,7.9146234e-10
human_044747.npy,human,2,32.04509606488142,15.33203125,1.8587107e-10,8.156787e-10
human_044747.npy,human,3,26.692241559440877,12.98828125,2.1943035e-10,9.679924e-10
human_044749.npy,human,1,37.11806572079229,15.33203125,1.8352064e-10,8.6740615e-10
human_044749.npy,human,2,53.79316666241329,15.91796875,2.4169977e-10,2.4629272e-09
human_044749.npy,human,3,35.86534801095031,12.98828125,1.8110152e-10,9.696006e-10
human_044978.npy,human,1,32.221780992454285,20.21484375,9.1637746e-11,4.784962e-10
human_044978.npy,human,2,37.637015853576024,17.87109375,1.2877008e-10,7.700825e-10
human_044978.npy,human,3,30.88149245076058,16.89453125,1.4076303e-10,1.1046692e-09
human_045038.npy,human,1,36.25009798900506,12.109375,1.313536e-10,5.448463e-10
human_045038.npy,human,2,30.246014922617075,10.3515625,2.0843716e-10,7.5728274e-10
human_045038.npy,human,3,25.936790123393536,12.109375,2.6106314e-10,1.0097513e-09
human_045733.npy,human,1,52.169434450168744,83.69140625,5.4442045e-11,2.6066915e-10
human_045733.npy,human,2,50.35788582444196,12.01171875,5.5076752e-11,1.9480177e-10
human_045733.npy,human,3,49.26053277594781,15.52734375,5.4520912e-11,2.0366436e-10
human_046052.npy,human,1,34.175964298879244,15.0390625,1.0181406e-09,3.913853e-09
human_046052.npy,human,2,23.987787865617854,13.8671875,2.4223366e-09,9.3221075e-09
human_046052.npy,human,3,24.247949807948594,13.76953125,2.1594748e-09,1.05624425e-08
human_046060.npy,human,1,34.81323534358592,16.50390625,9.506937e-10,4.2696002e-09
human_046060.npy,human,2,26.970796174529216,13.76953125,2.1344677e-09,1.0944885e-08
human_046060.npy,human,3,26.441751677972597,12.79296875,1.8168297e-09,7.78652e-09
human_046324.npy,human,1,29.640759178567986,12.01171875,8.743528e-10,4.7364783e-09
human_046324.npy,human,2,20.195798902620282,13.4765625,3.0635465e-09,1.5898472e-08
human_046324.npy,human,3,20.75755696793234,11.328125,2.4725568e-09,1.3833401e-08
human_046957.npy,human,1,45.957537179222975,16.50390625,3.7686423e-11,2.653196e-10
human_046957.npy,human,2,44.69589948272103,17.48046875,3.604183e-11,2.410546e-10
human_046957.npy,human,3,40.89673407647302,14.94140625,3.9050263e-11,2.9689418e-10
human_047299.npy,human,1,36.18712692811381,20.60546875,1.15710844e-10,4.1486303e-10
human_047299.npy,human,2,34.35489533218957,20.60546875,1.5553345e-10,6.9053363e-10
human_047299.npy,human,3,31.01493550977939,21.19140625,2.332497e-10,8.395325e-10
human_047313.npy,human,1,26.515477992466526,20.01953125,3.2763472e-10,1.6244602e-09
human_047313.npy,human,2,23.225763528680478,14.74609375,5.919455e-10,2.9944975e-09
human_047313.npy,human,3,19.800304939489283,12.59765625,9.408742e-10,5.5521174e-09
human_047635.npy,human,1,30.732838933135366,16.69921875,7.645283e-11,3.334138e-10
human_047635.npy,human,2,39.25076190024089,14.2578125,9.062677e-11,3.5375367e-10
human_047635.npy,human,3,34.81052681655882,16.015625,8.905373e-11,3.7313588e-10
human_048496.npy,human,1,31.286938774499667,14.74609375,7.876903e-11,4.4066464e-10
human_048496.npy,human,2,31.078481198187262,14.453125,1.447083e-10,6.4720646e-10
human_048496.npy,human,3,21.45181829767685,12.20703125,1.5118155e-10,5.7701377e-10
human_049634.npy,human,1,33.20859260557219,13.76953125,6.630526e-10,2.507891e-09
human_049634.npy,human,2,24.739259583398713,16.796875,1.7590277e-09,7.2166606e-09
human_049634.npy,human,3,25.36763013438694,12.01171875,1.3363933e-09,4.260585e-09
human_050143.npy,human,1,33.602938989702324,5.95703125,6.1978374e-11,1.075507e-09
human_050143.npy,human,2,42.328133711507654,15.4296875,5.5732016e-11,4.5103452e-10
human_050143.npy,human,3,25.193427649087567,9.765625,7.050886e-11,4.7363163e-10
human_050232.npy,human,1,48.45990250258233,14.6484375,1.2710487e-10,1.5339234e-09
human_050232.npy,human,2,60.355028900376254,72.75390625,4.1224882e-10,5.8867125e-09
human_050232.npy,human,3,44.74674474788188,14.6484375,1.1774884e-10,1.1681952e-09
human_051058.npy,human,1,29.91441443076219,16.40625,7.442335e-09,1.0698789e-07
human_051058.npy,human,2,28.222063671628877,16.40625,1.1346345e-08,7.916952e-08
human_051058.npy,human,3,24.212216911653094,16.40625,1.8913004e-08,1.5747793e-07
human_051178.npy,human,1,30.781691561054974,10.7421875,7.556585e-10,5.3296136e-09
human_051178.npy,human,2,22.469561797901168,11.71875,2.1433806e-09,9.370074e-09
human_051178.npy,human,3,23.788901441095824,12.40234375,1.9678483e-09,7.7078965e-09
human_051227.npy,human,1,42.092798822601935,14.94140625,5.5226847e-11,2.5439947e-10
human_051227.npy,human,2,46.79970226041053,12.40234375,7.1540884e-11,3.4415304e-10
human_051227.npy,human,3,38.31955931651894,13.18359375,8.7184905e-11,1.0855623e-09
human_051555.npy,human,1,35.93046877354242,13.0859375,1.7980087e-10,8.79711e-10
human_051555.npy,human,2,43.60886520772344,20.21484375,2.7002528e-10,1.7438812e-09
human_051555.npy,human,3,32.257464547168404,16.11328125,2.6882277e-10,1.2795041e-09
human_051703.npy,human,1,36.49051644716182,14.2578125,4.6848678e-11,4.436207e-10
human_051703.npy,human,2,46.09939551321772,16.69921875,6.157455e-11,3.6370135e-10
human_051703.npy,human,3,39.3884772865267,13.671875,6.475273e-11,4.5495063e-10
human_052017.npy,human,1,48.88251990755804,13.28125,1.3557298e-10,1.3996287e-09
human_052017.npy,human,2,58.57679986770086,65.4296875,4.1014617e-10,6.253917e-09
human_052017.npy,human,3,42.974537639200456,15.0390625,1.401665e-10,1.0372087e-09
human_052330.npy,human,1,29.743092744395977,16.50390625,1.5372024e-10,8.012452e-10
human_052330.npy,human,2,25.23189352593157,16.89453125,3.1857617e-10,1.6702846e-09
human_052330.npy,human,3,19.557251724762203,12.109375,4.25937e-10,1.9481805e-09
human_052498.npy,human,1,29.72164234933824,16.40625,1.9983726e-10,9.025349e-10
human_052498.npy,human,2,33.47055683121,17.1875,2.1932607e-10,1.6067667e-09
human_052498.npy,human,3,28.85535360393032,12.890625,2.7617486e-10,1.3098299e-09
human_052509.npy,human,1,28.561124711112083,23.33984375,1.5628222e-09,9.532211e-09
human_052509.npy,human,2,22.994004366105138,15.72265625,2.8457203e-09,1.4093481e-08
human_052509.npy,human,3,21.381495103541486,11.328125,3.2707892e-09,1.628755e-08
human_052525.npy,human,1,27.298648726500616,21.09375,1.7548426e-09,9.870595e-09
human_052525.npy,human,2,22.503772713551896,15.52734375,3.2584282e-09,1.4093509e-08
human_052525.npy,human,3,20.526582928686558,10.9375,4.0611265e-09,1.628755e-08
human_052761.npy,human,1,43.65694797143209,24.51171875,6.4808975e-10,4.730984e-09
human_052761.npy,human,2,40.39178911413695,19.53125,6.412272e-10,3.900462e-09
human_052761.npy,human,3,39.86423067519382,23.828125,9.538139e-10,6.2037673e-09
human_052783.npy,human,1,38.59063640094191,15.33203125,3.5601427e-10,2.398498e-09
human_052783.npy,human,2,50.98314130908884,53.80859375,5.3096794e-10,5.949866e-09
human_052783.npy,human,3,35.408058855081244,21.875,6.187856e-10,3.0895697e-09
human_052907.npy,human,1,36.173902713811124,23.046875,2.1147767e-10,1.5925167e-09
human_052907.npy,human,2,37.711229345829864,30.859375,2.8270264e-10,1.5316044e-09
human_052907.npy,human,3,33.32969076811612,19.53125,3.1994998e-10,1.7855095e-09
human_053426.npy,human,1,31.261034667610865,18.5546875,9.421768e-10,3.5278407e-09
human_053426.npy,human,2,26.729156380518308,13.0859375,1.3027459e-09,5.6313065e-09
human_053426.npy,human,3,26.23593980558995,11.1328125,1.4182638e-09,5.2997295e-09
human_053429.npy,human,1,40.78190010449218,14.84375,1.432467e-10,7.8369067e-10
human_053429.npy,human,2,39.35974837531477,18.1640625,1.543975e-10,6.0747113e-10
human_053429.npy,human,3,35.773297620383254,25.29296875,2.034018e-10,1.0112219e-09
human_053526.npy,human,1,38.014457449633824,15.8203125,2.5409486e-10,1.7282097e-09
human_053526.npy,human,2,52.63143681653786,75.0,4.847004e-10,6.548062e-09
human_053526.npy,human,3,34.174832930110824,23.92578125,3.3703276e-10,1.5258979e-09
human_054010.npy,human,1,37.99424372973999,23.14453125,1.4969835e-09,2.4400297e-08
human_054010.npy,human,2,38.79549905214841,29.39453125,1.93072e-09,2.9405644e-08
human_054010.npy,human,3,34.22569406153641,23.53515625,1.4908184e-09,1.0436061e-08
human_054027.npy,human,1,24.358962289807707,15.0390625,2.239392e-09,1.741938e-08
human_054027.npy,human,2,22.0868153026879,11.23046875,2.9341218e-09,2.4358803e-08
human_054027.npy,human,3,20.635614008630792,11.328125,4.3768567e-09,3.217446e-08
human_055080.npy,human,1,32.94304829270711,27.05078125,5.0138826e-10,2.417551e-09
human_055080.npy,human,2,39.413218481224405,28.3203125,5.88162e-10,2.9779579e-09
human_055080.npy,human,3,32.965621491512096,19.23828125,6.6878475e-10,5.755664e-09
human_055112.npy,human,1,36.30792259067163,14.55078125,7.9569634e-10,2.795523e-09
human_055112.npy,human,2,28.301080263326078,12.98828125,1.4525604e-09,4.8948694e-09
human_055112.npy,human,3,27.54808008961812,10.15625,1.3999644e-09,5.541699e-09
human_055392.npy,human,1,33.484745150618885,13.57421875,8.614773e-10,6.399212e-09
human_055392.npy,human,2,25.03852393265622,12.01171875,1.8369416e-09,1.2454917e-08
human_055392.npy,human,3,23.370677014838922,11.5234375,2.0229634e-09,1.298457e-08
human_055724.npy,human,1,31.427658714954905,4.78515625,1.1376185e-10,5.395085e-10
human_055724.npy,human,2,37.923647854334696,12.59765625,1.2214707e-10,5.212562e-10
human_055724.npy,human,3,30.232862601320225,13.37890625,1.6192385e-10,7.5693485e-10
human_055745.npy,human,1,31.958939971418204,4.78515625,1.4754208e-10,6.536575e-10
human_055745.npy,human,2,29.74196414254543,10.64453125,1.8048392e-10,9.652896e-10
human_055745.npy,human,3,22.05679364124128,4.78515625,2.3373706e-10,9.485799e-10
human_055763.npy,human,1,29.05708845352773,4.78515625,1.347385e-10,6.5365696e-10
human_055763.npy,human,2,28.162203144002472,10.64453125,1.7927305e-10,9.652903e-10
human_055763.npy,human,3,20.49827017280364,4.78515625,2.304773e-10,9.485885e-10
human_056132.npy,human,1,37.23155236583069,23.53515625,6.7699674e-10,2.5539342e-09
human_056132.npy,human,2,31.305544742949763,11.328125,8.848181e-10,3.6119605e-09
human_056132.npy,human,3,29.826001586497057,12.40234375,9.386876e-10,4.462401e-09
human_056316.npy,human,1,33.91120821311301,19.62890625,1.0719513e-09,1.0536575e-08
human_056316.npy,human,2,38.330984312169036,19.04296875,1.2050824e-09,1.6206897e-08
human_056316.npy,human,3,32.93384789500453,23.4375,1.2854614e-09,1.04238636e-08
human_057212.npy,human,1,38.512402101017656,19.7265625,1.5317533e-09,1.506793e-08
human_057212.npy,human,2,27.585472714619986,10.64453125,2.791413e-09,1.814828e-08
human_057212.npy,human,3,27.20591371243002,10.64453125,2.8801155e-09,1.4186363e-08
human_057299.npy,human,1,35.80677574058348,11.71875,5.6396077e-10,2.5495384e-09
human_057299.npy,human,2,25.570592224287367,16.89453125,1.5511117e-09,8.287062e-09
human_057299.npy,human,3,26.658225962654125,11.03515625,1.2958488e-09,5.0422995e-09
human_057358.npy,human,1,41.04353828980062,14.84375,4.07956e-10,1.6118742e-09
human_057358.npy,human,2,37.86427904682437,13.28125,5.006637e-10,1.8239786e-09
human_057358.npy,human,3,35.430895539860735,14.84375,5.321738e-10,2.225248e-09
human_057416.npy,human,1,30.3815594171839,15.33203125,7.9372384e-11,3.7023026e-10
human_057416.npy,human,2,38.990476025236894,21.6796875,1.0743094e-10,5.508899e-10
human_057416.npy,human,3,32.383597721664636,14.35546875,1.0265576e-10,5.395592e-10
human_057424.npy,human,1,50.78589430733111,11.03515625,1.0867069e-10,1.2096212e-09
human_057424.npy,human,2,58.8558243192243,65.234375,3.3590075e-10,5.0356546e-09
human_057424.npy,human,3,44.76479338689737,14.35546875,1.0671985e-10,7.938202e-10
human_060088.npy,human,1,29.802923286517654,20.21484375,2.2685595e-10,1.3823901e-09
human_060088.npy,human,2,34.929402441053774,22.8515625,2.3039545e-10,1.5947099e-09
human_060088.npy,human,3,30.414381925833492,17.08984375,2.6580543e-10,1.6687741e-09
human_060476.npy,human,1,50.89414473673849,11.62109375,1.4410612e-10,1.3877242e-09
human_060476.npy,human,2,58.323538941505326,11.62109375,3.8024642e-10,5.5213074e-09
human_060476.npy,human,3,51.645637116194386,16.2109375,1.974174e-10,9.2829755e-10
human_060828.npy,human,1,27.20496917579631,16.015625,4.369174e-09,2.7563653e-08
human_060828.npy,human,2,21.22785143540571,12.20703125,6.1276864e-09,3.627361e-08
human_060828.npy,human,3,20.984978168768546,9.9609375,7.476907e-09,3.651303e-08
human_061267.npy,human,1,25.268990505266867,16.796875,3.8459155e-10,2.3755253e-09
human_061267.npy,human,2,27.190000086589617,22.265625,3.5818684e-10,2.4499234e-09
human_061267.npy,human,3,23.33402114906123,12.109375,4.5888965e-10,2.9114273e-09
human_062266.npy,human,1,50.29778487310361,12.20703125,1.3039461e-10,1.8011149e-09
human_062266.npy,human,2,58.96272363714362,70.1171875,4.417893e-10,6.6532015e-09
human_062266.npy,human,3,41.077846179533765,13.4765625,1.5330151e-10,1.3713991e-09
human_062486.npy,human,1,36.3951331033555,15.13671875,1.6903036e-10,9.198021e-10
human_062486.npy,human,2,36.20324206982406,17.1875,2.1509441e-10,1.3388018e-09
human_062486.npy,human,3,35.27782919048422,13.671875,2.1803624e-10,1.0384996e-09
human_062716.npy,human,1,26.952026218274707,13.28125,1.364605e-09,6.98314e-09
human_062716.npy,human,2,19.1054875804603,15.234375,4.913349e-09,2.3308944e-08
human_062716.npy,human,3,17.40152992779405,13.28125,4.810743e-09,2.3783814e-08
human_063732.npy,human,1,47.75179239105507,15.33203125,1.506709e-10,1.849753e-09
human_063732.npy,human,2,57.13475874126312,64.453125,4.698105e-10,7.57895e-09
human_063732.npy,human,3,43.716502349442784,15.8203125,1.797764e-10,1.0620803e-09
human_067206.npy,human,1,33.136249193501726,16.89453125,3.7017792e-10,1.8442002e-09
human_067206.npy,human,2,27.44575071505282,15.8203125,7.440407e-10,4.3662616e-09
human_067206.npy,human,3,27.765152897527383,14.84375,6.18876e-10,3.5566654e-09
human_067388.npy,human,1,33.86924182098779,17.67578125,2.5123742e-10,1.3845153e-09
human_067388.npy,human,2,29.962763003778438,17.87109375,3.9220208e-10,2.4785767e-09
human_067388.npy,human,3,28.453924266499232,14.55078125,4.3511386e-10,2.4310842e-09
human_067662.npy,human,1,40.90212875362717,15.234375,1.797138e-10,1.1354626e-09
human_067662.npy,human,2,35.10136468538475,17.67578125,2.780181e-10,1.25428e-09
human_067662.npy,human,3,33.63861058594511,21.38671875,3.1598524e-10,2.2007236e-09
human_068393.npy,human,1,37.651195568592065,25.48828125,6.46771e-10,2.815328e-09
human_068393.npy,human,2,30.460876207991795,11.5234375,9.640516e-10,3.6478036e-09
human_068393.npy,human,3,31.71565901417613,11.1328125,8.6245816e-10,3.1013283e-09
human_070009.npy,human,1,31.995949149599184,22.4609375,7.859306e-10,4.279421e-09
human_070009.npy,human,2,34.412622035308445,14.0625,6.773939e-10,4.080394e-09
human_070009.npy,human,3,30.552504618600874,13.96484375,9.442497e-10,5.5042477e-09
human_070286.npy,human,1,27.405870122127702,19.43359375,1.2925963e-09,7.695669e-09
human_070286.npy,human,2,29.067749596239345,22.265625,1.9254995e-09,1.0819215e-08
human_070286.npy,human,3,27.307817863700436,22.265625,1.8490278e-09,9.791598e-09
bovid_001092.npy,bovid,1,28.532304518064226,16.30859375,3.6309053e-10,2.4624836e-09
bovid_001092.npy,bovid,2,27.759807564717523,16.30859375,4.3561585e-10,2.7411802e-09
bovid_001092.npy,bovid,3,26.807233988733984,15.8203125,4.61635e-10,2.837342e-09
bovid_001097.npy,bovid,1,27.012517695734036,16.796875,6.2304584e-10,4.8370454e-09
bovid_001097.npy,bovid,2,30.559541921652432,19.62890625,5.4691e-10,4.1948756e-09
bovid_001097.npy,bovid,3,26.024355212755815,16.2109375,9.392476e-10,7.0575745e-09
bovid_001129.npy,bovid,1,38.62122416760573,15.8203125,1.4634132e-09,5.8174106e-09
bovid_001129.npy,bovid,2,26.884697650477094,11.5234375,2.2153583e-09,1.0890032e-08
bovid_001129.npy,bovid,3,28.576558487388976,11.5234375,1.995355e-09,8.886614e-09
bovid_001176.npy,bovid,1,28.97028355929808,18.26171875,1.1457191e-09,5.2656772e-09
bovid_001176.npy,bovid,2,30.57282417771236,16.69921875,1.4067212e-09,4.828518e-09
bovid_001176.npy,bovid,3,26.668539087418477,13.0859375,1.3723435e-09,4.7908393e-09
bovid_001192.npy,bovid,1,29.624473422305762,17.1875,1.0758703e-09,3.984627e-09
bovid_001192.npy,bovid,2,31.23154085146626,22.4609375,1.359887e-09,4.8165947e-09
bovid_001192.npy,bovid,3,27.29090763554009,12.59765625,1.3691563e-09,4.7908393e-09
bovid_002246.npy,bovid,1,29.248922354635248,14.94140625,1.3902152e-10,1.0557357e-09
bovid_002246.npy,bovid,2,25.29557103079151,14.0625,3.037826e-10,1.4420728e-09
bovid_002246.npy,bovid,3,19.61991737458928,11.5234375,4.0381598e-10,2.2578932e-09
bovid_002274.npy,bovid,1,27.472999374277343,13.8671875,1.514925e-10,8.15144e-10
bovid_002274.npy,bovid,2,25.970571675817947,15.52734375,2.5472072e-10,2.0167201e-09
bovid_002274.npy,bovid,3,20.714624510287432,12.109375,3.028217e-10,1.537281e-09
bovid_002295.npy,bovid,1,27.760693601465363,11.42578125,1.7802199e-09,1.2981514e-08
bovid_002295.npy,bovid,2,20.76998692999041,10.546875,3.9151855e-09,2.9587778e-08
bovid_002295.npy,bovid,3,19.97561928637495,14.6484375,4.605689e-09,2.8423242e-08
bovid_004417.npy,bovid,1,37.43030525738939,19.7265625,1.857237e-10,1.1383097e-09
bovid_004417.npy,bovid,2,38.47915157803316,25.0,1.6268924e-10,1.0668323e-09
bovid_004417.npy,bovid,3,35.32785915793167,22.94921875,2.1488768e-10,1.4224106e-09
bovid_004419.npy,bovid,1,29.628406211889626,19.7265625,3.1841313e-10,2.3222386e-09
bovid_004419.npy,bovid,2,34.09419763321136,27.44140625,3.407086e-10,2.0597928e-09
bovid_004419.npy,bovid,3,31.157198627487247,18.75,3.1479996e-10,2.727702e-09
bovid_013364.npy,bovid,1,32.79785423833816,29.39453125,1.1114509e-10,7.7364376e-10
bovid_013364.npy,bovid,2,34.0061942893389,16.6015625,1.280167e-10,6.630296e-10
bovid_013364.npy,bovid,3,26.653294164089086,13.76953125,1.702633e-10,1.1491946e-09
bovid_013424.npy,bovid,1,29.954547701078088,23.92578125,2.5442412e-10,1.3880167e-09
bovid_013424.npy,bovid,2,26.891529350982808,15.625,3.8161557e-10,2.234038e-09
bovid_013424.npy,bovid,3,24.722017252746728,23.92578125,4.0005352e-10,1.9283395e-09
bovid_013438.npy,bovid,1,29.937429721643966,15.625,3.826997e-09,1.9935397e-08
bovid_013438.npy,bovid,2,26.236286971796236,19.921875,9.0262064e-09,5.5715763e-08
bovid_013438.npy,bovid,3,23.846839595789643,24.8046875,9.538349e-09,5.0129444e-08
bovid_014320.npy,bovid,1,35.63215412288704,14.35546875,4.203633e-11,1.617626e-10
bovid_014320.npy,bovid,2,46.0537158632323,14.55078125,6.311498e-11,2.6752436e-10
bovid_014320.npy,bovid,3,39.31993545479142,14.55078125,6.54565e-11,2.6342456e-10
bovid_014337.npy,bovid,1,42.17829968412837,14.6484375,4.4315787e-11,2.3786773e-10
bovid_014337.npy,bovid,2,39.83346133288987,14.6484375,4.8865818e-11,2.7104805e-10
bovid_014337.npy,bovid,3,35.833075284576665,16.6015625,5.987964e-11,3.202792e-10
bovid_014434.npy,bovid,1,50.46582115472267,39.74609375,1.3051152e-10,9.86102e-10
bovid_014434.npy,bovid,2,50.55463086293727,34.765625,1.4417766e-10,1.495592e-09
bovid_014434.npy,bovid,3,47.17283001493012,39.74609375,2.0666659e-10,1.917067e-09
bovid_014450.npy,bovid,1,45.81233649260162,89.35546875,5.144739e-11,6.766381e-10
bovid_014450.npy,bovid,2,49.196837195207046,11.328125,4.261889e-11,1.4734187e-10
bovid_014450.npy,bovid,3,47.668301266477904,36.23046875,4.2223308e-11,1.7794402e-10
bovid_014466.npy,bovid,1,30.285235474249287,18.5546875,1.0194767e-09,4.8778537e-09
bovid_014466.npy,bovid,2,25.806042416550024,12.79296875,1.6119958e-09,9.887421e-09
bovid_014466.npy,bovid,3,22.532330991642194,12.890625,2.4205828e-09,1.6348753e-08
bovid_016859.npy,bovid,1,32.001522749067455,19.7265625,6.2388064e-09,6.5047395e-08
bovid_016859.npy,bovid,2,33.232202921735336,31.73828125,7.0916735e-09,7.509566e-08
bovid_016859.npy,bovid,3,31.18676844425348,21.09375,1.0125034e-08,1.14737034e-07
bovid_016869.npy,bovid,1,28.375561235899916,17.96875,3.222127e-09,2.3701078e-08
bovid_016869.npy,bovid,2,31.22878225701525,23.92578125,3.5071166e-09,3.7863618e-08
bovid_016869.npy,bovid,3,28.115737690952255,19.140625,4.6764335e-09,4.12951e-08
bovid_016900.npy,bovid,1,32.642698199026036,24.90234375,4.9687623e-09,6.170781e-08
bovid_016900.npy,bovid,2,33.2231782345783,25.68359375,4.920685e-09,5.285409e-08
bovid_016900.npy,bovid,3,32.13836022560105,24.90234375,8.339894e-09,1.0747424e-07
bovid_016901.npy,bovid,1,32.60143815047764,24.90234375,4.852515e-09,6.170781e-08
bovid_016901.npy,bovid,2,33.11559747497826,25.68359375,4.8577897e-09,5.285409e-08
bovid_016901.npy,bovid,3,32.068293305436484,24.90234375,8.165751e-09,1.0747424e-07
bovid_016906.npy,bovid,1,31.499157862879965,16.89453125,2.7744205e-09,3.8198483e-08
bovid_016906.npy,bovid,2,33.33354332846493,18.84765625,2.0548288e-09,1.8343874e-08
bovid_016906.npy,bovid,3,30.680614849646176,18.359375,4.5287227e-09,4.794935e-08
bovid_016929.npy,bovid,1,34.10730694751281,20.3125,5.525693e-09,6.026979e-08
bovid_016929.npy,bovid,2,35.10623462805774,27.5390625,5.8408705e-09,4.7291703e-08
bovid_016929.npy,bovid,3,34.45954148752833,31.15234375,8.791116e-09,1.1859139e-07
bovid_016944.npy,bovid,1,28.685825524073888,24.609375,4.9739697e-09,4.1393847e-08
bovid_016944.npy,bovid,2,28.32281804252951,19.140625,5.237368e-09,4.4544247e-08
bovid_016944.npy,bovid,3,28.240309139705538,23.828125,7.183398e-09,6.861127e-08
bovid_016951.npy,bovid,1,28.282902383207993,20.80078125,4.922493e-09,2.7284592e-08
bovid_016951.npy,bovid,2,28.369693664467245,16.89453125,5.1187072e-09,2.1425004e-08
bovid_016951.npy,bovid,3,28.317319890529888,23.2421875,6.647549e-09,4.8954153e-08
bovid_016976.npy,bovid,1,31.363777141840075,22.16796875,8.198837e-09,6.170374e-08
bovid_016976.npy,bovid,2,32.44179895597526,27.1484375,8.659699e-09,6.333957e-08
bovid_016976.npy,bovid,3,31.57408950630194,22.16796875,1.00367865e-08,6.515333e-08
bovid_016977.npy,bovid,1,31.251955123036826,22.65625,7.790736e-09,6.170374e-08
bovid_016977.npy,bovid,2,32.35548015605662,25.68359375,8.446925e-09,6.333957e-08
bovid_016977.npy,bovid,3,31.229418990215397,22.16796875,9.253147e-09,6.255412e-08
bovid_016988.npy,bovid,1,30.886615843578667,21.2890625,3.83544e-09,2.7942155e-08
bovid_016988.npy,bovid,2,31.354099150685833,18.65234375,4.586913e-09,4.1670145e-08
bovid_016988.npy,bovid,3,30.216138948923,21.6796875,6.939032e-09,7.1225244e-08
bovid_017030.npy,bovid,1,32.44507091969404,19.7265625,5.029301e-09,6.7548974e-08
bovid_017030.npy,bovid,2,34.65925185830336,24.31640625,4.96427e-09,5.3926804e-08
bovid_017030.npy,bovid,3,32.07040765715791,18.359375,5.829602e-09,3.739832e-08
bovid_018147.npy,bovid,1,32.98985539874627,25.0,4.4676257e-10,2.663291e-09
bovid_018147.npy,bovid,2,32.02035966610628,17.96875,5.0513144e-10,3.5059613e-09
bovid_018147.npy,bovid,3,28.855970218153736,17.7734375,7.6779827e-10,6.5513674e-09
bovid_018173.npy,bovid,1,31.717162699669988,23.2421875,6.3497496e-10,3.547191e-09
bovid_018173.npy,bovid,2,30.740957100281776,19.62890625,6.561678e-10,3.5059613e-09
bovid_018173.npy,bovid,3,28.182240433764523,19.53125,1.0226295e-09,6.5513674e-09
bovid_018189.npy,bovid,1,30.937875854718847,13.4765625,9.7518195e-11,5.2315946e-10
bovid_018189.npy,bovid,2,29.599187640440707,11.9140625,1.7081285e-10,7.331947e-10
bovid_018189.npy,bovid,3,23.16099815954853,13.671875,1.8188098e-10,7.258584e-10
bovid_018190.npy,bovid,1,28.238170985940183,12.890625,1.498539e-09,7.459313e-09
bovid_018190.npy,bovid,2,21.73927592770572,11.9140625,3.436973e-09,1.5975541e-08
bovid_018190.npy,bovid,3,21.392041842204044,13.4765625,3.0170726e-09,1.4632247e-08
bovid_018214.npy,bovid,1,40.224481724983775,15.91796875,4.1941933e-10,4.079281e-09
bovid_018214.npy,bovid,2,49.948520932726375,59.66796875,6.402127e-10,7.947581e-09
bovid_018214.npy,bovid,3,37.8842642811722,16.40625,7.366647e-10,9.643491e-09
bovid_023206.npy,bovid,1,50.48259345530127,36.81640625,1.2778924e-10,1.3597204e-09
bovid_023206.npy,bovid,2,39.26287347649807,29.296875,3.64125e-10,3.3949172e-09
bovid_023206.npy,bovid,3,36.9256625248946,29.296875,5.2174126e-10,4.5614454e-09
bovid_023221.npy,bovid,1,51.650706632582214,40.0390625,2.4529406e-10,1.8673951e-09
bovid_023221.npy,bovid,2,41.41867652326225,37.01171875,7.22137e-10,6.689616e-09
bovid_023221.npy,bovid,3,41.5799790325366,42.96875,6.2829203e-10,4.672864e-09
bovid_023226.npy,bovid,1,53.21913674786507,40.8203125,1.2657561e-10,1.0835421e-09
bovid_023226.npy,bovid,2,42.12091361327169,40.8203125,4.0822665e-10,4.3921857e-09
bovid_023226.npy,bovid,3,41.72672227878534,33.30078125,2.9793712e-10,2.2295743e-09
bovid_023312.npy,bovid,1,42.99698812905887,10.25390625,3.038595e-10,2.5939484e-09
bovid_023312.npy,bovid,2,34.23171436138113,10.25390625,5.756513e-10,2.704136e-09
bovid_023312.npy,bovid,3,34.67400307069728,11.23046875,5.2811194e-10,2.1081266e-09
bovid_023350.npy,bovid,1,27.794124158982523,15.52734375,1.5898e-09,8.3964125e-09
bovid_023350.npy,bovid,2,22.23698178030081,16.015625,3.8397103e-09,1.906174e-08
bovid_023350.npy,bovid,3,21.913439611032455,16.30859375,4.303182e-09,1.9117422e-08
bovid_023380.npy,bovid,1,27.425654552479863,19.23828125,1.8432084e-09,9.188259e-09
bovid_023380.npy,bovid,2,21.915903542454135,17.28515625,4.9753446e-09,3.0655496e-08
bovid_023380.npy,bovid,3,21.68592438867729,16.40625,4.8735367e-09,2.500206e-08
bovid_023391.npy,bovid,1,25.308224004235072,16.69921875,2.3314495e-09,9.2725205e-09
bovid_023391.npy,bovid,2,19.754192365468416,11.328125,5.1528835e-09,2.4517165e-08
bovid_023391.npy,bovid,3,20.733851479616042,16.6015625,4.374608e-09,2.105526e-08
bovid_023444.npy,bovid,1,29.273939089114993,17.96875,1.06187066e-10,7.013995e-10
bovid_023444.npy,bovid,2,28.760525563440357,19.23828125,1.8917465e-10,9.0555613e-10
bovid_023444.npy,bovid,3,23.012359023686848,14.2578125,1.9686022e-10,9.0747027e-10
bovid_023456.npy,bovid,1,29.919983370824202,15.91796875,1.0186161e-10,6.6851097e-10
bovid_023456.npy,bovid,2,28.72657766263276,19.140625,1.9050746e-10,1.3870571e-09
bovid_023456.npy,bovid,3,22.404998202477273,14.2578125,1.877843e-10,9.331173e-10
bovid_023480.npy,bovid,1,30.254554913058815,16.9921875,9.874284e-11,6.6851097e-10
bovid_023480.npy,bovid,2,27.85492102364642,15.4296875,2.1217683e-10,1.3870571e-09
bovid_023480.npy,bovid,3,21.656846203299093,14.35546875,2.0945062e-10,1.0316319e-09
bovid_023561.npy,bovid,1,35.60635538423174,14.2578125,4.0115113e-11,4.184939e-10
bovid_023561.npy,bovid,2,49.022947924236284,14.74609375,5.7173953e-11,3.5566608e-10
bovid_023561.npy,bovid,3,46.317389443136236,14.6484375,4.340899e-11,1.6193616e-10
bovid_023562.npy,bovid,1,49.89736965694398,14.2578125,4.8063283e-11,2.5776636e-10
bovid_023562.npy,bovid,2,45.40882625764375,14.74609375,5.3938586e-11,3.2193245e-10
bovid_023562.npy,bovid,3,46.94445291442576,15.0390625,5.169951e-11,2.6066913e-10
bovid_023589.npy,bovid,1,27.274871815275713,15.234375,4.959434e-09,2.2381235e-08
bovid_023589.npy,bovid,2,22.14151765077132,14.0625,6.423136e-09,2.308171e-08
bovid_023589.npy,bovid,3,23.183849716718886,14.0625,5.411684e-09,2.2102924e-08
bovid_023601.npy,bovid,1,26.7597345162865,17.48046875,4.9723616e-09,2.4423363e-08
bovid_023601.npy,bovid,2,21.87871613450706,11.23046875,6.7383743e-09,3.1661994e-08
bovid_023601.npy,bovid,3,22.515927074314572,12.890625,5.3195564e-09,2.2102924e-08
bovid_023617.npy,bovid,1,53.35122331172309,14.0625,1.0081501e-10,2.1000053e-09
bovid_023617.npy,bovid,2,57.629434669174636,70.21484375,3.8084122e-10,7.931165e-09
bovid_023617.npy,bovid,3,52.99147014692243,69.23828125,7.6175004e-11,1.0883728e-09
bovid_023625.npy,bovid,1,26.344888417024066,16.11328125,4.902756e-09,2.4423363e-08
bovid_023625.npy,bovid,2,21.906552968325567,12.20703125,7.120129e-09,3.1661994e-08
bovid_023625.npy,bovid,3,22.171696447343553,12.20703125,5.3183555e-09,2.2102924e-08
bovid_023635.npy,bovid,1,52.439212754796245,49.4140625,9.4472506e-11,1.4638486e-09
bovid_023635.npy,bovid,2,58.532649518028855,53.41796875,3.338035e-10,5.159059e-09
bovid_023635.npy,bovid,3,54.28303240773434,15.625,6.9600686e-11,7.801097e-10
bovid_023661.npy,bovid,1,25.93197840736519,16.015625,4.70226e-09,2.6275217e-08
bovid_023661.npy,bovid,2,21.967197211146463,12.98828125,7.181753e-09,2.8944621e-08
bovid_023661.npy,bovid,3,21.56513758884672,12.20703125,6.1670495e-09,3.793261e-08
bovid_023666.npy,bovid,1,28.542666224949798,16.30859375,1.8493902e-10,8.8401825e-10
bovid_023666.npy,bovid,2,25.35741372364668,19.23828125,5.071522e-10,2.8137201e-09
bovid_023666.npy,bovid,3,21.70501078955809,14.94140625,5.686428e-10,3.2394318e-09
bovid_023688.npy,bovid,1,49.89308734169976,12.20703125,3.626057e-11,2.5582197e-10
bovid_023688.npy,bovid,2,46.73802476605598,13.28125,3.4719286e-11,1.4719688e-10
bovid_023688.npy,bovid,3,46.131175176766035,11.81640625,4.0726863e-11,1.8119928e-10
bovid_023697.npy,bovid,1,26.50345209281345,20.60546875,4.249992e-09,2.4488624e-08
bovid_023697.npy,bovid,2,21.90479193882678,20.60546875,9.274648e-09,6.2930155e-08
bovid_023697.npy,bovid,3,22.83769289363982,20.703125,7.3968014e-09,3.2722443e-08
bovid_023702.npy,bovid,1,31.169238512519243,23.73046875,3.039851e-10,1.9060675e-09
bovid_023702.npy,bovid,2,26.35005074532714,15.0390625,5.6466676e-10,4.1380708e-09
bovid_023702.npy,bovid,3,23.855374729526446,19.62890625,6.4458183e-10,3.240815e-09
bovid_023717.npy,bovid,1,36.205843034786035,12.79296875,3.481498e-11,4.4517093e-10
bovid_023717.npy,bovid,2,50.64631309613955,20.3125,5.074637e-11,2.6986002e-10
bovid_023717.npy,bovid,3,45.00667004408741,14.55078125,4.2647615e-11,3.7145761e-10
bovid_023732.npy,bovid,1,30.41766879322718,24.70703125,3.4035433e-10,1.76961e-09
bovid_023732.npy,bovid,2,26.93054531483863,20.99609375,5.55137e-10,4.1380708e-09
bovid_023732.npy,bovid,3,24.95518627488037,19.53125,6.512755e-10,3.240815e-09
bovid_024145.npy,bovid,1,56.99235794120319,64.94140625,1.946539e-10,2.3199103e-09
bovid_024145.npy,bovid,2,52.39242507008279,41.50390625,3.1572514e-10,2.6279794e-09
bovid_024145.npy,bovid,3,48.42038538943489,43.75,3.6799974e-10,4.191605e-09
bovid_024178.npy,bovid,1,61.33514188175423,66.50390625,6.199313e-11,3.3944494e-10
bovid_024178.npy,bovid,2,52.33857334271809,10.9375,6.522724e-11,4.5733087e-10
bovid_024178.npy,bovid,3,52.40376837893763,48.53515625,9.360146e-11,6.1499317e-10
bovid_025669.npy,bovid,1,56.66492501927427,65.72265625,4.2747722e-10,6.9162582e-09
bovid_025669.npy,bovid,2,44.03759195539571,43.26171875,7.068353e-10,6.073666e-09
bovid_025669.npy,bovid,3,39.5773372748759,15.33203125,6.8289585e-10,4.528341e-09
bovid_025676.npy,bovid,1,47.819412558743274,47.265625,8.3526913e-10,6.816005e-09
bovid_025676.npy,bovid,2,38.558224242734504,34.66796875,2.9976042e-09,3.591286e-08
bovid_025676.npy,bovid,3,37.906772499642074,35.7421875,4.426043e-09,5.02336e-08
bovid_042110.npy,bovid,1,45.000068763450074,8.3984375,9.64062e-11,1.2378332e-09
bovid_042110.npy,bovid,2,46.079400150939996,21.38671875,6.464805e-11,6.94997e-10
bovid_042110.npy,bovid,3,46.23958373104079,14.0625,7.315902e-11,8.674385e-10
bovid_042139.npy,bovid,1,36.35306855995348,13.18359375,4.4667964e-11,1.6710584e-10
bovid_042139.npy,bovid,2,46.89574487061203,21.2890625,6.546415e-11,3.0959285e-10
bovid_042139.npy,bovid,3,39.48213947238747,14.0625,6.875533e-11,2.4873717e-10
bovid_042237.npy,bovid,1,52.027196021551624,15.33203125,1.1825908e-10,1.7185361e-09
bovid_042237.npy,bovid,2,59.39101106441939,66.69921875,4.1237688e-10,7.2095574e-09
bovid_042237.npy,bovid,3,51.97641884796293,16.2109375,1.0298722e-10,1.0806572e-09
bovid_042264.npy,bovid,1,31.43237010650545,28.41796875,1.0109348e-09,8.859699e-09
bovid_042264.npy,bovid,2,25.98983015671006,15.4296875,1.8010444e-09,1.3181223e-08
bovid_042264.npy,bovid,3,25.38454645030604,17.1875,2.2603852e-09,1.8313402e-08
bovid_043222.npy,bovid,1,46.38683509494847,13.37890625,4.2708902e-11,1.9030479e-10
bovid_043222.npy,bovid,2,44.10448261600739,12.890625,4.4020246e-11,1.5445172e-10
bovid_043222.npy,bovid,3,42.06807840782822,13.28125,4.799097e-11,2.028409e-10
bovid_043247.npy,bovid,1,49.80026934032961,56.640625,1.2045562e-10,1.5000694e-09
bovid_043247.npy,bovid,2,56.39727520564756,58.984375,4.0621617e-10,6.4559487e-09
bovid_043247.npy,bovid,3,48.986689978495114,13.4765625,1.0410544e-10,9.2073105e-10
bovid_043268.npy,bovid,1,35.451936567829854,28.90625,8.432729e-09,4.360292e-08
bovid_043268.npy,bovid,2,31.042434134681265,15.234375,1.5638568e-08,8.753273e-08
bovid_043268.npy,bovid,3,30.441644668955963,17.96875,1.37117855e-08,7.4526625e-08
bovid_043285.npy,bovid,1,28.120069175808332,16.6015625,6.4251626e-09,4.9399766e-08
bovid_043285.npy,bovid,2,21.827978586535572,12.890625,1.2464183e-08,1.0596145e-07
bovid_043285.npy,bovid,3,23.946572216818584,9.1796875,8.355623e-09,4.2192575e-08
bovid_043298.npy,bovid,1,36.2988956609395,29.00390625,8.1230525e-09,3.786937e-08
bovid_043298.npy,bovid,2,33.111424638220655,23.046875,1.385576e-08,7.403232e-08
bovid_043298.npy,bovid,3,31.597511317038474,24.0234375,1.2685653e-08,5.9056784e-08
bovid_043307.npy,bovid,1,55.94410536490713,62.98828125,1.154258e-10,1.3436168e-09
bovid_043307.npy,bovid,2,62.15119403888422,58.984375,4.3288292e-10,6.0561822e-09
bovid_043307.npy,bovid,3,51.9694140058428,15.0390625,9.9103975e-11,9.658085e-10
bovid_043364.npy,bovid,1,33.04392555748531,27.24609375,5.5652345e-09,2.9009788e-08
bovid_043364.npy,bovid,2,31.72867812299374,23.33984375,7.827695e-09,4.0400018e-08
bovid_043364.npy,bovid,3,29.5558428930425,19.921875,8.17444e-09,3.5437186e-08
bovid_043418.npy,bovid,1,27.874446948328742,23.92578125,3.8864982e-09,1.6664007e-08
bovid_043418.npy,bovid,2,25.64636456092007,17.578125,6.277128e-09,2.7253028e-08
bovid_043418.npy,bovid,3,24.293718966391545,16.69921875,9.140573e-09,4.0357385e-08
bovid_043445.npy,bovid,1,51.65713402843661,60.7421875,1.385235e-10,1.9034807e-09
bovid_043445.npy,bovid,2,58.76756242076559,67.7734375,4.8779386e-10,7.06474e-09
bovid_043445.npy,bovid,3,51.02559014971808,14.6484375,1.07672926e-10,1.0224314e-09
bovid_043459.npy,bovid,1,24.442185669662162,13.57421875,4.3461443e-09,1.5792331e-08
bovid_043459.npy,bovid,2,20.363268615677324,13.76953125,8.234778e-09,3.080641e-08
bovid_043459.npy,bovid,3,19.87615442301318,14.0625,9.17545e-09,3.4237374e-08
bovid_043536.npy,bovid,1,26.11658319352447,18.9453125,2.8763672e-10,1.0593549e-09
bovid_043536.npy,bovid,2,24.45699914594667,20.41015625,4.5712756e-10,1.6132018e-09
bovid_043536.npy,bovid,3,20.58198252145138,13.57421875,5.8887256e-10,3.0539886e-09
bovid_045433.npy,bovid,1,45.8514285890449,12.79296875,1.118093e-10,4.406667e-10
bovid_045433.npy,bovid,2,41.772347729898016,15.13671875,1.2073344e-10,4.488082e-10
bovid_045433.npy,bovid,3,41.301564816275025,12.98828125,1.2796778e-10,6.0076677e-10
bovid_045440.npy,bovid,1,44.44440181926879,13.4765625,1.3014421e-10,1.0210531e-09
bovid_045440.npy,bovid,2,55.9773824611584,65.52734375,2.7320762e-10,5.18649e-09
bovid_045440.npy,bovid,3,43.63843651909297,13.37890625,1.7790795e-10,8.555271e-10
bovid_045456.npy,bovid,1,35.423799579375086,14.2578125,7.057309e-11,2.645561e-10
bovid_045456.npy,bovid,2,40.158942272076565,22.265625,1.0056108e-10,3.5255332e-10
bovid_045456.npy,bovid,3,37.1414497683271,12.79296875,9.5306235e-11,2.9797462e-10
bovid_045468.npy,bovid,1,35.02932657921536,14.2578125,6.78223e-11,3.8858808e-10
bovid_045468.npy,bovid,2,41.02696331064859,22.265625,9.4701996e-11,3.5255332e-10
bovid_045468.npy,bovid,3,37.66279755030083,13.4765625,8.97148e-11,2.902996e-10
bovid_045470.npy,bovid,1,46.84746443120059,14.94140625,1.0644656e-10,7.580253e-10
bovid_045470.npy,bovid,2,57.477642046770335,90.0390625,2.4185431e-10,2.5450104e-09
bovid_045470.npy,bovid,3,44.52477137394288,15.8203125,1.4696791e-10,6.6725053e-10
bovid_045492.npy,bovid,1,35.490036767509864,14.0625,6.292597e-11,2.645561e-10
bovid_045492.npy,bovid,2,42.86492650345546,18.45703125,8.4442044e-11,2.9936814e-10
bovid_045492.npy,bovid,3,38.00372878788585,14.94140625,8.4515256e-11,2.8703023e-10
bovid_045496.npy,bovid,1,31.250411163790076,20.60546875,1.5136525e-09,1.1746808e-08
bovid_045496.npy,bovid,2,22.768269820622177,11.71875,3.0938745e-09,1.700156e-08
bovid_045496.npy,bovid,3,23.010748003610907,12.890625,3.4726777e-09,2.1908257e-08
bovid_045548.npy,bovid,1,49.80714049437688,49.12109375,1.2741476e-10,1.5814721e-09
bovid_045548.npy,bovid,2,58.04290134398992,63.8671875,4.1815196e-10,6.0679084e-09
bovid_045548.npy,bovid,3,45.13696460569067,12.59765625,1.2288923e-10,8.6622015e-10
bovid_045594.npy,bovid,1,34.895814692419066,24.90234375,6.6484507e-10,7.721377e-09
bovid_045594.npy,bovid,2,41.44537635410541,15.8203125,6.9692285e-10,5.5453064e-09
bovid_045594.npy,bovid,3,31.10785905419552,21.09375,1.9938196e-09,2.5485917e-08
bovid_045610.npy,bovid,1,34.70611592740162,24.90234375,7.646439e-10,7.721377e-09
bovid_045610.npy,bovid,2,40.475459679256474,32.51953125,8.2081736e-10,9.240271e-09
bovid_045610.npy,bovid,3,31.15231765538742,23.92578125,2.180474e-09,2.5485917e-08
bovid_045627.npy,bovid,1,36.83066908000703,13.28125,6.629153e-10,2.3858395e-09
bovid_045627.npy,bovid,2,28.314316575400174,13.671875,1.2227058e-09,5.088139e-09
bovid_045627.npy,bovid,3,27.8084937533159,9.27734375,1.212916e-09,6.299532e-09
bovid_047196.npy,bovid,1,42.64605170351598,14.35546875,2.3228251e-11,1.4256411e-10
bovid_047196.npy,bovid,2,55.35361734612831,14.35546875,4.5031597e-11,2.0216934e-10
bovid_047196.npy,bovid,3,50.30466530303638,14.453125,3.2944616e-11,1.4819944e-10
bovid_047237.npy,bovid,1,27.234415165018135,16.69921875,2.6044387e-09,2.6024235e-08
bovid_047237.npy,bovid,2,21.636648611903023,15.4296875,7.854534e-09,4.8408893e-08
bovid_047237.npy,bovid,3,21.258337248641,14.74609375,6.9443495e-09,5.3522182e-08
bovid_048159.npy,bovid,1,30.32705388471212,16.796875,3.3720754e-10,1.5904529e-09
bovid_048159.npy,bovid,2,25.196568119778686,14.84375,5.351183e-10,3.0740048e-09
bovid_048159.npy,bovid,3,24.122303933644094,12.79296875,6.3940975e-10,3.4314127e-09
bovid_048218.npy,bovid,1,34.62450724958541,13.76953125,3.5224607e-10,3.3608762e-09
bovid_048218.npy,bovid,2,44.78023435549883,19.62890625,5.3572646e-10,6.1602075e-09
bovid_048218.npy,bovid,3,31.651279085236173,24.8046875,6.989987e-10,6.642347e-09
bovid_048244.npy,bovid,1,34.92686395077042,27.05078125,7.9581e-09,4.767407e-08
bovid_048244.npy,bovid,2,27.473729903901503,10.64453125,8.118326e-09,3.7244856e-08
bovid_048244.npy,bovid,3,28.208792127580026,14.84375,8.467326e-09,5.70432e-08
bovid_048248.npy,bovid,1,36.79020986197105,12.98828125,2.7796412e-10,3.3608762e-09
bovid_048248.npy,bovid,2,47.31701509370107,32.03125,4.4570028e-10,6.1602075e-09
bovid_048248.npy,bovid,3,32.4761586489923,24.70703125,5.9448696e-10,6.642347e-09
bovid_057762.npy,bovid,1,42.67327530160455,24.0234375,1.5894305e-10,1.7419918e-09
bovid_057762.npy,bovid,2,42.04577854616718,24.0234375,1.5675479e-10,9.008291e-10
bovid_057762.npy,bovid,3,40.59706285581284,26.3671875,1.9252494e-10,1.8120525e-09
bovid_057784.npy,bovid,1,25.24152023511595,20.3125,2.7714748e-09,1.8957628e-08
bovid_057784.npy,bovid,2,20.700398625892205,15.13671875,4.8892925e-09,2.3771928e-08
bovid_057784.npy,bovid,3,20.158722573706786,15.234375,5.8808762e-09,4.3302364e-08
bovid_057814.npy,bovid,1,24.50086470303654,12.98828125,3.0538032e-09,1.8957628e-08
bovid_057814.npy,bovid,2,20.089043515492886,14.453125,5.912817e-09,2.3771928e-08
bovid_057814.npy,bovid,3,19.920896203021595,15.0390625,6.6883756e-09,4.3302364e-08
bovid_057885.npy,bovid,1,29.879427883328116,14.35546875,1.0846761e-10,4.814871e-10
bovid_057885.npy,bovid,2,30.146005942704477,21.6796875,1.8257584e-10,1.0571188e-09
bovid_057885.npy,bovid,3,22.325688323834655,18.1640625,2.8018127e-10,1.3458163e-09
bovid_057897.npy,bovid,1,31.610937643535824,14.35546875,9.702813e-11,4.5518792e-10
bovid_057897.npy,bovid,2,30.981860403728756,21.6796875,1.6296538e-10,1.0571188e-09
bovid_057897.npy,bovid,3,22.616681017174358,15.33203125,2.5226213e-10,1.3458621e-09
bovid_058381.npy,bovid,1,39.02243519488177,33.7890625,3.6319622e-10,8.106585e-09
bovid_058381.npy,bovid,2,34.17834078039139,15.52734375,2.917484e-10,5.9511627e-09
bovid_058381.npy,bovid,3,31.741203057313985,15.33203125,4.461364e-10,1.0436385e-08
bovid_059471.npy,bovid,1,39.7276987989474,23.53515625,3.9239204e-10,2.0884765e-09
bovid_059471.npy,bovid,2,31.017928730976973,11.62109375,7.870793e-10,4.083432e-09
bovid_059471.npy,bovid,3,31.76321096002514,10.44921875,7.1782236e-10,3.3626744e-09
bovid_059496.npy,bovid,1,29.20439339325049,20.80078125,1.3599966e-10,9.984473e-10
bovid_059496.npy,bovid,2,37.38542044408907,25.390625,1.3070547e-10,8.4833424e-10
bovid_059496.npy,bovid,3,29.6989027675743,19.921875,2.0465585e-10,1.859782e-09
bovid_059514.npy,bovid,1,38.69463859084444,15.4296875,6.327968e-11,3.7755865e-10
bovid_059514.npy,bovid,2,45.0317030193852,17.3828125,7.5490246e-11,4.083041e-10
bovid_059514.npy,bovid,3,40.30448933506002,15.4296875,7.5427005e-11,3.790983e-10
bovid_059589.npy,bovid,1,29.507182947490687,13.4765625,1.1618447e-09,5.987496e-09
bovid_059589.npy,bovid,2,23.333368932360944,11.42578125,2.4079907e-09,1.6187178e-08
bovid_059589.npy,bovid,3,23.19109438398511,13.4765625,2.2546947e-09,1.192559e-08
bovid_059678.npy,bovid,1,45.330068585224886,17.08984375,5.4574394e-11,6.735223e-10
bovid_059678.npy,bovid,2,45.625528120545916,12.20703125,5.4784285e-11,4.0121498e-10
bovid_059678.npy,bovid,3,44.64788607565511,11.62109375,5.7444147e-11,2.0878275e-10
bovid_059684.npy,bovid,1,52.68266374289438,14.16015625,1.1827654e-10,1.5744293e-09
bovid_059684.npy,bovid,2,58.56330291815996,65.625,3.833056e-10,6.345026e-09
bovid_059684.npy,bovid,3,51.67882192923464,14.16015625,9.682734e-11,8.3523927e-10
bovid_059735.npy,bovid,1,39.12869173239842,16.11328125,6.462208e-11,3.122258e-10
bovid_059735.npy,bovid,2,38.22656835045317,19.140625,9.641689e-11,6.73897e-10
bovid_059735.npy,bovid,3,29.887472408744227,14.16015625,9.897753e-11,5.6424365e-10
bovid_059740.npy,bovid,1,52.595205090996856,67.28515625,1.11618235e-10,1.4958542e-09
bovid_059740.npy,bovid,2,59.91480428838628,74.31640625,3.9830264e-10,5.7434995e-09
bovid_059740.npy,bovid,3,51.43990227404971,14.16015625,9.720175e-11,9.926023e-10
bovid_059773.npy,bovid,1,41.474861409663895,13.76953125,3.4835863e-11,1.3044467e-10
bovid_059773.npy,bovid,2,49.741559786174356,16.40625,5.612788e-11,1.9373445e-10
bovid_059773.npy,bovid,3,42.20532349948549,14.2578125,5.7256516e-11,2.711557e-10
bovid_059779.npy,bovid,1,40.96175229678282,24.8046875,4.7838544e-10,3.5064551e-09
bovid_059779.npy,bovid,2,36.98731068138987,20.41015625,5.61989e-10,2.408081e-09
bovid_059779.npy,bovid,3,35.878886655708264,13.57421875,6.202364e-10,2.496314e-09
bovid_059786.npy,bovid,1,37.611729211000224,13.8671875,3.0189615e-10,1.5226106e-09
bovid_059786.npy,bovid,2,52.472289382803325,15.234375,5.4934013e-10,6.527379e-09
bovid_059786.npy,bovid,3,32.00201818552287,12.890625,4.5094709e-10,3.315773e-09
bovid_059788.npy,bovid,1,26.506481417394784,16.50390625,3.8432643e-10,2.2618565e-09
bovid_059788.npy,bovid,2,30.264586785876805,25.78125,4.278465e-10,2.411737e-09
bovid_059788.npy,bovid,3,24.980347958414637,18.06640625,5.987511e-10,3.9419747e-09
bovid_059812.npy,bovid,1,26.724127864558056,13.96484375,3.4143113e-10,2.2618565e-09
bovid_059812.npy,bovid,2,33.331136143001025,24.0234375,2.718848e-10,1.560932e-09
bovid_059812.npy,bovid,3,27.678568183946442,13.96484375,3.4072936e-10,2.1436362e-09
bovid_059851.npy,bovid,1,46.51833680124048,14.35546875,8.0909654e-11,5.1181004e-10
bovid_059851.npy,bovid,2,43.73357690477379,20.21484375,8.463123e-11,4.55009e-10
bovid_059851.npy,bovid,3,46.13487071746061,65.625,1.11703626e-10,6.046224e-10
bovid_059879.npy,bovid,1,26.311870321880754,19.82421875,2.744774e-09,1.6524309e-08
bovid_059879.npy,bovid,2,22.273341612488476,16.2109375,4.3247628e-09,1.8448256e-08
bovid_059879.npy,bovid,3,21.245468434558344,16.40625,7.820076e-09,4.4319748e-08
bovid_059895.npy,bovid,1,28.50780931182179,14.94140625,1.6450766e-10,8.593301e-10
bovid_059895.npy,bovid,2,27.574202309301935,19.82421875,3.075815e-10,1.4424159e-09
bovid_059895.npy,bovid,3,21.7032059943178,13.37890625,4.217028e-10,1.9467705e-09
bovid_059926.npy,bovid,1,26.7266037633885,12.01171875,2.0598683e-09,1.4043923e-08
bovid_059926.npy,bovid,2,20.916404939753285,11.81640625,4.584384e-09,1.9234072e-08
bovid_059926.npy,bovid,3,20.489158222797343,14.55078125,4.769898e-09,2.3907994e-08
bovid_066575.npy,bovid,1,45.854473899305546,39.74609375,2.2031776e-10,1.4426997e-09
bovid_066575.npy,bovid,2,36.63269223486857,30.95703125,7.1741046e-10,5.064899e-09
bovid_066575.npy,bovid,3,34.08953671700628,32.2265625,8.8222557e-10,5.805694e-09
bovid_068189.npy,bovid,1,31.133158683103368,13.4765625,2.5001035e-10,1.5533129e-09
bovid_068189.npy,bovid,2,34.671642302547504,13.8671875,2.9574784e-10,1.7580848e-09
bovid_068189.npy,bovid,3,27.97115723862244,17.67578125,4.9125976e-10,3.154958e-09
bovid_068201.npy,bovid,1,32.303583829706014,22.265625,4.1160872e-10,4.1783204e-09
bovid_068201.npy,bovid,2,34.54436266380934,25.9765625,5.548066e-10,5.752171e-09
bovid_068201.npy,bovid,3,28.883625962927784,20.41015625,6.4072786e-10,7.8891045e-09
bovid_068245.npy,bovid,1,30.184055177312228,20.80078125,1.7735485e-10,1.6126891e-09
bovid_068245.npy,bovid,2,28.667056773161136,16.40625,2.0718875e-10,1.6816039e-09
bovid_068245.npy,bovid,3,26.416838529651343,16.40625,2.4102084e-10,2.063439e-09
bovid_068259.npy,bovid,1,25.551744137694566,18.5546875,2.4724187e-10,1.7162545e-09
bovid_068259.npy,bovid,2,32.4888066301312,14.55078125,2.2496444e-10,1.6355208e-09
bovid_068259.npy,bovid,3,25.63076022782278,20.41015625,4.3662804e-10,4.1810826e-09
bovid_068277.npy,bovid,1,25.22787741627366,16.89453125,2.5241662e-10,2.4803861e-09
bovid_068277.npy,bovid,2,32.08418953987892,15.72265625,2.1873803e-10,1.0908551e-09
bovid_068277.npy,bovid,3,26.14748001769092,19.43359375,3.293361e-10,2.027729e-09
bovid_068282.npy,bovid,1,37.764588945300645,18.45703125,4.132697e-10,1.7924218e-09
bovid_068282.npy,bovid,2,30.391100833483712,9.86328125,7.829342e-10,3.2544758e-09
bovid_068282.npy,bovid,3,31.435510811507264,11.23046875,6.6311917e-10,2.5090032e-09
bovid_068629.npy,bovid,1,52.10683542969952,41.69921875,2.7936262e-10,1.911807e-09
bovid_068629.npy,bovid,2,41.39765735290231,33.7890625,9.65973e-10,1.0163762e-08
bovid_068629.npy,bovid,3,39.39659366561032,35.15625,9.595331e-10,7.264079e-09
bovid_068645.npy,bovid,1,33.82883209764956,16.69921875,6.871325e-11,3.789831e-10
bovid_068645.npy,bovid,2,37.16710568421472,18.5546875,8.691512e-11,3.9999445e-10
bovid_068645.npy,bovid,3,24.310625353836326,18.06640625,1.2400875e-10,6.293073e-10
bovid_068668.npy,bovid,1,45.99874733675865,6.93359375,4.160031e-11,4.415886e-10
bovid_068668.npy,bovid,2,47.559896254713266,68.359375,3.600087e-11,2.6726882e-10
bovid_068668.npy,bovid,3,44.33688549056033,42.48046875,4.337209e-11,3.4888006e-10
bovid_068700.npy,bovid,1,45.16424559831814,13.4765625,4.518011e-11,2.0263524e-10
bovid_068700.npy,bovid,2,41.40592812369118,15.33203125,4.4670507e-11,3.293239e-10
bovid_068700.npy,bovid,3,40.46966952731658,15.13671875,5.2531018e-11,1.958829e-10
bovid_068815.npy,bovid,1,28.9669364853734,26.953125,4.5085885e-10,2.3911007e-09
bovid_068815.npy,bovid,2,28.9098713431269,25.0,5.626193e-10,2.9846792e-09
bovid_068815.npy,bovid,3,26.363850096929625,25.0,8.2334106e-10,4.051228e-09
bovid_068856.npy,bovid,1,31.125500231933547,14.74609375,8.5255206e-11,4.7192217e-10
bovid_068856.npy,bovid,2,32.615594208004204,15.52734375,1.1982335e-10,7.158285e-10
bovid_068856.npy,bovid,3,24.023135063318104,11.81640625,1.3926106e-10,7.1781603e-10
bovid_068888.npy,bovid,1,24.930277501118802,16.9921875,3.5822287e-10,1.9639734e-09
bovid_068888.npy,bovid,2,29.17856357330885,20.60546875,3.936649e-10,3.6342993e-09
bovid_068888.npy,bovid,3,27.503573570914405,17.3828125,3.9710032e-10,3.0405056e-09
bovid_068904.npy,bovid,1,27.773563058580013,18.75,1.7790075e-10,8.02866e-10
bovid_068904.npy,bovid,2,32.97840946663695,23.4375,2.1166775e-10,1.404325e-09
bovid_068904.npy,bovid,3,28.662592593226275,18.75,2.469691e-10,1.5948631e-09
bovid_068935.npy,bovid,1,29.696763536418985,14.74609375,1.5150596e-10,1.3292868e-09
bovid_068935.npy,bovid,2,30.192533714797335,17.3828125,1.260597e-10,1.1098106e-09
bovid_068935.npy,bovid,3,29.668629248370625,14.55078125,1.2348107e-10,8.612782e-10
bovid_068943.npy,bovid,1,34.96406891217915,15.72265625,9.0203116e-11,5.5677196e-10
bovid_068943.npy,bovid,2,34.74279079534801,17.578125,8.368921e-11,5.4747723e-10
bovid_068943.npy,bovid,3,31.54650983163089,13.8671875,1.01070596e-10,5.638173e-10
bovid_068956.npy,bovid,1,24.736802082354625,16.796875,3.2756262e-10,2.3714486e-09
bovid_068956.npy,bovid,2,28.772668439961258,16.015625,3.745853e-10,2.4095252e-09
bovid_068956.npy,bovid,3,24.146488845439116,16.89453125,5.413704e-10,4.974316e-09
bovid_068971.npy,bovid,1,31.05418878640783,14.35546875,1.3782632e-10,6.349609e-10
bovid_068971.npy,bovid,2,29.72379514295488,17.3828125,1.4346703e-10,6.9989226e-10
bovid_068971.npy,bovid,3,29.56104905793745,17.08984375,1.3972289e-10,7.467367e-10
bovid_068989.npy,bovid,1,34.44119960011915,14.6484375,9.833605e-11,5.5892335e-10
bovid_068989.npy,bovid,2,33.517677352284174,14.6484375,1.01129626e-10,4.8615856e-10
bovid_068989.npy,bovid,3,31.189332147998073,15.52734375,1.2543193e-10,7.1573775e-10
bovid_069119.npy,bovid,1,34.360942411892474,17.08984375,1.3387928e-10,6.4539957e-10
bovid_069119.npy,bovid,2,32.906796482255984,17.28515625,1.4557834e-10,6.6750216e-10
bovid_069119.npy,bovid,3,32.0813290107513,18.1640625,1.6246872e-10,1.3034133e-09
bovid_069151.npy,bovid,1,33.17168229470827,19.7265625,4.600069e-10,2.3083104e-09
bovid_069151.npy,bovid,2,35.11335796834776,26.3671875,5.144997e-10,3.7439123e-09
bovid_069151.npy,bovid,3,32.24165012356502,23.2421875,6.789913e-10,5.0846927e-09
bovid_069154.npy,bovid,1,33.020063394217104,19.04296875,4.517464e-10,2.3083104e-09
bovid_069154.npy,bovid,2,35.63164493822724,26.3671875,5.038994e-10,3.7439123e-09
bovid_069154.npy,bovid,3,32.06477932219588,17.578125,6.807403e-10,5.0846927e-09
bovid_069167.npy,bovid,1,33.98927417072057,20.5078125,4.153634e-10,3.4491239e-09
bovid_069167.npy,bovid,2,35.23548904797764,24.4140625,3.8645065e-10,2.7659772e-09
bovid_069167.npy,bovid,3,32.457166186814156,16.50390625,4.1366713e-10,2.872936e-09
bovid_069169.npy,bovid,1,34.33950222272661,20.703125,5.188215e-10,3.6967824e-09
bovid_069169.npy,bovid,2,37.32777775122214,23.92578125,6.3911393e-10,4.1911585e-09
bovid_069169.npy,bovid,3,34.72475275315623,18.359375,6.887826e-10,6.718878e-09
bovid_069182.npy,bovid,1,34.7506941577722,18.9453125,3.7293363e-10,3.4491239e-09
bovid_069182.npy,bovid,2,35.85968051320225,24.4140625,3.4980305e-10,2.9115221e-09
bovid_069182.npy,bovid,3,34.01481633101364,17.08984375,3.5326625e-10,2.391609e-09
bovid_069201.npy,bovid,1,29.766513961665463,25.78125,1.1034283e-09,8.233555e-09
bovid_069201.npy,bovid,2,21.717350781778347,12.40234375,2.8486333e-09,2.1947242e-08
bovid_069201.npy,bovid,3,22.014214230545548,12.20703125,2.64251e-09,2.1011617e-08
bovid_069220.npy,bovid,1,32.69950492802283,12.6953125,6.666591e-11,3.3040798e-10
bovid_069220.npy,bovid,2,31.36033121261632,16.015625,1.3389606e-10,1.1520103e-09
bovid_069220.npy,bovid,3,22.870213586165562,11.9140625,1.2576816e-10,9.905812e-10
bovid_069222.npy,bovid,1,42.18582760315684,15.52734375,6.439809e-10,6.969556e-09
bovid_069222.npy,bovid,2,47.795006983984294,24.0234375,7.069413e-10,1.1876558e-08
bovid_069222.npy,bovid,3,40.39349091182955,15.52734375,8.716861e-10,1.0944552e-08
bovid_069241.npy,bovid,1,28.983787635023486,14.453125,9.834439e-10,4.985963e-09
bovid_069241.npy,bovid,2,23.57990098014519,12.98828125,1.739203e-09,1.1445162e-08
bovid_069241.npy,bovid,3,22.32707913464298,12.79296875,2.0212307e-09,1.0170854e-08
bovid_069265.npy,bovid,1,32.75311908613863,13.671875,3.346227e-10,1.4259163e-09
bovid_069265.npy,bovid,2,33.266768651949604,14.74609375,3.3966033e-10,1.3721362e-09
bovid_069265.npy,bovid,3,28.915500850111762,16.796875,5.0373317e-10,2.7058231e-09
bovid_069297.npy,bovid,1,29.07665492176983,24.609375,8.65303e-09,3.7728693e-08
bovid_069297.npy,bovid,2,27.699237535699794,19.62890625,1.3327973e-08,5.1423466e-08
bovid_069297.npy,bovid,3,26.29495720515174,16.50390625,1.388379e-08,7.9504126e-08
bovid_069319.npy,bovid,1,38.49229378436724,23.046875,1.8283852e-09,1.7221064e-08
bovid_069319.npy,bovid,2,42.90290592260677,25.0,2.1471382e-09,2.422653e-08
bovid_069319.npy,bovid,3,35.56544042099842,25.78125,3.7785353e-09,6.3056596e-08
bovid_069323.npy,bovid,1,37.92425655411419,25.78125,1.4785794e-09,1.604389e-08
bovid_069323.npy,bovid,2,37.12959837909029,25.78125,1.6111183e-09,1.4747438e-08
bovid_069323.npy,bovid,3,35.26712672026391,22.16796875,1.7411879e-09,1.3512171e-08
bovid_069325.npy,bovid,1,37.68639325871163,22.94921875,2.299413e-09,2.6288248e-08
bovid_069325.npy,bovid,2,42.904423512502376,26.171875,2.3616606e-09,2.422653e-08
bovid_069325.npy,bovid,3,36.33674168310987,25.78125,4.407386e-09,6.3056596e-08
bovid_069350.npy,bovid,1,33.66456726341724,20.1171875,5.629853e-10,4.8472306e-09
bovid_069350.npy,bovid,2,35.91199315833475,14.6484375,5.0379506e-10,3.651518e-09
bovid_069350.npy,bovid,3,34.69522113560597,22.4609375,6.0046534e-10,3.7123558e-09
bovid_069359.npy,bovid,1,33.474205488663394,27.24609375,5.3085897e-10,4.8472306e-09
bovid_069359.npy,bovid,2,34.87820038480927,22.94921875,4.8530124e-10,2.619791e-09
bovid_069359.npy,bovid,3,33.00413471896272,21.6796875,5.710002e-10,3.3106655e-09
bovid_069363.npy,bovid,1,36.452480761262784,14.16015625,4.8299376e-10,3.426526e-09
bovid_069363.npy,bovid,2,32.90626349414523,13.0859375,6.665978e-10,2.108564e-09
bovid_069363.npy,bovid,3,31.687622475020163,14.35546875,6.7735584e-10,2.484407e-09
bovid_069365.npy,bovid,1,33.68608041582452,27.24609375,5.150495e-10,4.8472306e-09
bovid_069365.npy,bovid,2,35.039447509095794,22.94921875,4.7629295e-10,2.619791e-09
bovid_069365.npy,bovid,3,32.94494888119142,21.6796875,5.6032307e-10,3.3886132e-09
bovid_069400.npy,bovid,1,29.299999975570117,22.65625,4.3849796e-10,3.4414138e-09
bovid_069400.npy,bovid,2,31.267844828285494,22.65625,6.3568745e-10,5.8794187e-09
bovid_069400.npy,bovid,3,29.21662907988107,17.3828125,8.044681e-10,7.2644952e-09
bovid_069431.npy,bovid,1,46.35650630555079,50.390625,2.5622893e-09,2.9409145e-08
bovid_069431.npy,bovid,2,39.234550331956214,37.20703125,4.6644333e-09,7.054748e-08
bovid_069431.npy,bovid,3,38.37940994418896,31.4453125,3.733864e-09,3.998631e-08
bovid_069456.npy,bovid,1,34.704746626240265,24.70703125,3.8651485e-10,2.5697566e-09
bovid_069456.npy,bovid,2,28.274876586830846,21.875,7.1521367e-10,4.627131e-09
bovid_069456.npy,bovid,3,27.566642181361345,13.8671875,6.8232686e-10,4.2210178e-09
bovid_069487.npy,bovid,1,39.31592928356267,22.0703125,1.8672863e-09,3.1053094e-08
bovid_069487.npy,bovid,2,43.8153767442746,25.29296875,1.9676185e-09,2.3211664e-08
bovid_069487.npy,bovid,3,38.14602036928108,23.828125,3.221287e-09,4.4976876e-08
bovid_069490.npy,bovid,1,45.38767443822393,40.72265625,3.2171112e-09,4.16827e-08
bovid_069490.npy,bovid,2,35.61571904077515,22.94921875,6.0413137e-09,8.810448e-08
bovid_069490.npy,bovid,3,34.98238364982048,14.0625,4.8131974e-09,4.2222663e-08
bovid_069492.npy,bovid,1,46.71949428492944,40.13671875,2.900732e-09,3.24573e-08
bovid_069492.npy,bovid,2,35.962810072730186,17.578125,5.5726233e-09,4.9307907e-08
bovid_069492.npy,bovid,3,36.370100269458376,16.89453125,4.669541e-09,3.6458328e-08
bovid_070459.npy,bovid,1,31.59421455680408,20.41015625,1.9256967e-10,1.3295789e-09
bovid_070459.npy,bovid,2,34.044475168432136,20.703125,2.7405106e-10,2.2317188e-09
bovid_070459.npy,bovid,3,30.96148293280811,16.11328125,2.7569236e-10,1.9744797e-09
noise_001209.npy,noise,1,47.351987188393,19.23828125,1.3627534e-09,1.329697e-08
noise_001209.npy,noise,2,39.904460178937185,21.77734375,1.2199095e-09,1.022288e-08
noise_001209.npy,noise,3,38.382743406479264,26.85546875,1.5244163e-09,1.195923e-08
noise_001215.npy,noise,1,34.263088384750276,20.703125,1.1554551e-09,1.0493696e-08
noise_001215.npy,noise,2,35.3058828737085,22.36328125,1.4127187e-09,1.0346412e-08
noise_001215.npy,noise,3,34.25715792461114,28.3203125,1.8646427e-09,1.6664192e-08
noise_001224.npy,noise,1,28.134554983233244,14.74609375,7.18235e-09,4.0647038e-08
noise_001224.npy,noise,2,31.31474364824834,29.78515625,6.7439245e-09,5.501634e-08
noise_001224.npy,noise,3,30.279892321631927,30.078125,1.21629045e-08,7.1646674e-08
noise_001225.npy,noise,1,28.328085752897383,14.74609375,7.1637785e-09,4.0647038e-08
noise_001225.npy,noise,2,31.2415570230112,29.98046875,6.7304584e-09,5.501634e-08
noise_001225.npy,noise,3,30.286239685711834,29.98046875,1.2040256e-08,7.1646674e-08
noise_004526.npy,noise,1,41.35179104134225,18.359375,1.552366e-10,1.1429088e-09
noise_004526.npy,noise,2,36.29956019099294,20.21484375,2.362374e-10,1.3812238e-09
noise_004526.npy,noise,3,34.59360164126167,14.84375,2.0996695e-10,1.416215e-09
noise_004527.npy,noise,1,43.09008208232595,31.15234375,4.2554746e-10,1.6008245e-09
noise_004527.npy,noise,2,37.99168912833553,13.18359375,4.8197474e-10,1.8995487e-09
noise_004527.npy,noise,3,37.49461450140776,16.015625,4.5776957e-10,1.6723772e-09
noise_004549.npy,noise,1,42.64820611772362,15.72265625,3.806096e-10,1.6773166e-09
noise_004549.npy,noise,2,38.16334469175463,12.40234375,4.4233125e-10,1.7081622e-09
noise_004549.npy,noise,3,38.296556383920446,15.13671875,4.1944323e-10,1.6097916e-09
noise_004551.npy,noise,1,41.881264302732795,33.69140625,3.867565e-10,2.0798552e-09
noise_004551.npy,noise,2,37.71014293080397,17.7734375,4.4940268e-10,1.7081622e-09
noise_004551.npy,noise,3,38.38856170861039,11.03515625,4.2818352e-10,1.6097916e-09
noise_004557.npy,noise,1,41.783420809062555,31.73828125,4.016928e-10,2.4047955e-09
noise_004557.npy,noise,2,37.260723316751225,13.0859375,4.5805465e-10,2.4303497e-09
noise_004557.npy,noise,3,38.265572735853524,11.03515625,4.2483236e-10,1.6097916e-09
noise_005388.npy,noise,1,40.0044219034257,8.3984375,1.4278305e-09,1.6791567e-08
noise_005388.npy,noise,2,45.46918225309432,15.625,1.748349e-09,1.9211035e-08
noise_005388.npy,noise,3,35.92777645373421,15.91796875,1.804705e-09,1.9145226e-08
noise_007213.npy,noise,1,34.347971466608215,23.4375,9.031594e-09,6.983383e-08
noise_007213.npy,noise,2,41.978423873848925,38.57421875,5.220884e-09,4.981643e-08
noise_007213.npy,noise,3,35.30365939908755,29.8828125,1.2582089e-08,9.927024e-08
noise_007223.npy,noise,1,41.44724428345658,15.8203125,3.923607e-10,1.6249957e-09
noise_007223.npy,noise,2,39.39744439359204,13.28125,4.294429e-10,1.6579305e-09
noise_007223.npy,noise,3,37.15707894837045,17.1875,5.820367e-10,4.0059303e-09
noise_007225.npy,noise,1,41.37473246075944,18.9453125,3.9776066e-10,1.6188808e-09
noise_007225.npy,noise,2,38.87759283825793,18.9453125,4.582984e-10,2.6137936e-09
noise_007225.npy,noise,3,36.80063575272436,17.1875,5.9569544e-10,4.0059303e-09
noise_007843.npy,noise,1,51.72553451413818,65.625,5.269732e-10,1.0531696e-08
noise_007843.npy,noise,2,51.47865143384997,60.7421875,4.661352e-10,9.585732e-09
noise_007843.npy,noise,3,51.72728044932334,28.02734375,6.6043443e-10,1.6250278e-08
noise_007845.npy,noise,1,43.05969766634623,24.8046875,4.2236264e-10,6.1751853e-09
noise_007845.npy,noise,2,43.52211324661494,29.4921875,5.068547e-10,7.491535e-09
noise_007845.npy,noise,3,40.41343557646308,25.09765625,3.7633593e-10,4.7624855e-09
noise_007855.npy,noise,1,48.670840486196965,28.02734375,4.1087372e-10,6.8258035e-09
noise_007855.npy,noise,2,44.92278297920178,28.515625,3.3921302e-10,3.7991947e-09
noise_007855.npy,noise,3,44.13214503000031,27.9296875,4.976381e-10,5.982445e-09
noise_007880.npy,noise,1,29.53038539683387,11.9140625,2.7033217e-10,2.2568505e-09
noise_007880.npy,noise,2,26.451950614662064,13.28125,3.7364098e-10,1.9879856e-09
noise_007880.npy,noise,3,23.424810431714196,11.9140625,5.072527e-10,1.9089783e-09
noise_007888.npy,noise,1,47.7036061968723,31.8359375,2.5405178e-10,5.3186495e-09
noise_007888.npy,noise,2,44.19775877442642,22.75390625,2.0447861e-10,2.9461142e-09
noise_007888.npy,noise,3,43.38281421884239,31.8359375,2.9285682e-10,4.7954627e-09
noise_007891.npy,noise,1,48.33117359899748,31.8359375,2.5871744e-10,5.3186495e-09
noise_007891.npy,noise,2,45.626607392647564,23.92578125,1.9954136e-10,2.9461142e-09
noise_007891.npy,noise,3,43.13866089047351,31.8359375,2.957464e-10,4.7954627e-09
noise_007896.npy,noise,1,38.00359703144987,28.3203125,4.1365203e-10,6.4043877e-09
noise_007896.npy,noise,2,40.19366046071824,27.5390625,4.3233633e-10,4.737509e-09
noise_007896.npy,noise,3,38.159900638309935,24.8046875,4.3024775e-10,5.219428e-09
noise_007900.npy,noise,1,43.27533544953581,31.8359375,3.1816094e-10,5.2914615e-09
noise_007900.npy,noise,2,45.97725730646586,23.92578125,2.2995478e-10,2.9369007e-09
noise_007900.npy,noise,3,41.91560922783713,32.91015625,3.4917208e-10,4.809006e-09
noise_007908.npy,noise,1,34.72598980822688,5.859375,1.1703571e-10,2.2185804e-09
noise_007908.npy,noise,2,50.501836709956656,22.16796875,6.83706e-11,4.77556e-10
noise_007908.npy,noise,3,47.28410549815201,18.9453125,6.955485e-11,9.1648733e-10
noise_007910.npy,noise,1,39.455413794359785,5.6640625,9.8476484e-11,1.6980415e-09
noise_007910.npy,noise,2,43.27439044549176,15.4296875,7.447067e-11,6.0401717e-10
noise_007910.npy,noise,3,44.878407516098044,16.2109375,6.3031344e-11,2.3916708e-10
noise_007913.npy,noise,1,39.85050932190983,6.4453125,9.830936e-11,1.6666772e-09
noise_007913.npy,noise,2,43.77687193217682,12.98828125,7.257205e-11,6.203134e-10
noise_007913.npy,noise,3,44.911079967083424,11.23046875,6.385497e-11,3.028994e-10
noise_007914.npy,noise,1,36.31159533236001,5.6640625,1.04542604e-10,1.7766162e-09
noise_007914.npy,noise,2,48.080231402789025,25.1953125,8.093741e-11,5.3345045e-10
noise_007914.npy,noise,3,46.329734040355156,27.734375,8.079945e-11,9.1648733e-10
noise_007917.npy,noise,1,37.756657254585015,21.58203125,9.329846e-11,1.3973095e-09
noise_007917.npy,noise,2,47.622835184902854,25.1953125,8.519808e-11,5.8913613e-10
noise_007917.npy,noise,3,44.455068258357194,27.734375,8.6625554e-11,9.1648733e-10
noise_007926.npy,noise,1,41.482013056777824,21.77734375,7.329848e-11,6.8887385e-10
noise_007926.npy,noise,2,46.30333267787303,28.125,9.2202565e-11,6.458407e-10
noise_007926.npy,noise,3,41.559493063377,27.24609375,9.245842e-11,7.2108103e-10
noise_007934.npy,noise,1,37.59084583754722,31.8359375,8.2539864e-10,8.818364e-09
noise_007934.npy,noise,2,33.400150054922854,13.28125,8.189078e-10,5.195464e-09
noise_007934.npy,noise,3,32.288380551659635,10.83984375,1.0487825e-09,1.7005748e-08
noise_007943.npy,noise,1,38.50200979098746,23.92578125,7.618192e-10,6.9460477e-09
noise_007943.npy,noise,2,34.20970477788162,13.28125,7.859335e-10,2.6386684e-09
noise_007943.npy,noise,3,33.18892620503449,14.6484375,7.715122e-10,5.35408e-09
noise_007956.npy,noise,1,37.16359130511006,27.734375,5.712846e-10,6.8205566e-09
noise_007956.npy,noise,2,37.325785801254874,25.1953125,6.380798e-10,6.2610175e-09
noise_007956.npy,noise,3,38.20685520710698,32.51953125,4.242313e-10,3.1182679e-09
noise_007976.npy,noise,1,39.09228524431114,28.90625,6.005766e-10,4.4931396e-09
noise_007976.npy,noise,2,34.09447677608083,13.18359375,6.993695e-10,3.0607785e-09
noise_007976.npy,noise,3,34.483279686515054,10.7421875,6.4416183e-10,2.575291e-09
noise_007988.npy,noise,1,43.97540996116509,4.78515625,1.07168344e-10,9.0473246e-10
noise_007988.npy,noise,2,41.677658211410794,11.03515625,1.2426826e-10,7.308826e-10
noise_007988.npy,noise,3,36.08576090703941,11.03515625,1.4356748e-10,6.034377e-10
noise_007995.npy,noise,1,31.7908700189334,4.78515625,6.9054464e-11,2.664531e-10
noise_007995.npy,noise,2,41.63206548049208,9.765625,8.113847e-11,3.3690936e-10
noise_007995.npy,noise,3,32.654110564304034,10.7421875,1.0545339e-10,5.106685e-10
noise_007998.npy,noise,1,31.74545523864592,4.78515625,7.097395e-11,3.0694805e-10
noise_007998.npy,noise,2,41.74906841646669,9.765625,8.1939185e-11,3.3690936e-10
noise_007998.npy,noise,3,32.45384351929985,10.7421875,1.0646201e-10,5.106685e-10
noise_008014.npy,noise,1,44.720545770981516,14.35546875,7.62617e-11,3.7517206e-10
noise_008014.npy,noise,2,43.947503799358685,12.5,7.887726e-11,5.45705e-10
noise_008014.npy,noise,3,40.02668170196719,10.3515625,1.01528445e-10,5.9676947e-10
noise_013261.npy,noise,1,36.29357758701256,28.61328125,1.360517e-10,1.1729656e-09
noise_013261.npy,noise,2,39.04048118374161,31.73828125,1.7863472e-10,1.3451722e-09
noise_013261.npy,noise,3,35.461854975535225,22.8515625,2.0432865e-10,2.0276112e-09
noise_013287.npy,noise,1,32.73803341495866,18.65234375,1.489809e-09,1.3980256e-08
noise_013287.npy,noise,2,35.185806515975784,29.19921875,1.5047614e-09,1.2152285e-08
noise_013287.npy,noise,3,31.119042884137247,18.65234375,2.1212554e-09,2.5783145e-08
noise_025618.npy,noise,1,41.41536068745331,11.42578125,7.98826e-11,3.4967704e-10
noise_025618.npy,noise,2,36.782663174100264,12.59765625,1.01372036e-10,4.849514e-10
noise_025618.npy,noise,3,37.04305465823955,11.81640625,9.4104724e-11,3.2791325e-10
noise_025687.npy,noise,1,39.511563321725994,34.9609375,5.7569605e-10,4.8732627e-09
noise_025687.npy,noise,2,33.60528297849503,31.0546875,1.0103766e-09,8.94781e-09
noise_025687.npy,noise,3,33.412088332725595,24.31640625,7.0359774e-10,5.21337e-09
noise_046286.npy,noise,1,30.88806612174783,15.91796875,2.212859e-08,1.4009098e-07
noise_046286.npy,noise,2,36.202504934267104,15.91796875,1.6945952e-08,1.4128373e-07
noise_046286.npy,noise,3,33.81584572358128,27.5390625,2.8295629e-08,2.605968e-07
noise_061501.npy,noise,1,50.12201139274862,45.1171875,3.941039e-10,1.0334216e-08
noise_061501.npy,noise,2,38.19612173267147,36.71875,5.3816857e-10,1.1954176e-08
noise_061501.npy,noise,3,44.14312612850201,33.30078125,3.0086744e-10,7.6941395e-09
noise_061537.npy,noise,1,39.322146538169214,29.39453125,3.5826875e-09,4.053784e-08
noise_061537.npy,noise,2,35.36172890710153,27.63671875,4.2414388e-09,3.1787884e-08
noise_061537.npy,noise,3,40.51197623755913,35.83984375,3.3101075e-09,3.117279e-08
noise_061555.npy,noise,1,41.43383191720715,8.59375,3.4702752e-10,1.3793674e-09
noise_061555.npy,noise,2,37.10321628489547,9.66796875,4.7166465e-10,1.6114418e-09
noise_061555.npy,noise,3,34.68445170775316,8.59375,5.5617755e-10,1.711184e-09
noise_061571.npy,noise,1,41.50014934673842,12.6953125,3.5494743e-10,1.3793674e-09
noise_061571.npy,noise,2,37.111081027525096,9.66796875,4.8464766e-10,1.6114418e-09
noise_061571.npy,noise,3,34.71324709225848,8.984375,5.8842237e-10,2.1212292e-09
noise_061577.npy,noise,1,45.68199593486681,41.2109375,3.3727915e-10,4.263768e-09
noise_061577.npy,noise,2,47.72545831444362,23.73046875,2.701768e-10,4.1011883e-09
noise_061577.npy,noise,3,45.43849521984478,23.14453125,2.4481261e-10,3.9390775e-09
noise_061579.npy,noise,1,41.65624833922476,12.98828125,3.6590989e-10,1.367253e-09
noise_061579.npy,noise,2,36.75386160083343,9.66796875,4.774839e-10,1.6214754e-09
noise_061579.npy,noise,3,34.351949397691726,8.984375,5.86134e-10,2.1212292e-09
noise_062035.npy,noise,1,26.523157533468055,15.13671875,1.7101212e-09,1.0364722e-08
noise_062035.npy,noise,2,22.361159473376883,9.1796875,3.2086371e-09,1.2317524e-08
noise_062035.npy,noise,3,21.30981543241122,9.5703125,3.175848e-09,1.6744995e-08
noise_062052.npy,noise,1,25.076261629621026,16.69921875,2.4821787e-09,1.7815022e-08
noise_062052.npy,noise,2,19.760958501717784,9.1796875,5.313708e-09,3.4174857e-08
noise_062052.npy,noise,3,19.47125887257881,9.375,5.157126e-09,2.5106944e-08
noise_063451.npy,noise,1,36.30857648011662,18.9453125,6.2884054e-10,3.4137613e-09
noise_063451.npy,noise,2,38.363129310820796,28.7109375,5.509136e-10,2.388883e-09
noise_063451.npy,noise,3,33.55199605742689,22.94921875,8.740215e-10,4.7836446e-09
noise_063485.npy,noise,1,34.22644903610206,19.3359375,9.113921e-10,5.0339e-09
noise_063485.npy,noise,2,36.40391954930943,16.796875,7.098554e-10,5.1611515e-09
noise_063485.npy,noise,3,34.99515522982651,25.78125,9.5421e-10,7.0253607e-09
noise_063494.npy,noise,1,40.611513440619085,24.609375,2.579746e-09,3.0184353e-08
noise_063494.npy,noise,2,41.01088454403093,31.640625,2.4270437e-09,2.7552453e-08
noise_063494.npy,noise,3,40.79237860670116,39.55078125,4.369577e-09,6.291077e-08
noise_063512.npy,noise,1,31.13844363048253,9.08203125,8.213954e-10,7.321828e-09
noise_063512.npy,noise,2,33.8480947751397,8.88671875,6.008863e-10,3.855287e-09
noise_063512.npy,noise,3,31.438490748975273,12.59765625,8.998737e-10,8.530376e-09
noise_063529.npy,noise,1,44.17944038175708,48.73046875,1.35363445e-08,1.19095446e-07
noise_063529.npy,noise,2,42.28225243050111,41.89453125,1.6206721e-08,1.2867794e-07
noise_063529.npy,noise,3,35.68723714742849,32.91015625,1.9450262e-08,1.7542892e-07
noise_064104.npy,noise,1,34.970266718288755,18.75,6.7219014e-10,2.3824327e-09
noise_064104.npy,noise,2,30.957125868601352,13.28125,8.4967194e-10,2.989288e-09
noise_064104.npy,noise,3,32.26737008196362,15.91796875,7.5627293e-10,2.9789524e-09
noise_064134.npy,noise,1,42.396807675541005,18.65234375,1.2135755e-10,6.213985e-10
noise_064134.npy,noise,2,40.94900393281574,20.80078125,1.2146545e-10,6.5664985e-10
noise_064134.npy,noise,3,37.603847796232785,11.328125,1.6443058e-10,9.1363556e-10
noise_064138.npy,noise,1,42.462816296972925,20.60546875,1.190887e-10,6.213985e-10
noise_064138.npy,noise,2,41.07182929311997,21.97265625,1.1664687e-10,6.1866007e-10
noise_064138.npy,noise,3,37.85313645624905,11.328125,1.6262007e-10,9.1363556e-10
noise_064153.npy,noise,1,35.922903094585074,22.0703125,1.3241475e-10,1.2282795e-09
noise_064153.npy,noise,2,40.85169774501503,22.0703125,1.4267232e-10,1.408943e-09
noise_064153.npy,noise,3,38.36931577173214,9.66796875,1.4264082e-10,1.1144152e-09
noise_064157.npy,noise,1,35.479970936408094,22.0703125,1.13829425e-10,1.1897906e-09
noise_064157.npy,noise,2,40.39789776924735,23.14453125,1.2128447e-10,1.0734574e-09
noise_064157.npy,noise,3,37.114587568784174,22.4609375,1.344878e-10,1.1267794e-09
noise_064181.npy,noise,1,31.47990177651981,16.30859375,1.027676e-10,6.100579e-10
noise_064181.npy,noise,2,36.63647345513928,21.77734375,1.3080037e-10,7.1149814e-10
noise_064181.npy,noise,3,32.60037910818277,15.72265625,1.495017e-10,9.1898245e-10
noise_064188.npy,noise,1,33.17323987578672,7.71484375,7.67956e-10,3.0454672e-09
noise_064188.npy,noise,2,28.89224907124591,8.0078125,1.0857917e-09,4.2215316e-09
noise_064188.npy,noise,3,29.17471009924708,8.69140625,9.40291e-10,3.9206225e-09
noise_064202.npy,noise,1,34.15859211553731,18.75,1.4051893e-10,1.0689015e-09
noise_064202.npy,noise,2,34.88345935477769,24.4140625,1.1676593e-10,7.262863e-10
noise_064202.npy,noise,3,33.94867229945412,14.453125,1.5038325e-10,8.477069e-10
noise_064207.npy,noise,1,44.99650718182861,19.3359375,1.5258997e-10,1.7427058e-09
noise_064207.npy,noise,2,58.838260406718135,67.3828125,4.086862e-10,6.6839596e-09
noise_064207.npy,noise,3,41.035050614721555,14.453125,1.7061211e-10,1.3246072e-09
noise_064214.npy,noise,1,35.42243173354871,19.3359375,1.2430841e-10,1.0689015e-09
noise_064214.npy,noise,2,35.34555430800521,21.58203125,1.1606911e-10,7.262863e-10
noise_064214.npy,noise,3,34.43049214836373,14.6484375,1.4112435e-10,8.477069e-10
noise_064240.npy,noise,1,30.48619850677429,19.140625,1.0666499e-09,4.1341863e-09
noise_064240.npy,noise,2,25.934292737926228,10.64453125,1.3978024e-09,5.294576e-09
noise_064240.npy,noise,3,27.246402876317667,12.01171875,1.1768589e-09,4.858002e-09
noise_064331.npy,noise,1,30.15152542784787,19.23828125,6.1099675e-10,2.9488347e-09
noise_064331.npy,noise,2,26.248341537286937,14.94140625,1.0269553e-09,4.72702e-09
noise_064331.npy,noise,3,24.728859962169206,16.40625,1.2456582e-09,5.7533347e-09
noise_064332.npy,noise,1,29.604077949116743,19.23828125,6.3606903e-10,2.9488347e-09
noise_064332.npy,noise,2,25.85245083906625,15.13671875,1.0564154e-09,4.72702e-09
noise_064332.npy,noise,3,24.35019989256086,16.40625,1.2855361e-09,5.7533347e-09
noise_064334.npy,noise,1,28.76327117249054,19.23828125,6.5688033e-10,2.9488347e-09
noise_064334.npy,noise,2,25.326583381417834,16.40625,1.0704516e-09,4.72702e-09
noise_064334.npy,noise,3,24.003665008274687,16.40625,1.2385587e-09,5.7533347e-09
noise_064338.npy,noise,1,29.020035775009564,19.3359375,5.548058e-10,2.508131e-09
noise_064338.npy,noise,2,25.52308620192819,14.94140625,8.6323704e-10,4.7289963e-09
noise_064338.npy,noise,3,24.61019758907854,13.37890625,1.0071496e-09,5.7523613e-09
noise_064374.npy,noise,1,43.930161268132444,29.296875,7.500069e-11,2.911699e-10
noise_064374.npy,noise,2,41.64920316461113,16.6015625,9.266943e-11,6.035789e-10
noise_064374.npy,noise,3,35.9294455044402,14.2578125,1.0614888e-10,6.838743e-10
noise_064381.npy,noise,1,37.12372818548718,25.48828125,9.063886e-10,8.722191e-09
noise_064381.npy,noise,2,31.96206861852999,12.40234375,1.108488e-09,5.5766365e-09
noise_064381.npy,noise,3,31.28742726443521,16.30859375,1.1006449e-09,8.787189e-09
noise_064383.npy,noise,1,42.46737019896427,26.7578125,5.274682e-11,4.521906e-10
noise_064383.npy,noise,2,50.19144320416902,27.05078125,6.542279e-11,2.3048458e-10
noise_064383.npy,noise,3,45.58838317454457,17.578125,6.8896826e-11,2.5163413e-10
noise_064391.npy,noise,1,52.710595546212645,34.86328125,1.3058042e-10,1.395102e-09
noise_064391.npy,noise,2,59.06948108171122,63.8671875,4.116381e-10,6.1068883e-09
noise_064391.npy,noise,3,51.796390319310646,64.74609375,1.5543945e-10,7.43594e-10
noise_064419.npy,noise,1,45.29438704720076,26.7578125,4.6572697e-11,2.0417182e-10
noise_064419.npy,noise,2,49.223927460265145,13.0859375,6.491034e-11,2.361372e-10
noise_064419.npy,noise,3,46.17477096456169,32.12890625,6.532895e-11,2.4693078e-10
noise_064424.npy,noise,1,34.65791931288951,15.91796875,1.0487878e-09,1.11775424e-08
noise_064424.npy,noise,2,30.097095401434782,17.1875,1.4802867e-09,8.623808e-09
noise_064424.npy,noise,3,26.294628200013985,17.28515625,2.1655118e-09,1.7400042e-08
noise_064428.npy,noise,1,44.099162567927614,31.93359375,7.027568e-11,2.8387412e-10
noise_064428.npy,noise,2,39.50564755346593,11.71875,1.0903544e-10,5.070745e-10
noise_064428.npy,noise,3,32.81133055880976,10.83984375,1.2500878e-10,8.549083e-10
noise_064470.npy,noise,1,44.193446743534494,24.90234375,7.07962e-11,2.4094152e-10
noise_064470.npy,noise,2,39.880235154044406,11.71875,1.0367584e-10,3.7939504e-10
noise_064470.npy,noise,3,34.876448429651944,17.578125,9.639669e-11,4.517969e-10
noise_064475.npy,noise,1,52.22415975040205,63.4765625,1.3325978e-10,1.636774e-09
noise_064475.npy,noise,2,58.29986240745511,46.484375,3.9754797e-10,6.9123978e-09
noise_064475.npy,noise,3,53.08388558267644,65.13671875,1.4959607e-10,9.40416e-10
noise_064478.npy,noise,1,37.95691707133601,25.9765625,7.860583e-10,5.166636e-09
noise_064478.npy,noise,2,32.498443120039475,22.75390625,1.068182e-09,5.215219e-09
noise_064478.npy,noise,3,31.445416019610114,16.9921875,1.1882276e-09,7.931006e-09
noise_064485.npy,noise,1,45.003775668625536,17.3828125,4.8808995e-11,2.4010807e-10
noise_064485.npy,noise,2,50.34189846165026,19.82421875,6.612812e-11,2.4185368e-10
noise_064485.npy,noise,3,45.593993426520775,29.98046875,6.7578186e-11,3.2236616e-10
noise_064486.npy,noise,1,53.4643115150885,52.63671875,8.780416e-11,6.406438e-10
noise_064486.npy,noise,2,51.269573474596434,70.41015625,8.887318e-11,5.967683e-10
noise_064486.npy,noise,3,49.0218703199693,66.40625,1.04923376e-10,6.6742123e-10
noise_064510.npy,noise,1,52.39378854210027,81.34765625,7.538695e-11,2.899642e-10
noise_064510.npy,noise,2,49.561396428731015,67.7734375,7.394531e-11,2.675757e-10
noise_064510.npy,noise,3,48.68040990576442,66.40625,8.0639766e-11,3.4185485e-10
noise_064515.npy,noise,1,45.229186442559225,26.953125,4.572868e-11,1.6874666e-10
noise_064515.npy,noise,2,50.09884342320831,12.5,6.440412e-11,2.3818053e-10
noise_064515.npy,noise,3,46.05251742845922,18.26171875,6.274196e-11,2.4318345e-10
noise_064516.npy,noise,1,52.105596252411274,83.984375,7.318157e-11,2.899642e-10
noise_064516.npy,noise,2,48.99690443177202,73.53515625,7.1949564e-11,2.4203822e-10
noise_064516.npy,noise,3,47.45457822389273,63.4765625,7.955769e-11,3.5057537e-10
noise_064546.npy,noise,1,51.668428379180774,84.86328125,6.322716e-11,4.3538237e-10
noise_064546.npy,noise,2,49.862964467136756,64.16015625,6.158865e-11,2.4907792e-10
noise_064546.npy,noise,3,48.42587389488948,58.203125,7.1857305e-11,4.8019677e-10
noise_064547.npy,noise,1,54.350440492122594,65.52734375,1.43839e-10,1.8961885e-09
noise_064547.npy,noise,2,59.293993968703,62.5,5.13412e-10,7.542503e-09
noise_064547.npy,noise,3,54.54350093969679,60.546875,1.1397696e-10,1.0409966e-09
noise_064563.npy,noise,1,41.8408993713325,11.71875,3.647123e-11,2.122499e-10
noise_064563.npy,noise,2,49.81884333979311,19.04296875,5.4577183e-11,2.145786e-10
noise_064563.npy,noise,3,45.89958223059613,8.69140625,4.7892405e-11,2.0141071e-10
noise_064568.npy,noise,1,40.187489791293146,22.8515625,6.36116e-10,2.449581e-09
noise_064568.npy,noise,2,35.60021886363305,13.96484375,8.641353e-10,2.8907476e-09
noise_064568.npy,noise,3,33.604788887135086,17.87109375,9.669459e-10,5.0096665e-09
noise_064573.npy,noise,1,39.89189294475629,30.76171875,7.582137e-10,2.974515e-09
noise_064573.npy,noise,2,33.98061956188077,13.0859375,8.644149e-10,2.8128777e-09
noise_064573.npy,noise,3,35.49103345724595,10.7421875,7.51061e-10,2.273511e-09
noise_064589.npy,noise,1,54.334224498597244,59.9609375,1.3233001e-10,1.5063824e-09
noise_064589.npy,noise,2,60.94566610795789,76.953125,4.9196447e-10,6.674434e-09
noise_064589.npy,noise,3,55.560542965359225,63.96484375,1.0773202e-10,1.0349644e-09
noise_064601.npy,noise,1,57.330076266095354,70.01953125,1.1704611e-10,1.4751149e-09
noise_064601.npy,noise,2,62.4365209103555,83.0078125,4.5048754e-10,6.6011414e-09
noise_064601.npy,noise,3,54.631736596254015,61.71875,1.02754374e-10,1.0144947e-09
noise_064630.npy,noise,1,52.07970509457085,19.140625,6.8017335e-11,2.8189617e-10
noise_064630.npy,noise,2,49.89060753713635,70.60546875,7.442054e-11,4.2386458e-10
noise_064630.npy,noise,3,47.874845498834034,16.89453125,7.66511e-11,3.2911776e-10
noise_064660.npy,noise,1,49.17872455130135,84.1796875,4.6952463e-11,2.89792e-10
noise_064660.npy,noise,2,48.31863973824213,12.890625,4.6778036e-11,2.0223889e-10
noise_064660.npy,noise,3,47.194472673827114,18.1640625,5.2485963e-11,2.9046465e-10
noise_064668.npy,noise,1,44.78496266190576,17.08984375,6.829875e-11,4.941183e-10
noise_064668.npy,noise,2,41.6373909033207,11.81640625,9.044305e-11,6.1051303e-10
noise_064668.npy,noise,3,36.638077400960704,13.28125,8.273139e-11,4.92649e-10
noise_064683.npy,noise,1,43.86594814278222,17.578125,4.0932948e-11,2.2481624e-10
noise_064683.npy,noise,2,49.30116112842492,11.71875,6.0388194e-11,2.7438374e-10
noise_064683.npy,noise,3,44.05898277921347,17.578125,5.7721175e-11,3.398285e-10
noise_064697.npy,noise,1,55.99798581848697,70.21484375,1.1919393e-10,1.5350557e-09
noise_064697.npy,noise,2,62.525654755953845,67.48046875,4.441104e-10,7.0780835e-09
noise_064697.npy,noise,3,54.292039856785685,15.52734375,1.1271604e-10,1.0066329e-09
noise_064698.npy,noise,1,43.220854034958805,18.06640625,5.8568025e-11,3.9314516e-10
noise_064698.npy,noise,2,41.37262068518117,14.55078125,8.450651e-11,5.6549615e-10
noise_064698.npy,noise,3,35.377628708604036,19.23828125,7.872132e-11,5.342398e-10
noise_064699.npy,noise,1,37.8001461480723,15.72265625,6.225489e-10,3.3146543e-09
noise_064699.npy,noise,2,30.095385327545667,14.453125,1.0961512e-09,8.569759e-09
noise_064699.npy,noise,3,30.81516162043428,11.1328125,9.579202e-10,7.0189925e-09
noise_064763.npy,noise,1,55.924459210293485,52.1484375,1.193843e-10,1.5769956e-09
noise_064763.npy,noise,2,60.520186329550874,59.86328125,4.2576606e-10,6.3425243e-09
noise_064763.npy,noise,3,52.532712603272245,63.8671875,1.06536766e-10,1.1323062e-09
noise_064764.npy,noise,1,39.78368757053231,14.74609375,5.548116e-11,3.4465286e-10
noise_064764.npy,noise,2,38.59739552963472,16.2109375,8.963172e-11,5.7573757e-10
noise_064764.npy,noise,3,27.51924108059237,12.98828125,1.1067781e-10,7.3020634e-10
noise_064771.npy,noise,1,30.194697822881317,13.28125,1.1469957e-09,1.1804003e-08
noise_064771.npy,noise,2,24.04213526563369,14.55078125,1.9268216e-09,1.1364389e-08
noise_064771.npy,noise,3,24.060279938967145,10.25390625,1.8394843e-09,1.34502525e-08
noise_064772.npy,noise,1,31.828298243730536,13.0859375,1.0317575e-09,8.420633e-09
noise_064772.npy,noise,2,28.24103883738608,16.6015625,1.4859051e-09,8.327544e-09
noise_064772.npy,noise,3,23.91639155833932,13.28125,2.5569453e-09,2.0928363e-08
noise_064778.npy,noise,1,31.95243486294344,13.0859375,1.037531e-09,8.420633e-09
noise_064778.npy,noise,2,28.40145530774301,16.6015625,1.5206558e-09,8.327544e-09
noise_064778.npy,noise,3,23.227173321269863,13.28125,2.612387e-09,2.0928363e-08
noise_064792.npy,noise,1,48.78742226122384,21.2890625,5.5374753e-11,2.2274174e-10
noise_064792.npy,noise,2,47.207635965859204,71.09375,5.6682124e-11,3.3077338e-10
noise_064792.npy,noise,3,46.67034312042318,10.3515625,5.7722483e-11,2.0901873e-10
noise_064795.npy,noise,1,30.30306009092665,13.0859375,1.1226956e-09,1.1804003e-08
noise_064795.npy,noise,2,25.268039636883696,14.74609375,1.9390956e-09,1.1364389e-08
noise_064795.npy,noise,3,24.498795900224867,17.08984375,1.7461522e-09,1.34502525e-08
noise_064810.npy,noise,1,49.11575936481299,83.88671875,5.903924e-11,2.429483e-10
noise_064810.npy,noise,2,48.69669103402887,11.03515625,6.09969e-11,2.6902455e-10
noise_064810.npy,noise,3,46.81350059597762,10.3515625,6.2842384e-11,4.0671297e-10
noise_064818.npy,noise,1,39.35911956145065,15.4296875,5.6026312e-11,3.1460137e-10
noise_064818.npy,noise,2,39.771414617372194,14.453125,8.625922e-11,5.767054e-10
noise_064818.npy,noise,3,26.25628454711142,13.4765625,1.2468722e-10,1.2741015e-09
noise_064819.npy,noise,1,30.83570495143039,13.0859375,1.0115614e-09,1.1804003e-08
noise_064819.npy,noise,2,26.7959582016909,15.13671875,1.5825762e-09,1.1364389e-08
noise_064819.npy,noise,3,25.623255938462783,17.08984375,1.5017924e-09,1.34502525e-08
noise_064828.npy,noise,1,50.869583315498964,83.88671875,5.3687218e-11,2.5666502e-10
noise_064828.npy,noise,2,49.5054185450892,12.79296875,5.6847204e-11,2.051737e-10
noise_064828.npy,noise,3,47.872335266000384,9.27734375,5.7401976e-11,2.349079e-10
noise_064833.npy,noise,1,41.90420586014592,16.11328125,3.1285557e-11,1.3068797e-10
noise_064833.npy,noise,2,52.07667127210601,69.82421875,5.0800458e-11,1.9450444e-10
noise_064833.npy,noise,3,47.67301833289321,9.27734375,4.266037e-11,1.3508793e-10
noise_064835.npy,noise,1,54.12200788158898,75.87890625,1.04795866e-10,1.5043985e-09
noise_064835.npy,noise,2,61.187357063211124,60.83984375,3.840614e-10,5.863621e-09
noise_064835.npy,noise,3,55.064801577116405,60.83984375,8.274451e-11,8.5384494e-10
noise_064842.npy,noise,1,33.47298438155401,18.06640625,3.0589967e-10,2.4679712e-09
noise_064842.npy,noise,2,26.820095412339526,14.84375,7.0169187e-10,5.629646e-09
noise_064842.npy,noise,3,27.62903645273192,22.36328125,6.085125e-10,4.8964304e-09
noise_064846.npy,noise,1,46.63992641716666,35.05859375,5.7780034e-11,3.1182495e-10
noise_064846.npy,noise,2,44.43723681991967,13.0859375,6.319667e-11,6.433854e-10
noise_064846.npy,noise,3,42.86253640609931,13.57421875,6.732999e-11,5.400767e-10
noise_064867.npy,noise,1,31.495089471004114,22.36328125,9.761466e-09,1.14912645e-07
noise_064867.npy,noise,2,25.568957082699978,15.625,1.6121138e-08,1.03147094e-07
noise_064867.npy,noise,3,29.18919987156223,23.6328125,1.1431545e-08,9.9893825e-08
noise_064883.npy,noise,1,51.98458741030682,57.421875,1.3231732e-10,1.4933074e-09
noise_064883.npy,noise,2,57.1762794384231,65.4296875,4.707661e-10,6.568085e-09
noise_064883.npy,noise,3,50.03151166019291,16.015625,1.3328512e-10,1.0485268e-09
noise_064885.npy,noise,1,32.21426988715075,23.6328125,9.275208e-09,1.14912645e-07
noise_064885.npy,noise,2,25.576351083422892,16.015625,1.47742885e-08,8.815012e-08
noise_064885.npy,noise,3,29.139123073141366,23.6328125,1.1268416e-08,9.9893825e-08
noise_064903.npy,noise,1,32.04516081726354,35.64453125,9.341498e-09,1.14912645e-07
noise_064903.npy,noise,2,26.986264218859368,15.13671875,1.2896201e-08,7.3381564e-08
noise_064903.npy,noise,3,28.999032171812434,22.65625,1.1228987e-08,9.9893825e-08
noise_064911.npy,noise,1,40.16722868706514,13.8671875,5.4380736e-11,2.9678549e-10
noise_064911.npy,noise,2,43.9921705065966,13.8671875,8.828642e-11,7.0091966e-10
noise_064911.npy,noise,3,41.70978747424451,21.77734375,7.4379704e-11,4.5675527e-10
noise_064917.npy,noise,1,39.19936693138814,13.8671875,5.8232176e-11,3.929018e-10
noise_064917.npy,noise,2,43.260343779958674,13.8671875,9.186412e-11,5.1407134e-10
noise_064917.npy,noise,3,40.482066981899635,14.2578125,7.849454e-11,4.5675527e-10
noise_064919.npy,noise,1,53.01796004585278,13.8671875,1.3931893e-10,1.5582637e-09
noise_064919.npy,noise,2,58.71604821687336,62.5,4.81511e-10,6.190034e-09
noise_064919.npy,noise,3,50.633814365170586,15.8203125,1.3043724e-10,1.0422138e-09
noise_064938.npy,noise,1,33.66244801643379,17.08984375,3.80386e-10,3.2021568e-09
noise_064938.npy,noise,2,28.57178647717752,15.4296875,5.661507e-10,3.9026995e-09
noise_064938.npy,noise,3,27.179739470738895,22.265625,7.4693235e-10,5.626037e-09
noise_064939.npy,noise,1,32.05952319691224,30.46875,8.731489e-09,1.2718424e-07
noise_064939.npy,noise,2,25.86596446960727,15.4296875,1.2562672e-08,7.831988e-08
noise_064939.npy,noise,3,28.68914591822031,22.265625,1.0224992e-08,1.0252275e-07
noise_064953.npy,noise,1,37.99958189599927,9.765625,5.3576768e-11,3.929018e-10
noise_064953.npy,noise,2,43.719565238142096,13.37890625,8.160335e-11,4.981835e-10
noise_064953.npy,noise,3,40.8930722500089,14.16015625,7.1363075e-11,4.5675339e-10
noise_064973.npy,noise,1,53.63744208728177,72.36328125,1.262521e-10,1.8342349e-09
noise_064973.npy,noise,2,60.089516080467654,73.33984375,4.4646678e-10,6.9155823e-09
noise_064973.npy,noise,3,51.88511602132101,84.375,1.09883574e-10,1.087269e-09
noise_064993.npy,noise,1,28.79528360652632,23.4375,1.764713e-09,1.8582618e-08
noise_064993.npy,noise,2,21.216111634191915,15.625,5.2041065e-09,7.5703305e-08
noise_064993.npy,noise,3,25.511449227899654,12.5,2.9548217e-09,4.0696925e-08
noise_065020.npy,noise,1,39.809834787762036,9.765625,4.3316162e-10,1.5076187e-09
noise_065020.npy,noise,2,35.82486152277705,9.66796875,5.552371e-10,1.8746125e-09
noise_065020.npy,noise,3,35.14154393224085,10.15625,5.6546406e-10,2.0564646e-09
noise_066267.npy,noise,1,43.10198312138637,25.9765625,1.3978944e-09,1.4879838e-08
noise_066267.npy,noise,2,36.214250889520784,21.875,2.038694e-09,1.530287e-08
noise_066267.npy,noise,3,36.669180394871965,20.60546875,2.0039495e-09,1.6907546e-08
noise_066287.npy,noise,1,42.65383144314631,24.12109375,9.028703e-11,5.1139165e-10
noise_066287.npy,noise,2,34.68772987228653,14.16015625,1.3742539e-10,8.611812e-10
noise_066287.npy,noise,3,31.847165088756366,15.91796875,1.3166876e-10,8.0998797e-10
noise_066314.npy,noise,1,44.60274207189337,20.703125,3.0540605e-11,1.696739e-10
noise_066314.npy,noise,2,52.050871086720036,25.9765625,5.142669e-11,1.779526e-10
noise_066314.npy,noise,3,47.23701727944959,16.11328125,4.4642328e-11,1.7895463e-10
noise_066326.npy,noise,1,41.45847905253911,13.57421875,3.4678878e-11,3.7907316e-10
noise_066326.npy,noise,2,51.99481990593364,74.31640625,5.239109e-11,2.091083e-10
noise_066326.npy,noise,3,46.72003899832955,29.4921875,4.5621996e-11,1.7977542e-10
noise_066329.npy,noise,1,49.4427407786828,16.89453125,1.04790975e-10,5.651035e-10
noise_066329.npy,noise,2,36.61983919617212,14.2578125,1.3715822e-10,8.611812e-10
noise_066329.npy,noise,3,34.21091818071856,15.13671875,1.4587703e-10,8.0998797e-10
noise_066364.npy,noise,1,52.89808980170538,54.58984375,1.13290974e-10,1.7894982e-09
noise_066364.npy,noise,2,57.68690169782267,58.3984375,3.9997597e-10,6.877562e-09
noise_066364.npy,noise,3,53.067390214275484,67.578125,8.785304e-11,1.0604225e-09
noise_066383.npy,noise,1,45.00534443949167,25.390625,8.095321e-11,4.0698656e-10
noise_066383.npy,noise,2,34.533415024321066,20.99609375,1.3750917e-10,6.499059e-10
noise_066383.npy,noise,3,31.594086307742465,17.67578125,1.4052426e-10,7.890105e-10
noise_066388.npy,noise,1,52.44820916332009,53.61328125,1.2006358e-10,1.7768642e-09
noise_066388.npy,noise,2,56.94523786306935,61.62109375,4.2350096e-10,6.895678e-09
noise_066388.npy,noise,3,52.38019940661893,64.74609375,9.3423644e-11,1.0699185e-09
noise_066417.npy,noise,1,34.60996487517123,18.06640625,3.0511271e-09,4.4042057e-08
noise_066417.npy,noise,2,39.50636476230803,19.7265625,2.75824e-09,3.0767776e-08
noise_066417.npy,noise,3,36.149857514260795,7.2265625,3.1547216e-09,4.3799165e-08
noise_066418.npy,noise,1,34.4777833876933,22.8515625,3.0994922e-09,4.4042057e-08
noise_066418.npy,noise,2,39.21062571769201,19.7265625,2.8114047e-09,3.0767776e-08
noise_066418.npy,noise,3,35.97658678048549,7.12890625,3.185118e-09,4.3799165e-08
noise_066420.npy,noise,1,34.434430000523044,16.50390625,3.155417e-09,4.4042057e-08
noise_066420.npy,noise,2,39.14674433072373,19.7265625,2.8493587e-09,3.0767776e-08
noise_066420.npy,noise,3,35.962575801372374,7.12890625,3.1918945e-09,4.3799165e-08
noise_066423.npy,noise,1,53.14323977252033,73.4375,9.36439e-11,3.5980177e-10
noise_066423.npy,noise,2,50.40429820880376,72.94921875,9.4843196e-11,3.5740194e-10
noise_066423.npy,noise,3,48.691944137402515,63.18359375,1.166427e-10,6.198352e-10
noise_066438.npy,noise,1,35.897027943873624,22.0703125,3.0349283e-09,2.5860121e-08
noise_066438.npy,noise,2,28.206275003956918,18.75,4.958354e-09,3.638679e-08
noise_066438.npy,noise,3,29.804973234920034,23.73046875,3.9837587e-09,2.4587719e-08
noise_066440.npy,noise,1,45.72593409719691,31.15234375,5.3665294e-11,2.2736434e-10
noise_066440.npy,noise,2,50.17257814228744,43.45703125,7.2508e-11,3.0994773e-10
noise_066440.npy,noise,3,45.21897151935196,19.140625,7.453492e-11,2.9492542e-10
noise_066447.npy,noise,1,54.19789048869205,73.4375,1.05462944e-10,4.1528173e-10
noise_066447.npy,noise,2,51.44479875237055,37.98828125,1.0915546e-10,4.953783e-10
noise_066447.npy,noise,3,49.81774235291334,61.328125,1.2222363e-10,6.198352e-10
noise_066449.npy,noise,1,37.06805973192681,25.5859375,4.5245585e-10,4.734537e-09
noise_066449.npy,noise,2,29.97809153732332,24.12109375,6.591506e-10,6.9377033e-09
noise_066449.npy,noise,3,30.900907911120278,24.0234375,5.185575e-10,3.75769e-09
noise_066465.npy,noise,1,53.53303201613822,64.55078125,1.0296167e-10,4.1528173e-10
noise_066465.npy,noise,2,51.56194728496043,64.55078125,1.06515505e-10,4.953783e-10
noise_066465.npy,noise,3,50.1737054526986,67.08984375,1.1712904e-10,6.198352e-10
noise_066466.npy,noise,1,51.410769164272345,73.4375,9.1297164e-11,6.577943e-10
noise_066466.npy,noise,2,56.39047956885219,66.89453125,2.284543e-10,2.7762952e-09
noise_066466.npy,noise,3,51.461154315666484,65.625,1.2700513e-10,5.1488697e-10
noise_066486.npy,noise,1,34.98157230645731,19.3359375,2.5234312e-09,1.556149e-08
noise_066486.npy,noise,2,28.3029495802437,20.5078125,4.037831e-09,2.9708787e-08
noise_066486.npy,noise,3,29.25949336550776,19.3359375,3.9027412e-09,2.5145082e-08
noise_066496.npy,noise,1,50.13285613265846,34.5703125,8.5961224e-11,6.005659e-10
noise_066496.npy,noise,2,59.00028531742154,79.98046875,1.9693727e-10,2.7762952e-09
noise_066496.npy,noise,3,50.56341248899763,65.0390625,1.1358341e-10,5.3764154e-10
noise_066497.npy,noise,1,38.370324183771196,23.92578125,1.7704915e-10,1.1565248e-09
noise_066497.npy,noise,2,29.387765053185326,22.75390625,3.3279418e-10,2.152883e-09
noise_066497.npy,noise,3,29.305891877659224,16.89453125,3.0076291e-10,2.33762e-09
noise_066521.npy,noise,1,38.366378696063805,16.11328125,1.4805987e-10,7.2508693e-10
noise_066521.npy,noise,2,30.751053269310905,17.67578125,2.455364e-10,2.5557583e-09
noise_066521.npy,noise,3,30.502964208312775,16.015625,2.2129316e-10,1.4908426e-09
noise_066534.npy,noise,1,33.39751957129848,23.046875,1.8948854e-09,9.19284e-09
noise_066534.npy,noise,2,28.4097173213731,12.109375,2.5237783e-09,1.502838e-08
noise_066534.npy,noise,3,29.23906544938737,11.62109375,2.3531608e-09,1.23825465e-08
noise_066537.npy,noise,1,52.08173274139767,16.30859375,1.5195582e-10,7.530957e-10
noise_066537.npy,noise,2,48.37664367426094,12.6953125,1.5180646e-10,8.2562285e-10
noise_066537.npy,noise,3,46.963371845021896,16.30859375,1.6936846e-10,8.6558893e-10
noise_066545.npy,noise,1,43.77992778260259,16.11328125,8.9752886e-11,4.097058e-10
noise_066545.npy,noise,2,38.1938320580313,11.5234375,1.2422498e-10,4.965662e-10
noise_066545.npy,noise,3,35.12038856883904,16.11328125,1.3336462e-10,7.733974e-10
noise_066583.npy,noise,1,42.985388382012616,29.1015625,6.97445e-11,6.359245e-10
noise_066583.npy,noise,2,41.65953199681501,29.1015625,6.9843305e-11,5.767519e-10
noise_066583.npy,noise,3,38.37651931498198,15.91796875,8.865136e-11,7.727681e-10
noise_066585.npy,noise,1,39.65237673322538,8.3984375,5.588692e-11,2.827075e-10
noise_066585.npy,noise,2,44.59704968737922,31.25,8.332758e-11,3.8960082e-10
noise_066585.npy,noise,3,39.30292800838991,18.9453125,8.373692e-11,5.3831445e-10
noise_068585.npy,noise,1,42.33164718946908,31.34765625,9.496363e-10,9.419109e-09
noise_068585.npy,noise,2,40.03804270843208,25.1953125,1.1814927e-09,1.8735706e-08
noise_068585.npy,noise,3,43.208039094567425,13.671875,1.1692546e-09,1.6753122e-08
noise_068595.npy,noise,1,53.679975612393605,51.85546875,4.8245845e-08,1.1295149e-06
noise_068595.npy,noise,2,50.27578543320238,49.51171875,6.9456696e-08,1.55081e-06
noise_068595.npy,noise,3,48.58246035412338,51.85546875,2.9321967e-08,4.2997985e-07
noise_068598.npy,noise,1,36.41354985677608,28.22265625,1.3434186e-08,1.6628837e-07
noise_068598.npy,noise,2,42.10767112867354,43.359375,1.1644392e-08,1.0273135e-07
noise_068598.npy,noise,3,40.93584866147446,28.22265625,1.868482e-08,1.7291848e-07
noise_068606.npy,noise,1,34.43304135668177,21.6796875,6.2796017e-09,4.137558e-08
noise_068606.npy,noise,2,35.65767350282793,26.66015625,5.6177445e-09,4.7168324e-08
noise_068606.npy,noise,3,33.538278600917394,26.66015625,1.0744115e-08,6.592741e-08
noise_068615.npy,noise,1,40.99388906003092,48.828125,1.8596909e-08,2.7932663e-07
noise_068615.npy,noise,2,47.542674499738894,50.29296875,1.642109e-08,2.1982557e-07
noise_068615.npy,noise,3,44.8491278173553,52.1484375,2.9499468e-08,4.687624e-07
noise_068618.npy,noise,1,29.519523874520345,19.921875,1.6902061e-09,1.5181852e-08
noise_068618.npy,noise,2,34.6407342580503,19.921875,1.2988474e-09,1.065793e-08
noise_068618.npy,noise,3,30.391042271367763,13.96484375,1.5292395e-09,1.3443958e-08
noise_068802.npy,noise,1,54.017476085747795,48.4375,9.1038774e-11,6.5852895e-10
noise_068802.npy,noise,2,49.29802179408305,41.30859375,1.3073738e-10,9.0967084e-10
noise_068802.npy,noise,3,45.818138604647274,28.90625,1.521602e-10,9.428064e-10
noise_070070.npy,noise,1,54.72751141733998,47.4609375,1.4488398e-10,1.215963e-09
noise_070070.npy,noise,2,49.10590300265307,47.16796875,2.0629436e-10,1.5880007e-09
noise_070070.npy,noise,3,45.98976851511456,44.43359375,2.3830782e-10,1.4087087e-09
noise_070072.npy,noise,1,59.23288532544813,94.3359375,4.6437458e-11,4.0383238e-10
noise_070072.npy,noise,2,48.106024458281254,75.390625,5.0105895e-11,5.7237576e-10
noise_070072.npy,noise,3,50.742964346608204,85.83984375,5.6648967e-11,7.035516e-10
noise_070602.npy,noise,1,62.30333295883492,90.52734375,1.3675543e-10,5.7050475e-10
noise_070602.npy,noise,2,45.340612020254326,13.18359375,6.192233e-11,4.2988332e-10
noise_070602.npy,noise,3,52.520097933491435,90.52734375,9.348106e-11,4.0174e-10
noise_070605.npy,noise,1,59.89368922019218,89.84375,9.339355e-11,6.7728584e-10
noise_070605.npy,noise,2,52.77928959370541,90.33203125,6.264258e-11,7.058881e-10
noise_070605.npy,noise,3,57.39302014234153,89.84375,8.7210225e-11,5.6274807e-10
noise_070613.npy,noise,1,59.014038568986145,83.30078125,1.0553035e-10,1.5626054e-09
noise_070613.npy,noise,2,55.62746896399383,83.3984375,7.182665e-11,5.1004884e-10
noise_070613.npy,noise,3,56.01342928010409,83.30078125,1.2319196e-10,1.566139e-09
