File,Class,CH1_STA_LTA,CH1_Energy,CH1_RMS,CH1_ZCR,CH1_Predominant_Frequency,CH1_Peak_Amplitude,CH1_Event_Duration,CH2_STA_LTA,CH2_Energy,CH2_RMS,CH2_ZCR,CH2_Predominant_Frequency,CH2_Peak_Amplitude,CH2_Event_Duration,CH3_STA_LTA,CH3_Energy,CH3_RMS,CH3_ZCR,CH3_Predominant_Frequency,CH3_Peak_Amplitude,CH3_Event_Duration
elephant_025729.npy,elephant,4.386223532189303,2.6200775384121905e-16,3.5767789078342923e-10,93.84765625,17.578125,2.58532114534411e-09,2.0,3.8813984134521564,3.9151294820150564e-16,4.372281232251837e-10,73.73046875,12.5,3.0016394551088174e-09,2.25,1.812578138365889,1.143864531801943e-15,7.473470434937958e-10,73.828125,13.28125,6.965357287729174e-09,2.25
elephant_025730.npy,elephant,4.386197123005888,1.3162979959126697e-16,2.5351994612194387e-10,97.55859375,27.34375,1.723452390832814e-09,1.0,3.8813589579776533,2.227905901936959e-16,3.298249048631949e-10,72.8515625,11.71875,2.9273449899217632e-09,1.25,1.812592688251917,4.0031901313426645e-16,4.421179346418397e-10,77.734375,13.28125,6.961211638055921e-09,1.25
elephant_025731.npy,elephant,4.933284587258684,6.587698127904968e-17,1.7935020146395424e-10,98.73046875,21.09375,9.76662742632511e-10,5.25,3.881430165257463,8.722354326990363e-17,2.063725290276243e-10,74.70703125,11.71875,1.1441110319636262e-09,0.25,2.945210883062178,7.450037001245619e-17,1.907279051296496e-10,79.296875,15.625,2.363390517954261e-09,0.25
elephant_025732.npy,elephant,4.933275901954807,5.658193820578516e-17,1.662164237208331e-10,96.97265625,21.09375,9.766580652870228e-10,0.25,3.8814345586251813,7.225077845430457e-17,1.8782625060715264e-10,77.05078125,11.71875,8.401644504076113e-10,0.0,2.945156063764067,4.841472021591194e-17,1.5375304909310174e-10,80.6640625,15.625,6.48296426625644e-10,0.0
elephant_025733.npy,elephant,4.933350233060628,4.937546464265657e-17,1.5527109710131875e-10,97.0703125,37.5,9.766983556150956e-10,0.25,3.881419482032223,6.139321301073777e-17,1.7313911975749243e-10,77.05078125,11.71875,8.400737597346675e-10,0.0,2.9451546507867983,4.073614100768397e-17,1.4103437117032212e-10,80.37109375,14.84375,5.927097625454265e-10,0.25
elephant_025734.npy,elephant,4.933084228929416,4.6672478550342756e-17,1.5096124061215034e-10,96.97265625,27.34375,9.765567896016784e-10,2.25,9.802770485632971,6.561670616644831e-17,1.7899555108391964e-10,75.0,11.71875,1.1532460003401974e-09,0.25,7.873337785207718,3.779224963682638e-17,1.358427285245023e-10,80.078125,14.84375,7.867489180899123e-10,0.0
elephant_025735.npy,elephant,5.054160469226334,4.947428790667339e-17,1.5542640426237225e-10,92.28515625,21.09375,9.76552820334203e-10,0.25,9.80275314582169,7.427025305768003e-17,1.9043311686999276e-10,73.828125,11.71875,1.1534566489194056e-09,8.5,9.64874264403898,4.87757914243236e-17,1.5432532004310897e-10,78.125,15.234375,1.2266311533038726e-09,1.0
elephant_025736.npy,elephant,5.426535919195714,6.114025453753029e-17,1.7278205899601806e-10,92.3828125,23.4375,1.0321448893662099e-09,9.75,9.802762363814693,8.968378327935833e-17,2.0926277692024969e-10,72.16796875,11.71875,1.3745056438015513e-09,9.75,9.648358183110554,6.005340064461418e-17,1.7123945086779218e-10,78.80859375,14.84375,1.2287640532953096e-09,2.0
elephant_025737.npy,elephant,5.426295359317884,7.512153291797405e-17,1.9152137216275504e-10,92.3828125,29.296875,1.4026895828301935e-09,2.0,9.802703909140833,1.122691631317321e-16,2.3413442145574424e-10,70.80078125,11.71875,1.5882523860637588e-09,3.0,9.647921747548263,7.596764988870973e-17,1.9259693415841684e-10,77.34375,14.84375,1.2290647781294521e-09,3.0
elephant_025738.npy,elephant,5.426158611409106,8.312084507072045e-17,2.0146054237042974e-10,90.0390625,23.4375,1.4027896902245567e-09,0.75,9.802723641833099,1.267537101312194e-16,2.487799429717144e-10,68.1640625,12.890625,1.5889351650396062e-09,3.0,9.648643414194657,9.349421902647834e-17,2.1366205590610286e-10,73.33984375,12.890625,1.228490272419408e-09,4.0
elephant_025739.npy,elephant,6.197328337923099,5.204433023983145e-16,5.04105848259249e-10,76.85546875,41.40625,2.586394915274799e-09,6.5,4.6004237203672655,9.612543864411006e-16,6.851003527801191e-10,65.72265625,12.5,3.765815165810987e-09,0.25,3.523979760521541,8.135413937729426e-16,6.302674104522577e-10,62.59765625,20.703125,3.783799562407353e-09,0.0
elephant_025740.npy,elephant,6.19734954780073,5.586067980762449e-16,5.222616447942224e-10,78.02734375,41.40625,2.5866368225201166e-09,0.0,4.6004326455239255,9.584243328429327e-16,6.840910986637403e-10,68.9453125,39.0625,3.765966532196086e-09,0.25,3.5241984775879405,8.694971291663673e-16,6.515820325183662e-10,65.13671875,13.28125,3.784458024805925e-09,0.0
elephant_025741.npy,elephant,6.1973699404323765,5.345632599736903e-16,5.108984407727512e-10,78.7109375,41.40625,2.5869376094771624e-09,0.25,4.6004087837130125,9.011075312526175e-16,6.633203688599063e-10,70.80078125,35.15625,3.765583690745606e-09,0.25,3.524118340117188,8.530674822657795e-16,6.453966660706326e-10,66.9921875,13.28125,3.784213642456803e-09,0.0
elephant_025742.npy,elephant,6.197345306850455,4.591403469377628e-16,4.734866656287213e-10,79.58984375,46.875,2.586584296707828e-09,6.5,4.600436421118666,8.0718062925816745e-16,6.27798667273167e-10,72.4609375,35.15625,3.766034219243864e-09,0.25,3.5240627753239626,7.768841269463162e-16,6.159041748604291e-10,66.2109375,46.875,3.822804234389089e-09,0.0
elephant_025743.npy,elephant,6.197341054973025,3.9929389501576037e-16,4.4155149436465987e-10,80.859375,34.765625,2.5865339831179176e-09,0.25,4.600422195940632,7.055592044502526e-16,5.869508755406835e-10,74.0234375,39.0625,3.765773956762498e-09,5.25,3.5241002733417495,7.276149347059133e-16,5.960543010807587e-10,66.50390625,46.875,2.587341745403474e-09,0.0
elephant_025744.npy,elephant,6.197342441957088,3.486410225405654e-16,4.125952911599761e-10,80.76171875,51.5625,2.5865501563188227e-09,5.5,4.600423830736547,5.073241993107456e-16,4.977116576841454e-10,74.51171875,37.109375,3.177877274141718e-09,4.5,3.524199570722934,6.295293480705008e-16,5.544252672701247e-10,65.33203125,46.875,2.5876440724651663e-09,0.0
elephant_025745.npy,elephant,6.197352524594487,3.0022149714565315e-16,3.8287403660100924e-10,81.34765625,51.171875,2.586675357437297e-09,2.0,4.6004287065181995,3.841830375536113e-16,4.3311588957861413e-10,74.31640625,37.109375,2.9671393777790013e-09,0.25,3.5241831986135637,5.55082116354148e-16,5.206113614069989e-10,64.2578125,46.875,2.5875938056059446e-09,0.0
elephant_025746.npy,elephant,6.198700627291802,2.774902823875724e-16,3.6809414821083046e-10,79.8828125,46.875,2.5867488038807026e-09,2.0,4.600539799866835,3.4262115120496036e-16,4.090177062020629e-10,73.046875,37.109375,2.9670989793403944e-09,1.25,3.5242000026563134,5.209632072682172e-16,5.043575775666845e-10,63.28125,46.875,2.5873523021185883e-09,1.5
elephant_025747.npy,elephant,4.415329075989984,2.584528273068811e-16,3.5524311335117817e-10,80.6640625,46.875,2.586680565393949e-09,2.0,3.016146707317604,3.1030698704977347e-16,3.8925195377852276e-10,73.2421875,37.109375,2.9670856524754416e-09,2.25,2.49963709477555,4.787383892748597e-16,4.8348627605974e-10,62.79296875,46.875,2.587275305781197e-09,1.5
elephant_025748.npy,elephant,4.415344024497365,2.2286979380351287e-16,3.2988352718136977e-10,82.2265625,35.546875,2.580854087992828e-09,1.75,3.01618762861401,2.5180301703574975e-16,3.5064325447951683e-10,73.53515625,33.984375,2.9666162806399878e-09,1.75,2.499645551114393,4.258209059516038e-16,4.559828551976286e-10,63.0859375,12.5,2.587310576331112e-09,1.5
elephant_025749.npy,elephant,10.861520341101214,4.1740531563868166e-17,1.4276245629600943e-10,86.1328125,33.984375,1.1259586043711645e-09,0.5,11.460358853610527,7.698557162423872e-17,1.9388298312293375e-10,70.1171875,19.53125,1.7664914355034623e-09,8.75,6.924416152011688,6.278728632715328e-17,1.7509384527141528e-10,72.0703125,21.09375,1.1601075086247786e-09,8.75
elephant_025750.npy,elephant,10.861447799759345,4.5740879422157125e-17,1.4944702666948632e-10,83.7890625,33.984375,1.1258642095446263e-09,2.25,11.460389606073468,7.422227614901788e-17,1.90371599184037e-10,71.19140625,19.53125,1.76652656636879e-09,3.0,6.924293899380199,5.958785698811575e-17,1.7057442157304358e-10,70.60546875,21.484375,1.1600011105240275e-09,1.25
elephant_025751.npy,elephant,10.861382328861255,5.328841493074415e-17,1.6130633543944396e-10,81.640625,32.03125,1.125787022929294e-09,2.25,11.460190116929034,8.120981168272571e-17,1.991311837977817e-10,70.60546875,19.53125,1.766311144719014e-09,0.5,6.924189118335436,6.58641256530687e-17,1.7933270087755175e-10,68.75,21.484375,1.1599121743168396e-09,0.5
elephant_025752.npy,elephant,10.861447210530955,6.152781031387169e-17,1.7332880928980088e-10,78.125,25.0,1.1258634845073777e-09,4.25,11.46032556632952,9.386811021716862e-17,2.1408885583321908e-10,67.08984375,19.53125,1.7664542715739068e-09,0.5,6.92432459652837,7.080176719861738e-17,1.8593325520183282e-10,67.96875,21.484375,1.160027552088922e-09,0.5
elephant_025753.npy,elephant,10.861282069279929,6.460645184217663e-17,1.7761227171443646e-10,73.828125,25.390625,1.1256796741778003e-09,4.25,11.46050394213809,9.960598614713587e-17,2.2053511154327826e-10,61.9140625,19.53125,1.7666648841684638e-09,0.25,6.9244075469752735,7.519914611401754e-17,1.91620283538787e-10,63.96484375,21.09375,1.1600999221888607e-09,0.5
elephant_025754.npy,elephant,10.861543559988565,7.058775123938376e-17,1.8565202775584043e-10,69.7265625,25.390625,1.12599127148299e-09,0.25,11.46065564493611,1.0554005803125157e-16,2.2700932020640045e-10,60.83984375,19.53125,1.7668728991635626e-09,0.25,6.924545249735049,7.818511327575688e-17,1.9538762714583072e-10,60.7421875,21.484375,1.160223209023965e-09,0.5
elephant_025755.npy,elephant,10.852640980878387,6.99849456394939e-17,1.8485761206408064e-10,72.0703125,25.390625,1.125789836469727e-09,0.25,11.460576096945179,1.021623617889597e-16,2.233471864995516e-10,63.96484375,19.53125,1.7666033406644234e-09,0.25,6.924172497597976,7.703636803753977e-17,1.9394693625017633e-10,62.01171875,21.484375,1.1601012042121502e-09,0.5
elephant_025756.npy,elephant,2.905626441458708,6.611101814302495e-17,1.7966850190739862e-10,75.78125,25.390625,1.1257974865455901e-09,0.25,2.4630408225153775,9.647248289952174e-17,2.170384863124098e-10,66.796875,19.921875,1.7665851790805414e-09,0.25,2.955808003043353,7.248000420840241e-17,1.881239672526709e-10,64.2578125,21.484375,1.1600257431336028e-09,0.5
elephant_025757.npy,elephant,2.905632884036453,6.196923661547094e-17,1.7394946483432456e-10,78.02734375,25.390625,1.1289911102896563e-09,4.25,2.4630088635683816,8.939511467124133e-17,2.089257244466728e-10,68.26171875,27.734375,1.7650756049552028e-09,0.5,2.9558695894486737,6.290739868397297e-17,1.7526124290229906e-10,68.06640625,32.8125,1.160342911518659e-09,0.5
elephant_025758.npy,elephant,2.905495801471169,4.645286628983598e-17,1.5060565599632697e-10,81.25,26.5625,1.0577826452799321e-09,2.25,2.4630287436587004,6.106263476532883e-17,1.7267234761683244e-10,71.484375,27.734375,1.131877485651446e-09,0.25,2.955905940809945,4.2747015520504144e-17,1.4447340991380097e-10,70.8984375,23.828125,7.870354241958307e-10,0.0
elephant_025759.npy,elephant,5.108565728273134,4.845299376139385e-17,1.5381381069349915e-10,80.37109375,25.390625,1.0576231438085007e-09,2.25,6.502996606820094,6.243529593370144e-17,1.7460236064448745e-10,71.38671875,27.734375,1.1320039462574679e-09,0.25,3.014212829179502,3.950377904767492e-17,1.3888468098794237e-10,73.046875,23.4375,7.871984500160021e-10,2.0
elephant_025760.npy,elephant,7.635092911542541,5.307482480367175e-17,1.6098273757974129e-10,80.95703125,25.390625,1.1506615666934534e-09,9.25,6.502858677109004,6.793487263228003e-17,1.8212996603382015e-10,70.21484375,27.734375,1.1856112106792417e-09,8.25,5.78758592234467,4.176794801007153e-17,1.4280933395367663e-10,73.2421875,23.828125,8.430418815670152e-10,9.25
elephant_025761.npy,elephant,7.635085397530391,4.739630749663757e-17,1.521273422821899e-10,82.91015625,28.125,1.1506354941332115e-09,9.0,6.502964122573365,6.006729805334081e-17,1.7125926362567317e-10,71.58203125,20.3125,1.1856911143839808e-09,9.0,5.787534300320228,3.547519590187719e-17,1.3161258678015364e-10,73.73046875,18.359375,8.429662793762264e-10,7.5
elephant_025762.npy,elephant,7.635078105306266,3.831790742076926e-17,1.367841940166973e-10,87.5,28.125,1.150611819991156e-09,8.0,6.502920954523855,4.751889357095884e-17,1.5232394674326406e-10,75.390625,20.3125,1.185658519660568e-09,1.75,5.787517830229733,3.082842896854185e-17,1.2269043904190672e-10,78.90625,18.359375,8.429435570215254e-10,7.75
elephant_025763.npy,elephant,7.635100853049615,3.4906266790268934e-17,1.305529608288759e-10,91.40625,28.125,1.1506914333060662e-09,8.0,6.502838357911141,4.065111398681707e-17,1.4088710640571592e-10,80.37109375,30.46875,1.1855957012079715e-09,8.0,5.787564569573088,2.5755446879848707e-17,1.1214232830114206e-10,83.10546875,18.359375,8.430097351726166e-10,7.5
elephant_025764.npy,elephant,7.6350907218006325,3.064934215343508e-17,1.2233355671424326e-10,96.875,28.125,1.1506537715464096e-09,7.0,6.502868951453553,3.395709467280548e-17,1.2876572771201893e-10,84.9609375,30.46875,1.1856190390540935e-09,7.0,5.787529426086533,2.2565568082307087e-17,1.0496829897730556e-10,88.0859375,18.359375,8.429594910323538e-10,6.75
elephant_025765.npy,elephant,7.635046072964935,2.8519259994893965e-17,1.1800601645416992e-10,96.484375,28.125,1.1505212236039245e-09,6.5,6.502548105671505,3.288665321148351e-17,1.267199121622947e-10,85.83984375,30.46875,1.1853699986107948e-09,6.5,5.787537355511069,2.0120648231046335e-17,9.91187937228132e-11,88.28125,18.359375,8.429705625702123e-10,6.5
elephant_025766.npy,elephant,7.635083332917474,3.589715953988011e-17,1.3239301315243974e-10,94.04296875,28.125,1.1506286980732397e-09,7.75,6.502743367621062,4.221919197807527e-17,1.4357868864509304e-10,84.5703125,30.46875,1.221754674668644e-09,7.75,5.787590152601706,2.7447807901258008e-17,1.1576808693152935e-10,86.81640625,18.359375,8.430484377545194e-10,7.75
elephant_025767.npy,elephant,7.627635995409172,3.8779910697446843e-17,1.3760633441174763e-10,90.52734375,28.125,1.150662522430826e-09,7.75,5.932683906700395,4.720403095574535e-17,1.518184548732796e-10,82.51953125,20.3125,1.2216600745207916e-09,7.75,5.786679921866574,3.194793618188457e-17,1.2489827146046027e-10,82.03125,18.359375,8.431676865302672e-10,7.25
elephant_025768.npy,elephant,4.841272543021174,4.703807737680519e-17,1.515513484570268e-10,87.6953125,28.125,1.1506557786613575e-09,9.25,5.9326351436035,5.980341068954991e-17,1.7088266186408963e-10,78.515625,20.3125,1.2217338119188567e-09,8.75,5.785883549237823,4.0931507306025445e-17,1.413721597478451e-10,79.296875,15.625,8.427728467830839e-10,8.5
elephant_065235.npy,elephant,4.084096933663789,3.556467601285832e-17,1.3177846735868297e-10,65.33203125,16.015625,6.594428822387051e-10,1.25,11.694561294585235,9.011162429028534e-17,2.0976133234700547e-10,53.125,19.53125,1.2398357952494724e-09,2.25,5.919396856174038,1.1886192517547582e-16,2.4091087439567313e-10,53.41796875,23.046875,1.1409999623163513e-09,8.0
elephant_065236.npy,elephant,4.0843601370806875,3.939952600359196e-17,1.3870129706113562e-10,64.453125,16.015625,6.59228594194899e-10,0.25,11.694452091378725,1.0172036610688897e-16,2.228635176809551e-10,54.1015625,21.484375,1.2399030932947222e-09,2.25,5.918801633101715,1.3296781476657248e-16,2.5480520168157965e-10,54.1015625,23.046875,1.1404638366280054e-09,0.0
elephant_065237.npy,elephant,4.084425054559659,4.067726207933568e-17,1.4093241066083992e-10,63.28125,16.015625,6.591768618149553e-10,0.25,11.694805128775144,1.0890510079362133e-16,2.3059991055263967e-10,54.58984375,21.09375,1.2396742855776364e-09,4.0,5.918955603872881,1.2734661264632853e-16,2.493611100516981e-10,54.98046875,23.046875,1.1405952747507834e-09,0.0
elephant_065238.npy,elephant,4.084399583108152,4.348479276976432e-17,1.4571482069306294e-10,62.5,16.015625,6.591971090727658e-10,0.25,11.694646998188775,1.1502464744074922e-16,2.3699025008041643e-10,54.00390625,21.484375,1.2397809405710099e-09,4.0,5.918892213605008,1.2656892792103424e-16,2.4859854049539894e-10,54.78515625,23.4375,1.1405406195374627e-09,0.25
elephant_065239.npy,elephant,3.9857248939520695,4.6342318147408235e-17,1.504263442117576e-10,60.44921875,16.015625,6.593114251763734e-10,0.25,11.694157241784376,1.2177049387828938e-16,2.4384062205467014e-10,51.85546875,21.484375,1.2400725886708283e-09,2.25,5.9189459512356155,1.27127293409888e-16,2.4914628982847984e-10,53.61328125,23.046875,1.1405869017032765e-09,2.25
elephant_065240.npy,elephant,5.804421884354697,5.936230445194485e-17,1.702512855184248e-10,57.2265625,16.015625,1.2830599318368979e-09,0.25,11.694733157407885,1.595458020904911e-16,2.791114896900477e-10,49.90234375,21.09375,1.6646761679776925e-09,0.25,5.918264163283801,1.5072210461115934e-16,2.7128357422108633e-10,51.3671875,23.046875,1.3092877183379749e-09,0.0
elephant_065241.npy,elephant,6.6023216279312775,1.0260688490761645e-16,2.2383256693630865e-10,54.98046875,18.359375,1.8418683935434966e-09,1.0,8.265764425043637,2.3550048804130353e-16,3.391024515930514e-10,47.55859375,21.09375,2.8599059222750642e-09,7.5,6.751315629368835,2.35430046439777e-16,3.3905173257656766e-10,49.609375,20.703125,2.400079254767265e-09,0.25
elephant_065242.npy,elephant,6.602868571302831,1.6149480807928305e-16,2.8081112292333157e-10,53.61328125,17.1875,2.5193968331044704e-09,2.25,8.563427873961684,3.279545357373772e-16,4.001675282341337e-10,43.359375,13.28125,2.856994164274005e-09,2.0,8.484233139854359,3.9501661034591534e-16,4.3918015013256973e-10,49.4140625,15.625,5.56218674924934e-09,1.75
elephant_065243.npy,elephant,6.602458082091045,2.4327761457983115e-16,3.4465620224226083e-10,53.3203125,17.1875,3.068076042915432e-09,2.75,8.564090622675288,4.092437894483992e-16,4.4701909250791644e-10,42.3828125,13.28125,2.8573776920533387e-09,3.0,8.484268113344463,5.549147178005596e-16,5.205328539593389e-10,48.33984375,17.1875,5.562020134330188e-09,2.75
elephant_065244.npy,elephant,6.602237221391438,2.6563603777415144e-16,3.601459378771471e-10,55.17578125,17.1875,3.068266954187359e-09,3.75,8.56504836498574,4.2532041388840555e-16,4.557148048329657e-10,43.06640625,13.28125,2.8579467816856234e-09,2.0,8.484142487049128,5.875516771150453e-16,5.356215710194379e-10,47.4609375,17.1875,5.562592602071903e-09,3.0
elephant_066138.npy,elephant,1.82312652248564,6.434748579564463e-17,1.7725594714608197e-10,63.96484375,14.0625,9.420546563552745e-10,0.0,2.232114024697746,7.255105518982059e-17,1.8821615211480812e-10,73.2421875,12.890625,1.022196865805729e-09,0.0,2.4255985317012336,1.1007162846608143e-16,2.3183164653893528e-10,62.20703125,10.15625,1.0816343208472579e-09,0.25
elephant_066139.npy,elephant,2.043165456719908,4.714379547497148e-17,1.517215587326449e-10,99.51171875,14.0625,7.298595947430543e-10,0.0,1.7200993114942962,5.378285198260114e-17,1.6205294873784143e-10,88.18359375,72.265625,5.339034995599356e-10,0.0,2.2127976570463495,6.235701988188076e-17,1.7449287553994744e-10,82.6171875,10.15625,1.0220273492380108e-09,0.0
elephant_066140.npy,elephant,4.626970936822257,7.172759662274083e-17,1.871449719828125e-10,85.546875,10.15625,1.5580218986752059e-09,0.25,14.684560258488338,3.7641584615703735e-16,4.287152900018448e-10,109.1796875,64.84375,5.95532906988292e-09,9.25,2.3689576703556954,1.2358140042441483e-16,2.4564706527044813e-10,91.015625,10.15625,1.546203572698103e-09,0.0
elephant_066141.npy,elephant,17.45179053832206,3.1911064513100273e-16,3.947350309927818e-10,61.5234375,23.4375,5.068456939532834e-09,9.75,8.459618408939647,5.435190667202688e-16,5.151603335826685e-10,47.36328125,20.3125,4.555029123959145e-09,9.75,9.617129485608972,5.930405159026833e-16,5.381176120567019e-10,37.01171875,10.15625,6.11245019504318e-09,9.75
elephant_066142.npy,elephant,11.14262377013314,3.0238404354497357e-14,3.842505156303556e-09,46.484375,17.96875,3.745381098747314e-08,9.5,9.503124033603646,9.938564215047115e-14,6.966214580479469e-09,35.05859375,20.703125,7.077845731183784e-08,9.5,5.867334498380507,6.51178211331122e-14,5.638777447297636e-09,30.76171875,10.15625,4.9761377528992625e-08,9.5
elephant_066143.npy,elephant,8.951797303937727,3.773849960725028e-14,4.292668373092974e-09,48.6328125,20.3125,4.5184923529131426e-08,9.5,15.974983103061849,2.0673353240566208e-13,1.004709448646484e-08,41.69921875,20.3125,1.0397392520907642e-07,9.5,10.2063799493687,1.307632774425018e-13,7.990572980939576e-09,35.9375,20.3125,8.162818916225662e-08,4.25
elephant_066144.npy,elephant,1.13959713468256,5.802811651551805e-17,1.683271851702594e-10,61.9140625,17.96875,9.423300510820362e-10,0.0,2.232155512831177,6.188177181791077e-17,1.738266633617071e-10,72.265625,10.15625,1.02213114872847e-09,2.0,2.923731087368754,9.856334767387178e-17,2.1937783526688082e-10,63.8671875,10.15625,1.005216834767676e-09,2.75
elephant_066145.npy,elephant,2.0431978759857805,4.0252721521299906e-17,1.4019503978501601e-10,98.046875,15.234375,6.233858241516181e-10,0.0,1.7200907655564812,4.5773809683537774e-17,1.4950081273872704e-10,89.453125,10.15625,4.982282409201026e-10,0.0,1.7371979151094805,5.457023168974114e-17,1.6323486435886303e-10,80.859375,10.15625,1.0221507596286727e-09,0.0
elephant_066146.npy,elephant,4.626967532401476,6.683948820148188e-17,1.806556637594842e-10,84.86328125,10.15625,1.5577663665428915e-09,3.25,14.684575990846373,3.6803121254112654e-16,4.239136002755714e-10,110.64453125,61.71875,5.955299610423274e-09,9.25,2.033166792287224,1.1591906588424865e-16,2.3790987030552826e-10,90.52734375,10.15625,1.546173937375708e-09,0.0
elephant_066147.npy,elephant,17.451447199004267,2.6579782512809153e-16,3.6025559579391123e-10,58.0078125,20.3125,3.1399309327040953e-09,10.0,8.456095207741072,7.714007892902624e-16,6.137267646482723e-10,44.04296875,14.84375,4.558420206109819e-09,3.75,9.61698070633314,7.189917161656949e-16,5.925117500176943e-10,34.1796875,10.9375,4.752341144689938e-09,2.25
elephant_066148.npy,elephant,11.143086513997096,5.12368017922952e-14,5.001796639722984e-09,44.140625,18.359375,3.7439395628930777e-08,2.0,9.5024924167582,1.4568829187130103e-13,8.434267085247165e-09,33.7890625,20.3125,7.08093298179842e-08,3.0,5.864021787761836,1.1137689827993046e-13,7.374500058529208e-09,29.6875,16.40625,4.97798996912122e-08,2.25
elephant_066149.npy,elephant,8.950651840311114,5.800601085991898e-14,5.321958989901633e-09,47.65625,20.3125,4.5202386801578705e-08,3.25,15.974479267951246,3.6044524033286067e-13,1.3266448375743963e-08,39.84375,18.359375,1.0403796085403726e-07,3.75,10.206224364476148,2.589786029413026e-13,1.1245194349918232e-08,35.25390625,18.75,8.162995810168038e-08,5.25
elephant_066150.npy,elephant,1.1395849055855225,4.501588030993995e-17,1.4825791819524467e-10,60.3515625,15.234375,8.139692394553299e-10,3.25,2.2321921169475902,4.5502547734741824e-17,1.4905717321251065e-10,72.265625,10.15625,6.810629144496573e-10,1.0,2.923446645529737,8.093456017609987e-17,1.9879343100562016e-10,60.9375,10.15625,1.000302669348549e-09,3.0
elephant_066151.npy,elephant,2.0431880152908883,3.6344776100059524e-17,1.3321588758517953e-10,99.51171875,15.234375,6.234557321389642e-10,0.0,1.7201317598716466,4.245012752185071e-17,1.4397083499455252e-10,90.52734375,72.265625,7.123565599545218e-10,0.25,1.7372242884401778,5.3575438968419063e-17,1.6174016912566392e-10,79.1015625,10.15625,1.2666107455670405e-09,0.5
elephant_066152.npy,elephant,4.626967600623401,5.848882611210131e-17,1.6899407423057612e-10,84.47265625,10.15625,1.5669836923913742e-09,3.25,14.684515469845527,3.35862346935116e-16,4.049633151155943e-10,112.6953125,61.71875,5.955406987471966e-09,9.25,2.0331950413977924,1.0378707540906216e-16,2.2511615427281343e-10,86.71875,10.15625,1.509990213446759e-09,0.75
elephant_066153.npy,elephant,17.45177233586179,3.3284263385257013e-16,4.031387072842612e-10,55.46875,23.046875,3.1400675260500366e-09,3.5,8.456519337715408,1.035385613779342e-15,7.110269908577271e-10,40.91796875,23.046875,4.558189335167328e-09,4.75,9.616621251538273,9.249361159987733e-16,6.720334536985685e-10,34.1796875,11.328125,4.751930829868353e-09,3.25
elephant_066154.npy,elephant,11.143075398902951,8.023413311011462e-14,6.2591391426995096e-09,43.26171875,18.359375,3.7439959762565717e-08,3.0,9.501127121792628,2.0270763784437765e-13,9.948785794819388e-09,33.3984375,11.328125,7.085070841459039e-08,3.0,5.864935353610284,1.8837993681298194e-13,9.590745071263434e-09,29.78515625,11.328125,5.927316416838588e-08,3.25
elephant_066155.npy,elephant,8.95262398286124,7.892442038303865e-14,6.2078429941611435e-09,46.38671875,20.3125,4.5170917224811006e-08,3.25,15.974989189043129,5.088281247601505e-13,1.5762335892660144e-08,38.96484375,18.359375,1.0402442184236563e-07,4.0,10.207595265300315,3.9830070348334604e-13,1.3945707775969191e-08,35.3515625,18.75,8.161349070054525e-08,3.0
elephant_066156.npy,elephant,1.089142254893823,3.1722140617173955e-17,1.244561226827731e-10,59.765625,16.796875,5.672153558378547e-10,2.5,2.2322062357237966,3.347911873109124e-17,1.2785627064370228e-10,70.21484375,10.15625,4.962933501390126e-10,2.25,2.923645679413241,5.402995785955665e-17,1.6242479909518634e-10,60.7421875,10.15625,8.585909337715989e-10,2.25
elephant_066157.npy,elephant,2.04318740765203,3.1673332681556297e-17,1.2436034124034946e-10,99.0234375,15.625,6.234426318683347e-10,0.0,1.7407845081578766,4.1585435999946103e-17,1.4249697776391149e-10,90.13671875,72.265625,1.2862258945941745e-09,0.25,1.737191416983285,4.648361239460533e-17,1.5065548899576605e-10,79.19921875,10.15625,9.499395762777132e-10,0.25
elephant_066158.npy,elephant,4.626967177682145,4.7328445615206624e-17,1.5201839554984822e-10,83.49609375,10.15625,1.5575385847423773e-09,2.25,14.684502757738292,3.0135184250780427e-16,3.835941271050872e-10,111.328125,67.1875,5.955428192703261e-09,9.25,2.03318458087346,7.956687108829582e-17,1.9710659875707343e-10,83.88671875,10.15625,1.1030894156415341e-09,2.0
elephant_066159.npy,elephant,17.453246929219038,4.3198737623532696e-16,4.5927261626664153e-10,54.19921875,23.046875,3.1407295817373522e-09,4.5,8.455157419615217,1.2951862707290042e-15,7.952453528656402e-10,39.453125,15.234375,4.55888609160949e-09,4.0,9.616209313119773,1.165440864167761e-15,7.543625931585649e-10,34.86328125,11.328125,4.751475229263102e-09,3.5
elephant_066160.npy,elephant,11.143150461451885,1.1634031648877025e-13,7.53702827117773e-09,42.7734375,18.359375,4.389967779856033e-08,3.5,9.502402119921033,2.656064780542579e-13,1.1388180851761646e-08,33.59375,16.40625,7.0812748828219e-08,3.75,5.860571838463696,2.681542777613463e-13,1.1442670402408582e-08,31.25,18.359375,5.925000639728855e-08,3.5
elephant_066161.npy,elephant,8.951256954635413,9.661097839094179e-14,6.868284304864793e-09,45.8984375,20.3125,4.519340391377719e-08,4.0,15.975359338351225,6.85275396377705e-13,1.8292269600504778e-08,38.28125,18.359375,1.039970395358389e-07,4.0,10.205840273225627,5.66020408614739e-13,1.6624594811420686e-08,36.42578125,18.359375,8.236950567397667e-08,4.0
elephant_066162.npy,elephant,1.0130781506162172,2.4135667303628935e-17,1.0855871130683187e-10,58.0078125,16.40625,5.385304115970225e-10,2.75,2.2320771385162854,2.77661579469163e-17,1.1643751246921125e-10,69.82421875,10.15625,4.964909288173373e-10,1.25,2.9238621420952633,4.146238363932177e-17,1.4228599548580873e-10,60.546875,10.546875,9.73950450926569e-10,1.25
elephant_066163.npy,elephant,1.4339376657284044,2.8911821965789745e-17,1.1881540543731386e-10,98.828125,15.625,6.235730677582475e-10,0.0,1.7407650595926438,3.6527887160006457e-17,1.3355104792680176e-10,91.50390625,72.265625,1.1798306508454177e-09,0.25,1.7371737064691766,4.1718528061097573e-17,1.4272482275285123e-10,79.1015625,10.15625,1.1011243420055973e-09,0.25
elephant_066164.npy,elephant,4.626969479728073,4.115611228048878e-17,1.4175950743938629e-10,84.5703125,15.234375,1.5573997525254812e-09,1.25,14.684579257225895,2.860641316563954e-16,3.737375439868857e-10,114.0625,65.625,5.936657574876095e-09,9.25,2.0331963887766973,6.851133854703985e-17,1.82901071688828e-10,84.08203125,15.625,1.0637103614819468e-09,2.5
elephant_066165.npy,elephant,17.45157780110082,4.527383583545926e-16,4.701740651506933e-10,53.3203125,23.046875,3.1399854398752727e-09,3.75,8.456211277232882,1.361756950527836e-15,8.154265055784732e-10,39.0625,16.40625,4.558358454438452e-09,3.5,9.617086562545342,1.2581372601636692e-15,7.837887687791218e-10,35.7421875,11.328125,4.752464417233257e-09,3.5
elephant_066166.npy,elephant,11.143041429190555,1.2365122703122367e-13,7.770236527856773e-09,43.359375,17.96875,4.38934180806411e-08,4.25,9.502288673978235,2.7934492960332313e-13,1.1678993595677352e-08,34.375,16.40625,7.081684231689178e-08,3.75,5.867596893285196,3.0840961391727636e-13,1.2271537466656128e-08,32.32421875,11.328125,5.928821121422905e-08,3.5
elephant_066167.npy,elephant,8.95193610384647,1.0203571530134376e-13,7.058479057982978e-09,46.58203125,20.3125,4.5182665719693896e-08,3.5,15.97525938030575,7.203597909880472e-13,1.875468419337906e-08,38.671875,17.96875,1.0401248236342853e-07,4.25,10.205474254309841,6.073304804775398e-13,1.7220571598256364e-08,37.59765625,18.75,8.236554957462664e-08,5.0
elephant_066168.npy,elephant,1.0130664533038103,1.7485812679606326e-17,9.240126878167868e-11,59.1796875,14.0625,4.568728293623123e-10,1.75,2.2321298279164683,2.2806512223575725e-17,1.0552721116692052e-10,71.09375,12.890625,6.544704310933402e-10,0.25,2.9237309514837544,2.552459648333756e-17,1.116386217965345e-10,63.18359375,14.0625,7.575379074392141e-10,0.25
elephant_066169.npy,elephant,1.7139737087807883,2.499266827911278e-17,1.1046923240504813e-10,99.51171875,14.0625,6.235085508192604e-10,0.25,1.7407628687751597,3.027778094366887e-17,1.215897722935643e-10,91.796875,72.265625,9.971650889264342e-10,0.25,1.737196248727145,3.3922662472430975e-17,1.287004274871171e-10,80.37109375,14.0625,1.0404546684928351e-09,0.25
elephant_066170.npy,elephant,7.777969416245333,3.776639434127239e-17,1.3579625266166003e-10,85.546875,14.0625,1.7018947508567578e-09,9.25,14.684518849523904,2.896094854264588e-16,3.7604638218694256e-10,115.234375,58.59375,6.075327037442259e-09,9.5,2.340595555835556,6.128461746534747e-17,1.7298592318958123e-10,84.9609375,14.0625,1.1247867818017453e-09,1.5
elephant_066171.npy,elephant,17.452233500596364,4.582058829891503e-16,4.73004589093273e-10,53.22265625,22.65625,3.1402666467287324e-09,3.75,8.338893206582146,1.3881329078527096e-15,8.23285656022535e-10,38.76953125,16.40625,4.5575643409566886e-09,3.5,9.616369128010161,1.2683442193738859e-15,7.869616895797121e-10,37.3046875,11.328125,4.751650219807501e-09,3.5
elephant_066172.npy,elephant,11.142946128163217,1.256815263528746e-13,7.833768747511605e-09,44.43359375,17.96875,4.388979017782645e-08,3.75,9.502418469459318,2.831527420289814e-13,1.1758323639823773e-08,35.3515625,16.40625,7.081214099398588e-08,3.75,5.867021103047879,3.1114383523611624e-13,1.2325814407124784e-08,32.91015625,11.328125,5.928488932196891e-08,3.5
elephant_066173.npy,elephant,8.951844430519225,1.04426354454759e-13,7.1406884042165565e-09,46.77734375,20.3125,4.518416081092744e-08,3.5,15.975359895987333,7.333270716088189e-13,1.8922733924673613e-08,38.76953125,17.96875,1.0399726163755905e-07,3.75,10.205850672442867,6.176181475033603e-13,1.7365810118898144e-08,38.37890625,18.75,8.23696196780474e-08,4.5
elephant_066174.npy,elephant,1.013024829038126,1.2302127305546443e-17,7.75041811672851e-11,58.88671875,14.84375,3.781467629865129e-10,0.75,2.232136207452537,1.7967608529518993e-17,9.366560922934413e-11,73.92578125,12.890625,3.9157569701261393e-10,0.0,2.9237862525605145,1.9214116773826192e-17,9.686017218635233e-11,63.28125,14.0625,4.973604564172053e-10,0.0
elephant_066175.npy,elephant,1.7140258546728908,1.9993111279810178e-17,9.880415662862982e-11,99.0234375,14.84375,4.945594922464282e-10,0.0,1.740776045154212,2.3613968718862492e-17,1.073790396842283e-10,91.30859375,12.890625,8.252685547729789e-10,0.25,1.7371956194179459,2.779813723047383e-17,1.165045458107421e-10,80.6640625,14.453125,8.588392935075236e-10,0.25
elephant_066176.npy,elephant,7.777942569795971,3.2503446756329257e-17,1.2597945710110396e-10,88.0859375,14.84375,1.7018492155796028e-09,6.25,14.684507014113553,2.6947838670056677e-16,3.627412900486187e-10,118.1640625,64.84375,6.075307944024157e-09,9.5,2.340610143340845,5.5438638841198304e-17,1.6452856247982859e-10,87.890625,13.28125,1.566942995052886e-09,0.5
elephant_066177.npy,elephant,17.45203339432828,4.617420688091862e-16,4.748262782699958e-10,52.9296875,22.65625,3.140179435846449e-09,3.75,8.27047349838947,1.4103141463859993e-15,8.298373059160685e-10,37.5,16.40625,4.5578912554887034e-09,3.5,9.61692969127768,1.2759678822764267e-15,7.893232497005181e-10,37.98828125,11.328125,4.752282143015891e-09,3.5
elephant_066178.npy,elephant,11.143062945721091,1.268309497164811e-13,7.86950917568882e-09,44.53125,18.359375,4.389438940402031e-08,3.75,9.502465174801094,2.8681978973529497e-13,1.1834218413426675e-08,36.03515625,16.40625,7.081037766158692e-08,3.75,5.8669745337224235,3.140645954789132e-13,1.2383531534307493e-08,33.7890625,11.328125,5.9285058682915036e-08,3.5
elephant_066179.npy,elephant,8.95174785433999,1.0611233260238052e-13,7.1981013054489665e-09,47.8515625,20.3125,4.5185719650134783e-08,3.5,15.975346016086833,7.417052395115879e-13,1.9030521839410173e-08,38.4765625,18.359375,1.0400445141360018e-07,3.75,10.20628554326639,6.177649217154638e-13,1.736787345017745e-08,39.94140625,18.75,8.237447148575125e-08,4.5
elephant_066180.npy,elephant,1.013068826256442,8.593333599246646e-18,6.477625854823009e-11,60.64453125,14.84375,2.7741620128780615e-10,0.0,2.2321528909059474,1.535416131648086e-17,8.658607902147388e-11,77.44140625,16.40625,3.353417785196969e-10,0.0,2.923449499094971,1.7130972020913147e-17,9.145891116827543e-11,63.28125,14.0625,4.971000307641869e-10,0.25
elephant_066181.npy,elephant,1.7139939307168173,1.760017139877951e-17,9.27029324822592e-11,99.0234375,14.84375,4.761286438494349e-10,0.0,1.7407786718392342,1.9614776144623226e-17,9.786484258591953e-11,91.2109375,12.890625,7.756443974385084e-10,0.25,1.7371987967131863,2.3239893599447246e-17,1.0652513457679882e-10,79.00390625,14.0625,7.187057654208761e-10,0.25
elephant_066182.npy,elephant,7.777893138180397,3.2991863077891955e-17,1.2692244932832778e-10,90.8203125,14.84375,1.7017733815816646e-09,7.25,14.71374493956559,3.160872246794782e-16,3.928606180002349e-10,120.1171875,68.75,6.0753419381012174e-09,9.5,2.9715953775725854,4.981120917298571e-17,1.5595473535291236e-10,88.8671875,14.84375,1.752047740539088e-09,0.25
elephant_066183.npy,elephant,17.45258812058764,4.700736177480128e-16,4.790909450887399e-10,53.02734375,23.046875,3.1404171076694392e-09,3.75,8.27038715877921,1.4141278432297582e-15,8.309585494788716e-10,39.0625,16.40625,4.558167887173488e-09,3.5,9.616299217680696,1.2758958366212833e-15,7.89300965396113e-10,39.2578125,11.328125,4.751566183724953e-09,3.5
elephant_066184.npy,elephant,11.143211423813911,1.2681935362355162e-13,7.869149414739805e-09,44.921875,18.359375,4.389450330748692e-08,3.75,9.501956183820823,2.8656317621906577e-13,1.1828923276791329e-08,35.64453125,16.40625,7.082725247364017e-08,3.75,5.494954241243123,3.141800522299764e-13,1.2385807548477336e-08,34.47265625,10.9375,5.929462920043553e-08,3.5
elephant_066185.npy,elephant,8.951645501824816,1.0599658606394713e-13,7.194174416778946e-09,47.55859375,20.3125,4.518735389097612e-08,3.5,15.599141992744391,7.426966090285075e-13,1.904323577092929e-08,39.2578125,18.359375,1.04004160515517e-07,3.75,10.070595624497987,6.175836321669865e-13,1.7365324871537426e-08,40.72265625,18.359375,8.237545430030669e-08,4.5
elephant_066186.npy,elephant,1.013082277581345,7.703372083278379e-18,6.133035259998324e-11,61.1328125,14.84375,2.774327718091822e-10,0.0,2.2276976731334255,1.4643082839027715e-17,8.455733435068777e-11,76.171875,16.40625,3.3538868634801845e-10,0.0,2.9238924649924187,1.702591339235508e-17,9.117803613596247e-11,63.96484375,13.671875,6.324629520254673e-10,2.75
elephant_066187.npy,elephant,3.1089579697651577,1.67287847834587e-17,9.037893529494687e-11,99.12109375,14.84375,5.727299035876406e-10,0.0,2.236452241440258,1.7768083541172217e-17,9.314409289690891e-11,88.76953125,12.890625,6.023721122092145e-10,0.0,2.183927009728759,2.165709178502686e-17,1.0283361244339152e-10,78.22265625,14.0625,4.732829150177349e-10,0.0
elephant_066188.npy,elephant,7.777894980055046,3.586886506993244e-17,1.323408261740418e-10,91.11328125,15.234375,1.7017760533928309e-09,8.25,13.791266116951203,3.7665904175878567e-16,4.288537603120463e-10,121.58203125,56.640625,6.075474396541239e-09,9.25,2.9716918581826324,4.6961443921923904e-17,1.5142784598613924e-10,89.453125,15.625,1.6038087055065637e-09,0.25
elephant_066189.npy,elephant,7.668129696640549,4.668676241981768e-16,4.774544031926148e-10,54.8828125,23.046875,3.1403458774983875e-09,3.75,4.622397804764095,1.3988166490968027e-15,8.264477853692864e-10,40.13671875,16.40625,4.558112314179945e-09,3.5,3.5343123408172343,1.2607352890525896e-15,7.845976056920578e-10,41.6015625,11.328125,4.751910297422685e-09,3.5
elephant_066190.npy,elephant,9.497872996704785,1.2619382157699518e-13,7.849718271498167e-09,45.3125,17.96875,4.38914282222418e-08,3.75,6.08814858070382,2.849888877651155e-13,1.1796386326077164e-08,35.05859375,16.40625,7.081590071822041e-08,3.75,4.341965242712614,3.1258714467605677e-13,1.2354369337864068e-08,35.44921875,10.9375,5.928924832839274e-08,3.5
elephant_066191.npy,elephant,4.444860869585936,1.0500370096792647e-13,7.1604007124772945e-09,48.33984375,20.3125,4.51864605357316e-08,3.5,9.168537130897882,7.404984276631656e-13,1.9015033470451875e-08,39.6484375,18.359375,1.0400745927788317e-07,3.75,7.825669893420656,6.144730070068528e-13,1.7321537112870925e-08,41.6015625,19.140625,8.237671538137984e-08,4.5
elephant_066192.npy,elephant,1.0130645558732143,6.7357609055146656e-18,5.734933089972221e-11,63.671875,14.84375,2.7741092646023896e-10,0.0,1.5133767473968691,1.374757944651363e-17,8.193097873587245e-11,78.61328125,21.484375,3.353350241609831e-10,0.25,1.442466735146514,1.447606180977281e-17,8.407371500982415e-11,65.13671875,14.0625,4.87062658971939e-10,1.75
elephant_066193.npy,elephant,3.1089289296569405,1.5475035571944397e-17,8.692623144289343e-11,100.09765625,14.84375,5.727806592085368e-10,0.0,2.2364374456204605,1.56737842211867e-17,8.748265514804245e-11,89.2578125,21.09375,6.023125949291923e-10,0.0,3.1043074691395263,2.0079736936352833e-17,9.901797337328982e-11,81.73828125,14.0625,5.475344307757293e-10,0.0
elephant_066194.npy,elephant,7.777880758353623,3.7575439043581045e-17,1.354525095577729e-10,93.65234375,63.671875,1.7017556915378745e-09,9.25,13.79127963556019,4.0340547836757336e-16,4.438190298242817e-10,123.53515625,56.640625,6.07540763850957e-09,9.25,2.9716069432054604,3.947974326822699e-17,1.3884242288540257e-10,90.52734375,15.234375,1.0891492191946983e-09,0.25
elephant_066195.npy,elephant,11.447330030755298,4.945963954151902e-16,4.914286786491233e-10,56.8359375,22.65625,3.140492467303966e-09,3.0,21.094127878080595,1.4297269275931533e-15,8.355290846905597e-10,42.7734375,16.40625,4.5579346126564515e-09,3.25,23.49370163176536,1.3330771366059337e-15,8.067940075436642e-10,44.04296875,11.328125,4.751415020622705e-09,3.5
elephant_066196.npy,elephant,5.918246652238303,1.261023937723413e-13,7.846874183976129e-09,45.41015625,17.96875,4.3891720181489776e-08,3.75,3.7343659621335488,2.799037687469422e-13,1.1690669873170993e-08,35.44921875,16.40625,7.081964326814538e-08,3.75,6.235361810105938,3.0641498838756066e-13,1.2231790283871516e-08,36.03515625,11.328125,5.9297298683590264e-08,3.5
elephant_066197.npy,elephant,3.239153483541131,1.0286015301170664e-13,7.086937567648482e-09,50.09765625,20.3125,4.5188210364434855e-08,3.5,3.3133393046156985,7.368303122161512e-13,1.896787879249529e-08,40.0390625,17.96875,1.0401043054756732e-07,3.75,4.573387794921041,6.100675779022381e-13,1.72593325340981e-08,41.50390625,18.75,8.236856145330507e-08,4.5
elephant_066198.npy,elephant,1.404742587379179,6.791735261875201e-18,5.7587125152567744e-11,64.84375,14.84375,3.26658960488169e-10,0.25,1.5133771768035833,1.2835007391604546e-17,7.91649761759069e-11,82.51953125,16.40625,3.712431598140027e-10,0.25,2.522512342590903,1.4016229392664647e-17,8.272763751091309e-11,68.9453125,14.0625,4.996392836413457e-10,9.5
elephant_066199.npy,elephant,3.108938171519196,1.3792404365344296e-17,8.206444080121286e-11,102.05078125,14.84375,5.727644084952067e-10,0.25,2.236433450844229,1.395835660816221e-17,8.255667030942565e-11,89.55078125,16.40625,6.02296018244472e-10,0.0,3.1042578153834746,1.8987261718599357e-17,9.628667553734962e-11,81.93359375,14.0625,5.47584648986904e-10,0.25
elephant_066200.npy,elephant,7.777894728306028,3.44884649744105e-17,1.2976929832701715e-10,96.58203125,14.84375,1.7017756875796165e-09,8.25,13.791296827016035,3.7828844179907363e-16,4.2978035462571335e-10,126.7578125,57.8125,6.075314329266132e-09,8.5,2.9716802132914943,3.237137285695443e-17,1.2572324527632024e-10,91.2109375,13.28125,8.432824132424125e-10,0.0
elephant_066201.npy,elephant,11.44745045072934,3.811996953714609e-16,4.3143094900064383e-10,58.984375,22.65625,2.546344684475121e-09,3.25,21.094105084551423,1.2090001712215749e-15,7.683307327279604e-10,45.5078125,16.015625,4.4945886586078105e-09,3.25,23.492426596761483,1.1298218558926905e-15,7.427454665446318e-10,44.43359375,11.328125,3.5741452566242843e-09,3.25
elephant_066202.npy,elephant,5.918266747747101,1.1569666242335487e-13,7.51615000840881e-09,47.94921875,22.65625,4.389196595040526e-08,3.25,3.734408788894777,2.3954409510403574e-13,1.0815030752962169e-08,36.23046875,16.40625,7.044243094635528e-08,3.25,6.2354009596219395,2.83080528162365e-13,1.1756824152031015e-08,36.23046875,11.328125,5.929043962144335e-08,3.75
elephant_066203.npy,elephant,3.239145441097612,8.519707130596712e-14,6.449816468211848e-09,51.3671875,20.3125,4.531549942450834e-08,3.25,3.313097891989482,6.445418207863789e-13,1.7740284268603167e-08,41.2109375,16.40625,1.0359556235276735e-07,3.75,4.573310564089582,5.498653433068106e-13,1.6385632034240503e-08,42.578125,21.875,8.237313046521558e-08,4.0
elephant_066204.npy,elephant,1.4047299306997703,5.7077097075186465e-18,5.279173828000305e-11,67.28515625,16.40625,3.2669085738333194e-10,8.5,1.079166944847059,1.0269493431471981e-17,7.081243598116031e-11,86.71875,16.40625,2.966966066884056e-10,0.0,2.5225228912048396,1.168168410098243e-17,7.552448156017245e-11,70.60546875,14.0625,4.996066747536072e-10,8.5
elephant_066205.npy,elephant,3.1089101711628166,1.2452227307017999e-17,7.797556742182055e-11,103.22265625,14.84375,5.728139335507862e-10,0.25,2.23644356768595,1.1724647972886424e-17,7.566323921172652e-11,89.94140625,16.40625,6.023375684096278e-10,0.25,3.1042632645844837,1.6244248402126096e-17,8.906043967497933e-11,83.0078125,14.0625,5.47579112822422e-10,0.25
elephant_066206.npy,elephant,7.777932527731476,3.223570741874675e-17,1.2545952141252547e-10,98.53515625,63.671875,1.7018331522389437e-09,7.25,13.791284206656842,3.5903352103599e-16,4.186995777921856e-10,128.61328125,57.8125,6.075382723429204e-09,9.25,2.971676219460741,2.796501876991987e-17,1.168537304550006e-10,92.96875,13.28125,8.432874848090037e-10,6.25
elephant_066207.npy,elephant,11.447464732119505,2.912782743436983e-16,3.7712825390625925e-10,59.86328125,23.046875,2.2595321932617617e-09,7.75,21.09413095325684,8.857477826067223e-16,6.576427863786986e-10,47.75390625,18.75,3.605978604864559e-09,7.75,23.492699748203076,8.399992789276696e-16,6.404341479917363e-10,45.703125,17.96875,2.918679566115911e-09,8.25
elephant_066208.npy,elephant,5.918365544793812,8.911732422024654e-14,6.596538370002653e-09,48.73046875,24.609375,4.389321690033501e-08,3.0,6.74304634483378,1.7581604438150743e-13,9.26540219961648e-09,35.9375,16.40625,5.4912322865099147e-08,2.75,6.235384708104341,2.3749985705571336e-13,1.076878484686109e-08,36.328125,18.359375,5.9295268542722804e-08,3.0
elephant_066209.npy,elephant,3.239142184122859,5.699108167686393e-14,5.275194460873572e-09,51.26953125,20.3125,3.712608107485983e-08,2.75,3.3131827992450056,4.460779590754813e-13,1.4758438381306636e-08,41.30859375,18.359375,6.81618299133486e-08,3.5,4.573237788331018,3.989486090177743e-13,1.3957045729557531e-08,43.1640625,18.359375,8.237661481146775e-08,3.0
elephant_066210.npy,elephant,1.4047350246756523,4.966672382560541e-18,4.924563939372845e-11,69.23828125,9.765625,3.266779579755941e-10,0.25,1.0791684387080664,9.446097165736968e-18,6.791429990589245e-11,90.8203125,23.828125,3.0112740972596955e-10,0.0,2.522518575536019,1.0173459130858052e-17,7.048056002359291e-11,74.8046875,12.890625,4.996199364478252e-10,7.5
elephant_066211.npy,elephant,3.1089464841271663,1.145917059066462e-17,7.48017255146762e-11,101.171875,55.078125,5.727498704712164e-10,5.5,2.236438198520351,1.025371565456786e-17,7.075801789872977e-11,88.76953125,72.265625,6.023156938538834e-10,5.25,3.1042842055394386,1.4259306899209523e-17,8.344190911574141e-11,82.71484375,11.328125,5.475578953424147e-10,0.25
elephant_066212.npy,elephant,7.7117367480264285,3.094734849816746e-17,1.2292684820197266e-10,100.1953125,63.671875,1.7017550622342236e-09,6.5,13.77559911577272,3.494504759264792e-16,4.130739827179584e-10,129.4921875,57.8125,6.07539433103554e-09,9.5,2.971620877380364,2.394157637989036e-17,1.081213338881062e-10,97.16796875,12.890625,8.433568769288633e-10,3.25
elephant_066213.npy,elephant,11.447502359706755,2.124772680308408e-16,3.221003974395002e-10,62.6953125,17.96875,2.2617317356384906e-09,7.25,21.094132644544935,5.644313729761808e-16,5.249773864996718e-10,48.73046875,16.40625,3.1507646438552506e-09,6.75,23.492046204757308,5.801283089305383e-16,5.322271844287827e-10,46.875,11.328125,2.918902385562383e-09,7.25
elephant_066214.npy,elephant,5.918471110267158,5.805841841978395e-14,5.3243626021370046e-09,49.90234375,19.53125,4.385837401788214e-08,2.25,6.743033808153904,1.0978122460548378e-13,7.321483017592568e-09,35.7421875,16.796875,4.5115567142404876e-08,1.75,6.2354004341608,1.7095971795030504e-13,9.136543371561391e-09,36.23046875,10.9375,5.824920820739466e-08,3.75
elephant_066215.npy,elephant,3.2391442460448956,4.066657949062079e-14,4.456088898002898e-09,52.63671875,20.3125,3.8213457493487155e-08,3.75,3.313269951847233,2.7031574747559525e-13,1.1488694924666944e-08,41.11328125,17.96875,6.824990245080513e-08,3.75,4.573294066800154,2.838172923081732e-13,1.1772113754965597e-08,43.45703125,19.53125,8.237397302960579e-08,3.25
elephant_066216.npy,elephant,1.4047278881108047,4.093416901987451e-18,4.47072558056694e-11,72.36328125,9.765625,3.266960536152215e-10,0.25,1.0791706670220558,8.240059569854188e-18,6.343080156235507e-11,92.28515625,28.90625,2.9593438783466175e-10,0.0,2.5225180806582355,8.418296416059006e-18,6.411315229267557e-11,78.80859375,12.109375,4.996214641091035e-10,0.25
elephant_066217.npy,elephant,3.1089399323840636,1.0188993277222102e-17,7.05343488921788e-11,103.7109375,55.078125,5.727613227161295e-10,4.5,2.236440197814263,8.583150685872149e-18,6.473786794323713e-11,90.91796875,72.265625,6.023238848548392e-10,0.25,3.1042575493290565,1.2129471125082801e-17,7.695838695551211e-11,83.203125,12.109375,5.475849194468204e-10,5.5
elephant_066218.npy,elephant,7.895114465388421,3.1228316583731414e-17,1.2348360804940914e-10,104.296875,63.671875,1.7018255265986336e-09,9.25,29.081847628256863,3.7397311422251745e-16,4.273219625516147e-10,131.4453125,56.640625,6.075333217104504e-09,9.5,2.9716902506063567,2.295098987901137e-17,1.058609372094401e-10,101.26953125,66.40625,8.432697621543657e-10,4.5
elephant_066219.npy,elephant,11.447457342404048,1.2058393276359478e-16,2.4264969280780886e-10,65.8203125,17.578125,1.916921231628324e-09,6.5,21.094121641221037,2.783813673705929e-16,3.686846918932522e-10,50.68359375,16.40625,2.3496667515707167e-09,6.25,23.493070949963396,3.8269268568883627e-16,4.322749853206892e-10,48.33984375,10.9375,2.9266240213954976e-09,6.25
elephant_066220.npy,elephant,5.918366123941044,2.7161299122506985e-14,3.64175137635199e-09,49.90234375,17.578125,3.09503474653566e-08,2.75,6.74286273978385,4.935884871795661e-14,4.909276968206698e-09,35.15625,16.015625,3.075354586127216e-08,1.5,6.235402010582367,7.489931344039529e-14,6.047473058296168e-09,36.328125,10.15625,5.278887742147686e-08,5.75
elephant_066221.npy,elephant,3.239150850045745,1.9503874577645956e-14,3.0859968014591637e-09,53.90625,14.84375,2.404874243691455e-08,2.75,3.3131103153091597,1.1514844709538023e-13,7.498321657763897e-09,41.796875,17.578125,5.8118863180831845e-08,2.75,4.573276521703458,1.5406480957019653e-13,8.673347554315319e-09,43.75,19.921875,7.937447310411409e-08,2.25
elephant_066222.npy,elephant,1.4047343103222838,3.7374697679408426e-18,4.2719274456939976e-11,72.16796875,9.765625,3.266797618548087e-10,0.25,1.0791727746918047,7.72111142342608e-18,6.140092782051234e-11,94.921875,22.65625,2.9592474496352867e-10,0.0,2.5224997905546584,7.817783167465433e-18,6.178411557381865e-11,79.4921875,12.109375,4.996789727294427e-10,5.5
elephant_066223.npy,elephant,3.1089460796885278,9.120717153553984e-18,6.673436275738145e-11,102.24609375,55.078125,5.727505760919933e-10,4.5,2.2364411431152966,7.769319781284327e-18,6.159231424825047e-11,90.234375,71.875,6.023277386854485e-10,0.25,3.1042184094353735,1.0636021971115046e-17,7.206504078319472e-11,83.49609375,12.109375,5.47624870796212e-10,1.25
elephant_066224.npy,elephant,8.171129362857242,3.451652042874662e-17,1.2982206954366016e-10,105.859375,62.890625,1.6957477113054626e-09,9.25,29.081837843462253,4.416437648525001e-16,4.643773999204578e-10,132.12890625,57.8125,6.8767167847491304e-09,9.5,4.845283836408447,2.319022313278054e-17,1.064112359624349e-10,101.26953125,66.015625,9.857535615185228e-10,9.5
elephant_066225.npy,elephant,11.447454461862137,8.26055274786244e-17,2.0083508213002048e-10,69.04296875,17.1875,1.91692713026518e-09,5.5,21.0940991370412,1.7060397257601092e-16,2.8862210758079555e-10,52.734375,15.625,2.3495651178404274e-09,5.5,23.492837511934404,2.1063007787138005e-16,3.2069723683037055e-10,49.8046875,10.9375,2.8117205310386696e-09,3.75
elephant_066226.npy,elephant,5.918367775548315,9.92608763612587e-15,2.201527305889501e-09,50.87890625,17.96875,1.3001543299091155e-08,5.0,6.742992345298694,2.5777299029654833e-14,3.547755881092109e-09,35.3515625,15.625,1.5991179215123163e-08,0.5,6.235398275737038,2.272539388712405e-14,3.3311234942504444e-09,36.81640625,11.71875,2.6455294059288404e-08,4.75
elephant_066227.npy,elephant,3.2391440379496554,9.701998300639849e-15,2.176534828054516e-09,55.2734375,22.265625,1.5715693103764512e-08,5.25,3.3131656977019537,3.8916710459079906e-14,4.359162766959684e-09,42.67578125,19.140625,2.583901259861903e-08,2.25,4.5733119317078526,2.9590865543439713e-14,3.801139936404956e-09,43.359375,23.4375,2.2743190960553026e-08,4.75
elephant_066228.npy,elephant,1.4047477116755283,3.584873059056295e-18,4.183809625649011e-11,72.75390625,9.765625,3.2664619017972204e-10,0.25,1.0791636750239155,7.448678619193697e-18,6.030796056100863e-11,95.41015625,22.65625,2.959670078987055e-10,0.0,2.5225192778567345,7.08869466614351e-18,5.883261588993716e-11,80.6640625,9.375,4.996177708901987e-10,0.25
elephant_066229.npy,elephant,3.10893094118692,7.37004152191275e-18,5.99887746738626e-11,101.46484375,55.078125,5.727771142528171e-10,3.5,2.2364435523767177,6.8881597816597854e-18,5.799447618858685e-11,89.6484375,71.875,6.023375065875715e-10,0.25,3.1042479410232406,1.012921856595791e-17,7.032714627303695e-11,80.859375,12.109375,5.475946968399476e-10,1.25
elephant_066230.npy,elephant,8.171122681688802,3.2538151975360334e-17,1.260466957885803e-10,107.8125,52.734375,1.6709655485156694e-09,9.5,29.08184346069226,3.985682995724729e-16,4.4115011903616387e-10,132.91015625,57.8125,6.876679245688963e-09,9.5,4.845276647688878,2.2561571378858177e-17,1.0495900282888122e-10,101.5625,66.015625,9.857300937688051e-10,8.5
elephant_066231.npy,elephant,11.447182857856552,7.429035749772033e-17,1.9045888958495414e-10,70.41015625,17.1875,1.9173612072660795e-09,4.5,21.094120853962927,1.437126020222682e-16,2.6490030003038056e-10,55.46875,19.140625,2.3496620927477632e-09,4.5,23.492459324580306,1.956526675321538e-16,3.0908498680530324e-10,50.0,11.328125,2.811853144469862e-09,3.75
elephant_066232.npy,elephant,5.918407293177433,6.937065763560177e-15,1.840445365220975e-09,50.87890625,19.53125,1.014565213362077e-08,4.25,6.743346105492985,2.1573499041078803e-14,3.245602421531596e-09,35.44921875,10.9375,1.4543680242090856e-08,6.25,6.235388502503571,1.7775006624740326e-14,2.9460486169590763e-09,37.20703125,11.71875,1.889473073992678e-08,3.75
elephant_066233.npy,elephant,3.239141141953954,6.454331246435476e-15,1.7752546096049355e-09,56.0546875,19.140625,1.4284053574441695e-08,4.25,4.46295269093308,2.366766179494321e-14,3.399481649577199e-09,42.578125,19.140625,1.9532399735143373e-08,3.75,5.361437654482076,1.933540692606885e-14,3.0726400152181114e-09,43.45703125,13.28125,2.1330874815160223e-08,4.25
elephant_066234.npy,elephant,1.4047381333332298,3.3270308871735777e-18,4.030541899518877e-11,76.46484375,13.671875,3.2667012707153995e-10,0.25,1.0791599198978468,7.415625782893776e-18,6.01740062386044e-11,96.38671875,28.90625,2.9598495008546014e-10,0.0,2.522522620044569,7.274426477366954e-18,5.959837290901348e-11,81.73828125,9.375,4.996075048357245e-10,0.25
elephant_066235.npy,elephant,1.1354609543473786,6.542246142570096e-18,5.6519519852010464e-11,100.78125,55.078125,5.727862839080727e-10,1.25,1.2026053975399138,6.6614642255047685e-18,5.7032167053863125e-11,89.74609375,71.875,6.022614154576184e-10,2.5,3.1043101245250373,9.569600613895503e-18,6.83568325023451e-11,79.19921875,12.109375,5.475317594931513e-10,2.5
elephant_066236.npy,elephant,8.171097046704428,3.3252120254126276e-17,1.2742208145700296e-10,108.10546875,63.671875,1.6710025596003282e-09,9.5,29.081847409885864,4.171101446753455e-16,4.512948734804757e-10,132.71484375,58.59375,6.876628355780754e-09,9.5,4.845288218894583,2.312754544056202e-17,1.0626733645457302e-10,99.4140625,66.40625,9.857676947662778e-10,9.5
elephant_066237.npy,elephant,11.447201563791616,6.935813676739902e-17,1.8402792646350323e-10,71.58203125,17.1875,1.9168028614091863e-09,8.25,21.092145080991816,1.1627971664461718e-16,2.3827967893397765e-10,56.73828125,17.1875,2.3496550426137503e-09,9.25,23.492882741483456,1.832980205864005e-16,2.9916715497268976e-10,50.1953125,11.328125,2.811699939181664e-09,8.5
elephant_066238.npy,elephant,5.918119177840885,5.034966642507638e-15,1.5679540190681398e-09,52.24609375,14.453125,1.0146054066346212e-08,2.25,6.743085604333367,1.664775966133327e-14,2.8511031018073313e-09,34.66796875,11.328125,1.2663331500004543e-08,5.75,8.752151506510323,1.3947963653586618e-14,2.6096990492636962e-09,37.109375,11.328125,2.198927207929902e-08,9.75
elephant_066239.npy,elephant,3.2390716596645643,3.913577804478282e-15,1.3823627101245573e-09,56.73828125,18.75,8.383011488543276e-09,3.5,5.6337823865334045,1.4449810740038664e-14,2.6562326047260063e-09,42.48046875,18.75,1.4116745765614097e-08,2.75,6.305656811690758,1.4209229015468868e-14,2.6340273546813077e-09,42.67578125,13.28125,1.616231056342662e-08,9.25
elephant_066240.npy,elephant,1.4047546009325058,3.3864715135323527e-18,4.066387270928544e-11,77.24609375,13.671875,3.266291480122559e-10,0.25,1.0791739566457341,7.402938092251446e-18,6.012250714463886e-11,96.875,28.90625,2.959193742570563e-10,0.0,2.522492788378043,7.498802644651212e-18,6.051053403196504e-11,81.8359375,9.375,4.997015580878953e-10,0.25
elephant_066241.npy,elephant,0.45217484751527004,6.25086430240275e-18,5.524653686121504e-11,99.12109375,86.71875,5.724802107094724e-10,1.25,0.7309542561153841,6.4402115441812655e-18,5.6077041140356704e-11,89.2578125,71.875,5.991508851908707e-10,1.5,0.7446942130966832,9.004084067932053e-18,6.630630003095443e-11,78.41796875,9.375,5.475385754444714e-10,1.25
elephant_066242.npy,elephant,8.171179229832774,3.039051959612809e-17,1.2181593038903787e-10,106.4453125,62.890625,1.6653072990907323e-09,8.5,29.081833170522962,3.706630397715403e-16,4.254266239769761e-10,131.15234375,60.546875,6.876740229797854e-09,9.5,4.845248866081518,2.080177511438141e-17,1.0078252207138422e-10,99.0234375,66.015625,9.856357731949685e-10,8.5
elephant_066243.npy,elephant,106.02239636594643,1.2758814459429054e-16,2.495974734000345e-10,72.16796875,53.90625,3.90279135054628e-09,9.75,75.06816096557019,2.1415468487524124e-16,3.2336932016540915e-10,57.6171875,16.796875,5.523437828945245e-09,9.75,44.575709525570204,3.1949092290959583e-16,3.949701598879985e-10,50.09765625,11.328125,5.167738503094229e-09,10.0
elephant_066244.npy,elephant,20.9266695075943,6.357832163048845e-15,1.7619336638658374e-09,53.02734375,14.453125,1.597616249330499e-08,10.0,7.94469008189531,1.9133496737102935e-14,3.0565548749635665e-09,34.47265625,11.328125,1.5484849924321128e-08,6.0,8.751857650328137,1.3777619831490895e-14,2.5937142158196925e-09,36.23046875,11.328125,1.8091897950790908e-08,9.75
elephant_066245.npy,elephant,18.608810557895687,4.179434566161269e-15,1.4285445510233247e-09,57.2265625,18.75,1.3430565374646438e-08,9.75,5.633510625444595,1.4340367986030765e-14,2.6461543427546106e-09,43.1640625,18.75,1.41184295823011e-08,9.75,6.305260917763647,1.3541274760794466e-14,2.5713713397318117e-09,41.2109375,11.328125,1.616542875303969e-08,8.5
elephant_066246.npy,elephant,0.48035947181100064,3.595621795275759e-18,4.19007721256362e-11,75.78125,14.84375,3.2668425087275874e-10,0.25,0.6835423028780446,7.380609689987612e-18,6.003176929917411e-11,97.0703125,22.65625,2.9584113235859297e-10,0.0,0.8965000602826833,7.529666922220154e-18,6.063493363454197e-11,80.56640625,22.65625,4.996512766111845e-10,0.25
elephant_066247.npy,elephant,0.420317929160232,4.512793961409542e-18,4.694158792019612e-11,95.703125,29.296875,3.7931465225816196e-10,0.25,0.3341959104625696,5.162996822357538e-18,5.020950649196591e-11,87.6953125,72.65625,2.904072223908531e-10,0.5,0.6388589515804777,7.61770701427721e-18,6.098838826420193e-11,75.29296875,13.671875,5.489715188642059e-10,0.25
elephant_066248.npy,elephant,8.17113682625262,2.872384619102366e-17,1.1842852495476236e-10,105.56640625,62.890625,1.665376942940742e-09,9.5,29.08181745028066,3.3859319407678397e-16,4.0660633055242104e-10,131.15234375,58.203125,6.876799224297668e-09,9.5,4.845254573497106,1.8559556001174048e-17,9.519602514652733e-11,95.41015625,64.84375,9.856556527056978e-10,9.5
elephant_066249.npy,elephant,106.02257449017549,1.1894136537320235e-16,2.4099136615475245e-10,71.09375,46.09375,3.9028398637136955e-09,8.5,75.06819790914668,2.1626131733124239e-16,3.249559144763266e-10,54.78515625,11.328125,5.523446704805945e-09,9.75,44.575526567062035,3.2692724773016794e-16,3.9954029231198454e-10,47.0703125,11.71875,5.167669597901662e-09,9.75
elephant_066250.npy,elephant,20.926821951694524,7.050213051901947e-15,1.8553939855860796e-09,50.87890625,18.75,1.5973816113451225e-08,9.75,7.944737971214528,2.6227600885304375e-14,3.578609470838852e-09,34.1796875,12.5,1.895466191785418e-08,7.0,8.752247705839219,1.7072482260391074e-14,2.887243145061839e-09,34.5703125,11.71875,1.5677800912251578e-08,10.0
elephant_066251.npy,elephant,18.6084054473579,4.048687736849235e-15,1.4060221580787464e-09,56.640625,33.203125,1.3429079301991455e-08,8.25,5.633779296371107,1.334642356578719e-14,2.552804023369602e-09,42.578125,11.328125,1.41017355445228e-08,10.0,6.305323528437588,1.635113012900507e-14,2.825588479999035e-09,39.94140625,11.71875,1.6170538146258223e-08,9.5
human_000479.npy,human,4.013856721923649,8.29167984503923e-17,2.0121311585817566e-10,59.765625,26.5625,1.081051673899348e-09,4.5,9.967425522048154,8.105753020172392e-17,1.9894439466547055e-10,52.5390625,21.875,1.7444029650632377e-09,0.75,10.86543420794337,1.9810061182848565e-16,3.1101256304107356e-10,43.45703125,17.96875,2.013869322715747e-09,1.25
human_002135.npy,human,7.480482044129087,4.6421744785537555e-17,1.5055519775505347e-10,57.32421875,14.84375,8.824433646318348e-10,3.75,8.7092216231586,8.254181850238203e-17,2.0075762081578928e-10,63.4765625,18.359375,1.2448906131600436e-09,4.0,3.103620843468837,1.1287790203828408e-16,2.3476831793202186e-10,46.6796875,15.234375,8.857284702062314e-10,0.0
human_002457.npy,human,4.467352625833384,9.320870593148819e-16,6.746262924249948e-10,49.31640625,10.9375,3.944611998333246e-09,4.0,9.538536438068261,4.654380952271545e-15,1.5075300824034459e-09,35.3515625,10.9375,8.785684455971205e-09,0.25,4.322564054067538,4.023386625396667e-15,1.4016220070625197e-09,32.2265625,14.453125,6.9543696306136725e-09,3.75
human_002616.npy,human,15.404490493288302,1.3414752663590646e-16,2.5593304200549936e-10,45.8984375,17.1875,1.7490307922144631e-09,3.5,8.195425884418968,1.3472406047946e-16,2.5648242172902674e-10,57.32421875,19.53125,1.4924885599450143e-09,4.25,13.467255503980413,1.9282616688754175e-16,3.068442631051744e-10,47.65625,19.53125,1.8345687144567276e-09,2.5
human_003022.npy,human,0.8921780812318251,1.5173125683199963e-17,8.607411210695108e-11,56.8359375,17.578125,6.167496191245194e-10,0.5,1.7622244565811178,2.6709614192456088e-17,1.1420071718211843e-10,47.94921875,13.28125,6.381264887418567e-10,0.75,3.0949763974662496,4.341053244933039e-17,1.4559034668385334e-10,31.34765625,9.375,7.414430872607573e-10,0.25
human_003932.npy,human,19.484043785531306,7.0138736134298945e-15,1.8506061102534936e-09,62.5,37.890625,1.2499059778686931e-08,9.25,32.53615287730571,8.871055145301822e-15,2.081242392218385e-09,66.6015625,39.0625,1.5970987971074967e-08,9.25,25.94469168520173,1.50511741248235e-14,2.710941924061907e-09,60.546875,21.484375,2.3601503643546886e-08,9.25
human_004269.npy,human,3.5276159689942,1.4460045455735117e-15,8.402719244496487e-10,71.38671875,14.84375,4.610163054463102e-09,0.0,5.761822535510884,2.2775889883740703e-15,1.0545634159354887e-09,67.7734375,24.609375,5.347571198546516e-09,2.5,10.047862877769244,5.1095206182476884e-15,1.5795198999628825e-09,60.64453125,24.609375,1.0408426591272996e-08,7.5
human_004735.npy,human,1.7438370869137065,1.6636530185670238e-16,2.8501413569719305e-10,93.75,15.625,3.4758578215941076e-09,0.25,1.8737893800280103,1.7482351995083686e-16,2.9216955154669105e-10,73.73046875,12.5,1.0407366369615991e-09,0.0,2.0326159457621897,1.4786052350501728e-16,2.686959643215436e-10,74.31640625,8.984375,1.1971721020278938e-09,0.0
human_005262.npy,human,4.017329179930424,1.687652722373647e-17,9.077715466164972e-11,52.34375,14.0625,4.3080723292403957e-10,2.75,3.818957437659333,1.8943842828930664e-17,9.617652133610261e-11,47.55859375,14.453125,3.352101984839667e-10,7.0,2.8799716787307097,2.5002340821672577e-17,1.1049060697331838e-10,39.84375,14.84375,3.9135186372097966e-10,0.0
human_005461.npy,human,0.6511068718411829,4.7114044177760074e-18,4.796342813401885e-11,105.46875,17.1875,2.80047929911417e-10,0.0,1.6240550136526606,7.492305172669231e-18,6.048431313235192e-11,78.80859375,12.890625,3.2530825494517133e-10,7.5,2.1492040498743314,7.045180457813948e-18,5.86517648533867e-11,75.48828125,12.890625,2.9908875485385206e-10,0.5
human_005872.npy,human,1.2868456199953655,5.581498228532159e-18,5.2204797977776606e-11,71.58203125,12.890625,3.042548369374003e-10,0.5,2.1260117988737064,6.336704506757204e-18,5.562458087428652e-11,63.18359375,16.40625,3.4736926201297113e-10,0.5,1.7096901901642325,8.098167365735937e-18,6.288229706404458e-11,55.56640625,15.625,3.426791629178187e-10,0.25
human_006078.npy,human,5.134237757576909,1.9284116866128986e-16,3.0685619903367674e-10,47.0703125,20.703125,1.9432769909436613e-09,1.25,5.109582906010952,1.2413604041207442e-16,2.461976867934754e-10,46.875,21.09375,1.3094030041058083e-09,1.5,5.221127339537017,1.6809548960339977e-16,2.8649236601157463e-10,45.99609375,16.40625,1.682520430806223e-09,0.25
human_006171.npy,human,3.630893426702297,4.702588922402224e-17,1.5153171276227002e-10,70.01953125,25.78125,6.864882327511051e-10,3.0,4.76966843492607,6.345697045243633e-17,1.7602513699392107e-10,69.43359375,22.65625,1.0853908166467335e-09,3.0,15.094861203833178,1.151712481496962e-16,2.37141225877311e-10,64.2578125,19.140625,1.8177146539663949e-09,1.25
human_006260.npy,human,11.41781721676318,5.658240717888815e-17,1.662171125525783e-10,52.34375,27.34375,1.3842404578053051e-09,7.75,13.018553511423075,6.543026562002324e-17,1.787410749793594e-10,63.28125,27.34375,9.943797270622584e-10,7.75,13.215418901464004,1.3324684266084876e-16,2.550724110777027e-10,47.65625,27.34375,1.6691873418596363e-09,7.75
human_006385.npy,human,14.051121729325233,5.2989735789088847e-17,1.6085364288155255e-10,46.97265625,22.265625,1.4513594652789793e-09,1.75,9.875214069706077,6.667148702314193e-17,1.8042848174004713e-10,55.078125,26.5625,1.1237067813383784e-09,7.75,17.67999468945633,1.1357152996075497e-16,2.3548853180919423e-10,46.6796875,19.140625,1.436740323314757e-09,8.0
human_006583.npy,human,84.78906920684197,1.1932748838120316e-15,7.633175956712537e-10,79.296875,41.40625,1.2821355442136397e-08,9.25,35.26336852168554,1.2205829164881282e-15,7.720024301719968e-10,63.18359375,28.90625,1.2380542597239794e-08,9.25,32.178358485321866,1.3382735535630304e-15,8.083649445489941e-10,56.25,25.0,1.1652813363517625e-08,9.5
human_007704.npy,human,211.60119319016394,7.515096166357159e-15,1.915588825917264e-09,88.96484375,60.9375,2.6716098502981946e-08,10.0,482.1073609806355,4.530222350101586e-15,1.4872870038716602e-09,87.79296875,41.40625,1.5510134065800336e-08,10.0,704.7040849695642,1.626513938222704e-14,2.8181487875869946e-09,78.80859375,49.21875,3.408631697064486e-08,10.0
human_008663.npy,human,6.433435465490638,3.4620502466563235e-17,1.300174689032269e-10,100.0,57.421875,1.7322170423946797e-09,7.25,8.094169576228019,4.554437499009702e-16,4.715767631110901e-10,134.08203125,57.421875,7.311685530322552e-09,8.25,4.831948626031962,2.4641457526590863e-17,1.0969029894619531e-10,88.671875,14.453125,1.1378719691492437e-09,9.0
human_008760.npy,human,1.4933162905655009,1.533199999051245e-17,8.652356973892957e-11,60.546875,11.71875,4.851118901840611e-10,0.75,3.5914950535726207,4.736409349042061e-17,1.5207563504591863e-10,41.6015625,12.109375,6.795763000452492e-10,0.25,2.5134052714898982,3.9252828377825667e-17,1.3844284057458584e-10,43.359375,12.5,7.837241387211669e-10,0.25
human_008880.npy,human,1.5497670930387017,8.238602329365298e-18,6.342519249978985e-11,93.45703125,16.40625,2.9996955813235465e-10,0.0,5.715369701586716,1.5208343148659462e-17,8.617394503593518e-11,66.2109375,12.890625,4.3749335266325536e-10,9.5,6.274459900801063,1.6957755214147256e-17,9.099535105244575e-11,69.43359375,16.015625,5.722184198526129e-10,2.5
human_009497.npy,human,1.8513502912619575,1.503815024699848e-17,8.569041253426329e-11,50.390625,12.890625,6.500385837124414e-10,0.25,3.871100566695087,2.286612690069671e-17,1.0566504164448531e-10,68.1640625,15.234375,7.862548450008071e-10,9.25,4.668382695427237,4.3067120259346586e-17,1.4501333495280383e-10,48.53515625,14.84375,1.0096684029774405e-09,3.75
human_009502.npy,human,5.800391218385498,2.0847376057904244e-17,1.0089292760532602e-10,73.2421875,17.96875,7.62363679092827e-10,0.25,5.458367651894547,2.0559866326564434e-17,1.0019479642061154e-10,66.9921875,15.234375,7.866311500083774e-10,4.75,5.306854613989611,3.929646008513515e-17,1.3851976267285798e-10,51.953125,15.234375,6.356836407932001e-10,3.25
human_010398.npy,human,0.38908701807183776,6.422137737877483e-18,5.599829856632244e-11,99.90234375,14.453125,5.976193619706737e-10,0.25,0.8670394645508913,7.819609355207586e-18,6.179133135377853e-11,76.85546875,11.328125,3.860088978980976e-10,0.25,1.190158782324252,7.941945709079812e-18,6.227281251285851e-11,62.40234375,10.9375,2.2911316801924003e-10,0.0
human_010801.npy,human,10.04480199966548,3.455582386165964e-17,1.29895961715332e-10,74.90234375,13.671875,1.8780746768544287e-09,5.25,74.94205822865425,3.0778242635341557e-16,3.876653039257946e-10,111.23046875,64.0625,7.009331131561597e-09,5.25,3.6361459530740645,4.390067321569441e-17,1.4640995728979907e-10,68.06640625,13.671875,1.1103441181100212e-09,0.25
human_011078.npy,human,1.9598128748598638,9.465854733604762e-18,6.798528797940735e-11,83.69140625,14.0625,3.520741798777183e-10,0.25,6.840822038037966,2.3678143582309235e-17,1.0752485083016591e-10,56.640625,13.28125,5.62832971301328e-10,0.5,8.516362132065751,3.4021859849209663e-17,1.2888846439653513e-10,48.4375,12.890625,6.264243431438859e-10,5.25
human_012155.npy,human,3.3842391565846817,2.0301590930853207e-17,9.956347822723786e-11,39.0625,17.578125,4.323001705116116e-10,0.0,5.36737322396274,3.0651468658286005e-17,1.223378004984711e-10,56.0546875,11.71875,5.560916102152599e-10,0.25,3.6269924754084704,3.82917743858382e-17,1.367375422546239e-10,38.0859375,13.28125,5.208612669939374e-10,0.0
human_012596.npy,human,0.4318584816734843,5.204765418613796e-18,5.0412194601678644e-11,84.27734375,16.40625,2.289256180660756e-10,0.25,0.4486159669863697,4.5243404403626295e-18,4.70016021604138e-11,77.44140625,18.359375,2.004120959361187e-10,0.25,0.7331274733634611,8.60427252563377e-18,6.481747406492414e-11,66.6015625,26.953125,3.4056504489242386e-10,0.75
human_012914.npy,human,0.9758340394939307,1.044812137604482e-17,7.142563801357944e-11,77.9296875,11.71875,3.796268384931427e-10,0.0,1.8555621341190467,1.2131246005164754e-17,7.696401732926467e-11,73.14453125,13.671875,2.893410825330173e-10,0.0,2.6176001462774527,2.222298991769054e-17,1.0416846593738114e-10,62.98828125,11.71875,4.2756426041296297e-10,0.25
human_013463.npy,human,0.6511792739283148,3.1285445636394536e-18,3.908464724434106e-11,54.1015625,17.578125,2.444896647260468e-10,4.0,2.4170352159359147,7.157127416532805e-18,5.911591259004558e-11,92.08984375,18.359375,3.3403428546030315e-10,0.25,1.4573143284340209,5.87226470096344e-18,5.354733185245839e-11,72.36328125,11.71875,2.6297621244133107e-10,0.25
human_013542.npy,human,0.242270522539988,3.214090043485164e-18,3.961539983447712e-11,111.5234375,12.890625,1.3583368048390334e-10,0.0,0.9379647861479989,6.0670017167522435e-18,5.442796323589494e-11,81.54296875,12.5,2.5635869515275525e-10,1.5,0.4140659540022931,4.8644964228933254e-18,4.873645857046736e-11,84.66796875,12.109375,2.4570800432293745e-10,0.25
human_014590.npy,human,0.6558598900983037,6.30206531958362e-18,5.547233843843199e-11,46.484375,16.40625,1.8617547748262883e-10,0.0,1.292129244738622,1.2205252250824688e-17,7.719841854337427e-11,72.55859375,14.453125,3.7496431187236973e-10,0.0,2.678629718776134,1.4969344220229032e-17,8.549415247567348e-11,53.22265625,14.84375,3.6920803494318535e-10,0.25
human_015345.npy,human,2.930007873307101,3.3237204308036134e-17,1.273934993083763e-10,48.046875,18.359375,4.5804292922409117e-10,0.0,2.963301423820997,3.7414166134914804e-17,1.3516151748209944e-10,48.6328125,15.625,4.932755380047371e-10,0.0,2.5385178532463155,5.622094581673911e-17,1.656853454581293e-10,41.40625,11.328125,5.88491460603976e-10,0.0
human_015355.npy,human,10.642458944937019,2.613550973614322e-15,1.1296671794538062e-09,57.03125,19.140625,1.267348026953068e-08,8.75,10.930335263298723,1.8136544964906045e-14,2.975858673752087e-09,39.2578125,17.578125,2.1529069027035266e-08,8.5,7.809241319043302,8.143496782579741e-15,1.994070407074187e-09,42.08984375,16.796875,1.440457794413997e-08,9.25
human_015800.npy,human,3.154030540898678,5.32852050040494e-16,5.100800574996389e-10,56.54296875,19.140625,2.0023208950501893e-09,0.0,2.5507309769434783,1.3074213694075254e-15,7.989927036782115e-10,43.65234375,19.140625,2.7832110085043997e-09,0.0,2.455297656669123,1.8506920383455904e-15,9.50609394992724e-10,42.08984375,13.671875,3.2223384827925896e-09,0.0
human_016139.npy,human,6.249730764663,4.155132701631817e-17,1.4243852672183396e-10,65.4296875,15.234375,1.8128697697185615e-09,9.25,26.109815882813415,3.493286685353322e-16,4.1300198417594517e-10,104.98046875,58.59375,6.963516481395843e-09,9.25,5.98592523178077,6.129917544054209e-17,1.7300646811052238e-10,53.3203125,21.09375,1.0796646457394245e-09,0.25
human_016514.npy,human,19.310160507088383,2.2942588789979295e-16,3.347004023392723e-10,58.30078125,17.578125,3.037675605300732e-09,7.5,14.350384983831061,5.66811110247302e-16,5.260829187736857e-10,45.01953125,14.84375,3.9295297373596455e-09,6.25,16.40950261113829,8.877423080437808e-16,6.583828095033332e-10,42.7734375,14.84375,4.561520498762074e-09,7.5
human_018758.npy,human,12.738292466261434,2.4120090887741652e-17,1.0852367542974253e-10,80.859375,12.5,1.3731806100794784e-09,8.25,13.58739330358543,4.733948152926872e-17,1.5203611812810548e-10,60.15625,14.453125,1.3550065341699592e-09,8.25,4.204614057202561,3.7001595434856295e-17,1.3441423016528392e-10,55.859375,11.328125,8.168434351515866e-10,8.25
human_018774.npy,human,12.738297952119085,2.6085404341876258e-17,1.1285837956840763e-10,84.66796875,55.859375,1.373295407525345e-09,4.25,13.587494230185667,3.729973176385298e-17,1.3495465775703645e-10,63.8671875,13.28125,1.3549383963309525e-09,4.25,4.204896249367251,3.2548093702486505e-17,1.2606595051070388e-10,58.30078125,11.328125,5.99528927236552e-10,0.0
human_018801.npy,human,5.501767769944658,7.096079098541477e-17,1.8614194509391767e-10,59.86328125,17.578125,1.504507774890588e-09,0.25,7.566802187420845,3.3874855115193315e-16,4.066996016621541e-10,89.74609375,26.171875,6.252743946722707e-09,7.25,3.5451132492977577,1.2626314071102102e-16,2.4829805511784266e-10,57.32421875,21.09375,1.0470326301603913e-09,0.0
human_019079.npy,human,2.2369219072980293,2.3435387796752854e-17,1.0697224148176586e-10,48.828125,15.234375,1.0073399086176978e-09,2.5,3.0724766153069942,4.249139027248556e-17,1.440407899051067e-10,61.81640625,27.734375,1.2861838634206603e-09,0.5,3.6005426697405913,6.310225634291893e-17,1.7553247165393895e-10,45.41015625,12.109375,2.002400668239488e-09,8.75
human_019496.npy,human,15.514888338427534,9.454960642340653e-17,2.148646085595042e-10,66.015625,16.015625,1.3738956735581173e-09,7.25,11.677950845683107,9.640205026147752e-17,2.1695924410874287e-10,65.625,17.578125,1.140161610167844e-09,9.25,23.949828309600168,1.7220054784081544e-16,2.899694789980459e-10,61.1328125,19.53125,1.899354963351308e-09,5.0
human_019842.npy,human,12.900412687849693,1.8621868022121818e-17,9.53556972350193e-11,91.2109375,51.953125,1.4814925221039567e-09,9.25,16.1748077784721,2.4276777712839428e-17,1.088755958311934e-10,75.09765625,13.671875,1.200373955332282e-09,0.25,6.034400112304159,2.0359829978474802e-17,9.970618452070639e-11,68.1640625,15.234375,8.041861599317499e-10,9.25
human_020484.npy,human,5.125834036708557,1.721806153219975e-16,2.899526962716403e-10,45.5078125,12.890625,1.7756795583164409e-09,3.0,16.260061044532552,5.105845676571816e-16,4.993083926055702e-10,70.80078125,17.1875,7.671433733093489e-09,8.0,7.2104568082991065,3.311142737289236e-16,4.02090650810487e-10,46.38671875,14.453125,1.9264809303143187e-09,4.25
human_020994.npy,human,1.3408385811100445,1.0042816935515041e-17,7.002656072373149e-11,87.5,17.1875,5.047743502448573e-10,0.25,2.5367565200120694,2.516460689619882e-17,1.1084857108251139e-10,55.17578125,12.5,4.0544984466127503e-10,0.25,4.0823244233018245,2.5079771418390705e-17,1.1066156576646694e-10,50.78125,11.71875,3.963016606562486e-10,0.25
human_021827.npy,human,0.5285363577149139,5.003019992210736e-18,4.9425508146822816e-11,81.4453125,25.390625,2.148426363719836e-10,0.0,0.7935427602272797,9.07714999699812e-18,6.657478612036045e-11,95.21484375,16.40625,2.4327244576664936e-10,0.0,1.5050449378391535,9.13288787193699e-18,6.677887320267715e-11,81.54296875,20.3125,3.044446375354855e-10,0.0
human_022104.npy,human,0.8792462276355213,8.489323742493768e-18,6.438305373807253e-11,68.26171875,14.84375,2.3549075444442345e-10,0.0,1.6782728807684706,1.0680303741621409e-17,7.221490193400929e-11,62.5,14.84375,2.9445067225214164e-10,0.0,2.6045132233103763,1.5593055217036678e-17,8.72570713048157e-11,52.1484375,13.671875,3.655607936087232e-10,0.0
human_023873.npy,human,15.323836848559267,7.154589832968512e-17,1.8690778653868747e-10,58.0078125,14.0625,1.7470221835884317e-09,7.5,16.237536958942908,3.1295862642465175e-16,3.9091153642341127e-10,93.45703125,21.875,6.190939635240739e-09,9.25,14.116258221528437,1.08523074610158e-16,2.3019509665605654e-10,50.48828125,17.1875,1.7594617910817235e-09,0.75
human_024408.npy,human,5.0338735010272195,3.4193769168225997e-15,1.292136848467408e-09,41.796875,17.96875,7.30332805943987e-09,6.75,3.250533136212752,2.574787566357119e-15,1.1212584409427257e-09,46.2890625,15.234375,4.630910328429364e-09,0.0,6.055412565251094,5.785077237426353e-15,1.6806976958504723e-09,42.96875,17.96875,8.826812107283112e-09,6.75
human_024997.npy,human,0.38443216615085285,1.5807410912427357e-18,2.7782120796626867e-11,71.19140625,17.1875,1.5928611142732332e-10,0.25,1.1095512103635121,6.966352848205622e-18,5.832271835796837e-11,99.0234375,21.484375,4.5080416457614477e-10,3.75,0.6058222024124392,4.7560103318865445e-18,4.8189943659092164e-11,79.39453125,11.71875,2.1783028697820222e-10,0.0
human_025171.npy,human,5.060866535519866,9.03002436459377e-17,2.099807511243424e-10,45.21484375,15.234375,1.447430429202041e-09,0.0,8.182946783865614,3.0603383937161334e-16,3.865625248658625e-10,71.38671875,16.40625,5.95941739151728e-09,9.25,2.7560034302531142,1.587753509915581e-16,2.7843675556820214e-10,42.578125,14.84375,1.0236678746093087e-09,0.0
human_025411.npy,human,0.4460512632012032,3.980147940203205e-18,4.4084369241572986e-11,56.0546875,10.15625,1.6626135512255192e-10,0.0,1.053178870513621,1.1796571502014438e-17,7.589495819036984e-11,74.70703125,10.15625,4.828325209283971e-10,0.25,1.1934247161814961,1.0097739105248724e-17,7.021778031584827e-11,50.68359375,10.546875,2.5520305049311116e-10,0.0
human_025415.npy,human,0.42338601441493295,3.756333928237792e-18,4.282694742679379e-11,55.37109375,10.15625,1.6898284206213005e-10,0.0,1.0531952393176154,1.0549275235174724e-17,7.177056010945684e-11,75.9765625,10.546875,3.3343252955880384e-10,0.25,0.8915286331093444,9.403473384093834e-18,6.776090125084722e-11,53.80859375,10.546875,2.551362063452169e-10,0.0
human_026753.npy,human,0.5909721791427345,4.008155025488546e-18,4.4239201462496234e-11,59.375,11.71875,3.5365376627325516e-10,0.25,1.9909691572860206,1.600466688829915e-17,8.840123728801718e-11,52.44140625,13.28125,3.690681329509995e-10,0.0,9.057761188159676,3.1330512645730745e-17,1.2368549582630218e-10,29.98046875,13.671875,7.372538688346653e-10,0.25
human_027658.npy,human,5.219796592310193,7.243022653346732e-15,1.8805935645307467e-09,56.93359375,18.359375,1.0298955702260075e-08,2.5,4.665614390906674,2.4024856261580815e-14,3.425038225549462e-09,32.91015625,13.671875,1.699623579287028e-08,6.75,5.506167552029515,1.6282787733353015e-14,2.819677277265304e-09,36.03515625,16.015625,1.2901689418586572e-08,0.25
human_027962.npy,human,11.139621374149057,2.2515160130022986e-16,3.3156794978160637e-10,58.49609375,20.3125,2.50197337498352e-09,9.25,8.313762601097698,6.362755632108344e-16,5.573880401919656e-10,37.59765625,14.84375,2.994832275226178e-09,0.5,13.166341747158487,7.208339990627419e-16,5.932703650991296e-10,39.94140625,14.0625,3.750552718593008e-09,9.5
human_028088.npy,human,5.889469895529686,1.3035443337951017e-16,2.522887743709358e-10,62.59765625,16.40625,1.3515037996530822e-09,3.5,3.911276298378974,2.0679757280359851e-16,3.1776623065629093e-10,84.765625,16.40625,2.095300476941144e-09,6.75,6.123576189680712,2.4784956659564414e-16,3.478797151161294e-10,53.41796875,13.28125,1.8450681652444965e-09,9.0
human_028136.npy,human,2.7762965218241082,2.2151252280868395e-16,3.288775023130614e-10,53.125,20.3125,1.3504287454979958e-09,0.0,4.513724591522909,2.8933764968919246e-16,3.7586985681522934e-10,72.8515625,25.0,2.2815607185687133e-09,0.25,5.9429242920730845,7.570129819392226e-16,6.079763524081434e-10,51.3671875,22.265625,3.789189247709365e-09,0.25
human_028200.npy,human,6.196581274589962,1.3738342932643066e-17,8.190345084353663e-11,48.2421875,16.015625,6.11270164048583e-10,2.25,4.032181498324386,1.7484831420672598e-17,9.239867608426698e-11,73.828125,14.84375,4.2147875266881273e-10,0.25,7.840420564670972,2.4298309486178208e-17,1.0892386758097581e-10,47.4609375,12.890625,5.450788824599755e-10,0.75
human_029557.npy,human,5.225061378055811,2.872982230398852e-17,1.1844084408205386e-10,54.19921875,21.484375,5.887609033933689e-10,4.0,7.688843348760626,1.1182443962476034e-16,2.336702316524882e-10,40.4296875,18.359375,1.3944394040605074e-09,2.25,6.138412874625905,2.0996589931159475e-16,3.201912112679541e-10,32.32421875,18.359375,1.283367135439465e-09,0.25
human_029703.npy,human,5.8853465540654435,1.2420735085956916e-17,7.787690321070748e-11,58.88671875,16.796875,5.435666344588279e-10,4.5,2.449144933714126,1.03237050630703e-17,7.099909585922412e-11,50.390625,12.890625,3.244722227829282e-10,0.25,7.393801961178984,1.741376872749475e-17,9.221071934147377e-11,48.53515625,10.9375,5.910421956683384e-10,3.25
human_029732.npy,human,7.845753879343531,2.5965588080827976e-17,1.1259888900469571e-10,64.55078125,14.0625,6.100585780026956e-10,0.5,10.744108547658401,8.083250632158943e-17,1.9866805789391153e-10,111.23046875,87.109375,2.328802846166489e-09,8.25,14.800604625174588,4.297250836800185e-17,1.448539612905474e-10,62.98828125,14.0625,9.385023897649067e-10,3.25
human_029847.npy,human,4.727613235195361,3.982144265672039e-15,1.3944197286766546e-09,45.60546875,12.890625,5.714305300452025e-09,1.5,4.544167231997721,3.110620712494556e-14,3.897252583260074e-09,29.4921875,12.890625,1.7216076682850537e-08,0.25,4.705417880440984,2.26977476636957e-14,3.3290966644743006e-09,28.125,9.765625,1.2271149229986401e-08,0.5
human_029849.npy,human,17.859170544907006,3.706814726258144e-17,1.345350559540425e-10,42.578125,13.28125,7.689091130474516e-10,7.25,13.867830464705515,4.4484910590701253e-17,1.4738096128525504e-10,57.12890625,16.015625,7.931269084808048e-10,7.5,9.465930248596099,4.258735536435554e-17,1.4420335332960094e-10,52.05078125,18.359375,9.076223174703202e-10,7.75
human_029922.npy,human,5.094505126025833,2.1664065590792463e-17,1.0285016784990744e-10,69.921875,11.328125,1.073737123150154e-09,3.0,29.62965995180835,1.082113909052574e-16,2.2986429304147635e-10,43.45703125,10.9375,1.3701924810290173e-09,1.0,6.420295045483184,3.612661728104097e-17,1.3281547290981682e-10,55.56640625,12.109375,1.0677386001824792e-09,2.75
human_030019.npy,human,5.8892774040779825,2.957683288090159e-17,1.201740942554914e-10,81.15234375,9.765625,1.3229990047298694e-09,9.25,39.824577644472335,3.0328910567650414e-16,3.8482513383497385e-10,118.359375,53.90625,6.149234037824638e-09,9.25,3.7958578385233483,2.933756540172516e-17,1.1968702146143964e-10,72.8515625,12.5,8.733797540490773e-10,7.25
human_030216.npy,human,1.0938053613207162,1.7784115105926697e-17,9.318610386782876e-11,86.1328125,12.109375,1.5180612153294778e-09,0.25,3.4449690779373863,1.8428413633046422e-17,9.485909995493815e-11,55.56640625,12.109375,3.466536437662637e-10,0.25,6.8473921610639135,2.647660275389313e-17,1.1370148938525116e-10,55.6640625,13.671875,1.2395284293137987e-09,8.0
human_030366.npy,human,4.292998039642552,1.5692629136945443e-15,8.753523045479541e-10,50.29296875,9.375,3.850383921368083e-09,0.0,5.574488359640991,5.685473771443401e-15,1.6661663302211451e-09,35.3515625,15.625,8.375758407328434e-09,6.75,4.46014310314203,8.717451679471325e-15,2.0631452209834525e-09,29.98046875,13.28125,8.787870401344292e-09,0.0
human_030647.npy,human,4.070017222006139,2.856290390806985e-17,1.180962760795709e-10,59.27734375,14.0625,4.961354294459424e-10,0.25,3.071579531296087,2.4547397240489876e-17,1.0948074629282058e-10,57.421875,14.0625,3.9236831354500833e-10,0.0,6.387954794350474,3.352025510393045e-17,1.279347961364149e-10,53.22265625,12.5,6.608783717595317e-10,0.5
human_030656.npy,human,9.731478737324286,4.57761152200592e-13,1.4950457772186954e-08,36.71875,12.5,1.1216246009477213e-07,4.75,11.250354855975294,8.403616987126412e-13,2.0256674472862813e-08,29.00390625,12.890625,7.830688351856356e-08,0.0,20.095671099054105,1.2110142963605202e-12,2.4316981194111764e-08,26.953125,10.9375,1.144177811232841e-07,6.0
human_031222.npy,human,2.2222251837158673,1.3480355855549178e-17,8.113078951663402e-11,45.99609375,25.390625,4.071156065353923e-10,0.0,2.538284132036267,1.9499964659311473e-17,9.757800530244729e-11,67.96875,11.71875,3.7043143432407e-10,0.0,2.505587783759005,2.2795409795902563e-17,1.0550152221368916e-10,55.76171875,14.84375,4.710759370655951e-10,0.5
human_031454.npy,human,6.574202868722325,4.0199759995903225e-14,4.43043892413603e-09,38.18359375,16.796875,2.3721575127996465e-08,1.75,5.830261057726642,2.2049828972234637e-13,1.037618333148029e-08,28.80859375,11.328125,4.6874345837082144e-08,4.5,3.788304155576773,1.1896974289130688e-13,7.621725183391615e-09,27.9296875,10.546875,3.669230216592595e-08,0.25
human_031681.npy,human,14.123677978720881,4.2346774132937653e-16,4.5472118718065537e-10,42.96875,14.84375,2.671001480362236e-09,4.0,21.03646341137348,3.0152572059119947e-15,1.2133810438498767e-09,34.375,15.625,8.599513453053318e-09,6.75,11.158646244856502,2.964104642041684e-15,1.203044770466551e-09,32.03125,16.015625,6.545668196404598e-09,3.75
human_031865.npy,human,7.435336102440044,7.616779765399888e-15,1.9285047951260487e-09,36.62109375,11.71875,7.941962183925979e-09,3.25,9.215135040029391,4.415178003768833e-14,4.6431117094603164e-09,31.54296875,13.28125,2.2674475074444943e-08,3.25,14.140864547713122,6.37087349838393e-14,5.57743496186444e-09,29.296875,11.328125,4.058847411533978e-08,6.25
human_031987.npy,human,2.0915305607631587,9.385452901598443e-18,6.769594282236281e-11,66.50390625,15.625,3.026294839107354e-10,0.25,1.9171791195830439,1.1307624608347258e-17,7.430545793072377e-11,57.8125,16.015625,3.038859988139614e-10,0.25,2.4472956273974678,1.3239282627885456e-17,8.04020737956876e-11,54.39453125,14.453125,3.0069681911431735e-10,0.0
human_032009.npy,human,18.24045569609846,8.013653019163548e-15,1.9781093279349982e-09,42.87109375,22.65625,1.0440860096068838e-08,4.0,7.533780206811993,3.163038801803598e-14,3.929952340605625e-09,33.59375,13.671875,2.3294031096875267e-08,4.0,17.68512750057398,5.011803299257948e-14,4.946887485799323e-09,31.34765625,12.890625,3.4616048897450346e-08,3.75
human_032252.npy,human,2.873379502295439,1.7855379032145083e-16,2.9527016092114e-10,45.99609375,14.84375,2.0336526936908424e-09,0.25,9.39535381094098,5.119521909563836e-16,4.999766551954417e-10,67.96875,15.234375,6.878635548363377e-09,9.25,3.946781407303722,3.4658326861037725e-16,4.113758763298606e-10,44.04296875,13.671875,2.276395508069741e-09,1.5
human_033620.npy,human,1.6649446057622368,1.3858150764897505e-17,8.22598029305481e-11,74.12109375,14.0625,3.921060015671112e-10,0.25,1.1848131509630002,1.2062507354554753e-17,7.674565896007531e-11,67.7734375,16.796875,3.29622408618779e-10,0.25,1.9632632859261154,2.0024882218396377e-17,9.88826300252039e-11,57.51953125,18.75,4.654417613892668e-10,0.75
human_033762.npy,human,2.8198427428025923,1.84370762778439e-17,9.488139254506632e-11,94.140625,16.015625,5.856679380982932e-10,0.0,4.068934311540242,3.845734434172921e-17,1.3703284338748855e-10,61.5234375,12.109375,7.068423400070502e-10,1.0,3.772003051150991,3.956382412367969e-17,1.3899019209242959e-10,68.26171875,12.5,8.197673969817556e-10,9.75
human_034123.npy,human,2.4137117581010186,1.5155797745754569e-15,8.602494910224721e-10,61.5234375,16.015625,3.1015956502466367e-09,0.0,3.51650841172757,4.32112317760012e-15,1.4525575467300972e-09,48.33984375,16.796875,6.671376696352934e-09,0.0,3.2641636931805134,4.201637954718471e-15,1.4323341204402618e-09,45.41015625,14.453125,6.312446213666033e-09,0.0
human_034138.npy,human,3.328103569273397,2.276137222137019e-17,1.0542272658191835e-10,79.8828125,14.0625,7.140856904189207e-10,2.5,7.128117442802893,8.847528678694852e-17,2.0784807823609942e-10,116.30859375,83.984375,1.9943076113194852e-09,6.25,4.413114508745087,3.676579933540849e-17,1.339852620878223e-10,83.0078125,16.015625,7.766291586859682e-10,0.25
human_034663.npy,human,6.734021058643817,2.541322885504148e-15,1.1139480756245204e-09,63.57421875,17.96875,7.3356598207004804e-09,1.0,4.767248138003856,7.709634084497857e-15,1.940224154014484e-09,44.23828125,12.890625,8.505464128598472e-09,9.0,8.383777162781984,6.164558846164863e-15,1.734946252511569e-09,42.7734375,17.96875,9.561476099601534e-09,8.0
human_035506.npy,human,1.7246848787691977,1.0948980081178348e-17,7.311758803641477e-11,52.63671875,12.890625,3.362433630974896e-10,0.0,6.12361821711576,4.294462462210521e-17,1.4480695767559758e-10,45.60546875,10.15625,7.918322080193945e-10,0.25,4.315672023241269,5.1112309551775036e-17,1.5797842383796483e-10,31.25,12.890625,7.352665777745381e-10,1.25
human_036697.npy,human,3.1121445662039795,6.5557727828705346e-15,1.7891508961336948e-09,48.33984375,12.5,2.754782595159991e-08,0.25,6.5259031758542525,1.3712444503291662e-14,2.5875721328347316e-09,31.640625,10.9375,1.0765113963684356e-08,10.0,5.342101170737843,1.1250190688585968e-14,2.343769863310201e-09,33.10546875,11.328125,1.3161930681217255e-08,7.75
human_036784.npy,human,7.627266720084658,1.4094616708180672e-16,2.623382752200171e-10,88.4765625,15.625,2.254163227526181e-09,6.5,8.70734725227922,1.1610954149173095e-16,2.381052541556134e-10,86.62109375,16.40625,2.5209499013297677e-09,4.0,9.188206185113968,2.3290960251031874e-16,3.3723195555988103e-10,70.99609375,21.875,3.797658371368224e-09,6.5
human_037263.npy,human,4.009508215553841,2.7050380690268183e-14,3.6343078703406527e-09,44.62890625,11.328125,2.374002666128692e-08,3.5,5.920655596121006,1.225399431554749e-13,7.735241212714974e-09,34.66796875,16.015625,3.6569191810755525e-08,3.5,8.564135256530797,1.9794754535551266e-13,9.831280429355142e-09,33.0078125,11.328125,6.300418331616823e-08,3.75
human_037271.npy,human,6.559318200937602,1.0879773385256432e-16,2.3048621104677266e-10,57.2265625,16.40625,1.4148732648436236e-09,0.0,5.13056383970328,1.373753688627526e-16,2.5899385480647206e-10,59.86328125,16.796875,1.3761452038871187e-09,0.0,5.4958020962854555,2.4474473778614247e-16,3.456938913217008e-10,49.31640625,16.40625,1.6459689166713078e-09,0.0
human_037381.npy,human,7.8821579042799055,1.1331389435082204e-13,7.438349949820009e-09,38.76953125,17.1875,5.7522602162785985e-08,9.25,8.8641883687434,2.1799558822995744e-13,1.0317129364091976e-08,30.37109375,15.625,4.854423121640239e-08,7.0,8.107516269536177,1.788359291085654e-13,9.34463648356862e-09,27.83203125,10.9375,4.3994392500784734e-08,7.5
human_037493.npy,human,592.7823527948549,2.335737793106445e-13,1.0679405270380258e-08,53.61328125,26.5625,2.010867144438086e-07,6.75,36.287398111960364,5.1897235683397117e-14,5.033929589399692e-09,36.42578125,12.5,5.2227087568605786e-08,6.5,591.4554833000924,3.188684582345656e-13,1.2477880003123387e-08,37.3046875,26.5625,2.752338974602081e-07,5.75
human_037615.npy,human,8.735439090550573,2.6028377572217363e-16,3.564992108888077e-10,39.0625,16.796875,1.9406418571605715e-09,7.25,5.502136820030598,2.653622891056157e-16,3.599603175731339e-10,48.14453125,16.796875,1.934137770267162e-09,1.5,4.843226346358034,5.325358189409585e-16,5.09928676720838e-10,40.625,19.921875,3.3288023880475804e-09,3.25
human_037915.npy,human,3.7190110442067117,3.24903803895357e-16,3.9830194011048927e-10,40.625,13.671875,1.5654239212296853e-09,0.0,5.54933390706424,1.372937566473381e-15,8.18767165395377e-10,32.12890625,14.453125,3.828618484639769e-09,6.75,4.01509902983632,3.699263598816169e-15,1.3439795586650333e-09,30.56640625,13.28125,9.444106901248488e-09,2.0
human_037987.npy,human,2.6342731217173876,8.271467099785239e-14,6.355157193033868e-09,42.3828125,14.0625,4.002281204213607e-08,3.25,2.617947013007418,3.1191831972642495e-13,1.2341145289393461e-08,33.0078125,12.109375,9.974128881833397e-08,3.25,2.639097324714566,2.3007080625461746e-13,1.0599021693841013e-08,31.93359375,12.890625,6.017648566295406e-08,2.5
human_037999.npy,human,9.41657778613214,4.9964334045425554e-17,1.5619426200446016e-10,52.44140625,16.40625,6.182351897139643e-10,8.25,10.706383708695936,1.0758418302595172e-16,2.2919716265290128e-10,42.08984375,12.5,1.0031956766796976e-09,3.75,10.459141574410411,2.426859489479357e-16,3.4423683491127765e-10,34.47265625,15.234375,1.4893502958698567e-09,9.0
human_038201.npy,human,1.6407807564949826,1.4416188381316387e-17,8.389966914752788e-11,86.23046875,12.890625,3.150886584033005e-10,0.0,3.449193301929697,3.9995261377744794e-17,1.3974597031614884e-10,48.14453125,12.890625,5.393476494039881e-10,0.0,3.496398601986206,3.1630057454861636e-17,1.2427535552808391e-10,52.44140625,12.890625,5.093886724584024e-10,0.0
human_038574.npy,human,1.0349506098560306,9.625816896319197e-18,6.85573184015088e-11,78.80859375,17.578125,3.368089013262487e-10,0.25,4.104841013872196,2.5824135693204055e-17,1.1229176842693009e-10,50.09765625,12.109375,4.4976107874359305e-10,4.75,3.117129954376205,2.308739867164378e-17,1.0617506243293934e-10,47.65625,11.328125,4.180453471435894e-10,0.0
human_040342.npy,human,8.391423617809998,8.51809084026165e-17,2.0394175744796622e-10,52.44140625,15.234375,9.612605298684288e-10,0.25,5.005795221505949,1.0778132571345542e-16,2.2940706276403774e-10,80.078125,22.265625,1.3439222254884426e-09,1.0,8.37804908436357,1.609991949879785e-16,2.8037989973912873e-10,52.63671875,14.453125,1.2737663348329514e-09,0.25
human_041992.npy,human,4.977790960766895,2.170580857488838e-17,1.029492075890204e-10,51.85546875,11.71875,5.980096864237605e-10,9.25,25.268590988122295,7.303856934429524e-17,1.888474620894974e-10,41.30859375,14.453125,1.723221902699836e-09,0.25,7.24718521923244,7.757204390394002e-17,1.9462007749066054e-10,31.54296875,10.546875,1.1963473036337146e-09,0.75
human_042082.npy,human,0.9864075716262555,7.679732959362116e-18,6.123617892278659e-11,72.8515625,14.0625,3.4660025022682833e-10,0.25,1.4265509847395004,1.4633093015900658e-17,8.452848602199287e-11,63.4765625,14.84375,3.290271078232608e-10,0.0,1.271884747062527,1.7051696851422116e-17,9.124704846313361e-11,43.26171875,11.328125,6.048905973871376e-10,0.25
human_042509.npy,human,8.35570133200963,4.592960912114633e-14,4.73566964152745e-09,43.26171875,14.0625,2.1187465926886087e-08,0.25,5.499018843971811,8.689461070417441e-14,6.51375537865045e-09,36.9140625,10.546875,2.752378889081677e-08,0.0,3.0340172034204707,2.037841583522626e-13,9.975168347974921e-09,37.59765625,8.984375,6.332593173497455e-08,2.0
human_042617.npy,human,6.165661171828535,3.7588150091391255e-16,4.2841088818810544e-10,52.24609375,23.046875,2.93993775686518e-09,9.25,7.972464022686634,3.03153094766186e-16,3.847388361652639e-10,53.22265625,21.09375,2.2123976071431765e-09,9.5,10.626593724097564,4.531604684522701e-16,4.703931972153296e-10,53.41796875,25.78125,4.921844317687177e-09,9.25
human_043014.npy,human,7.189887196248951,3.26618107899185e-17,1.2628598417783697e-10,74.31640625,12.890625,1.3473036921416829e-09,9.25,23.178288777361605,3.618134910133175e-16,4.2031743201876177e-10,114.84375,67.1875,6.049037431685667e-09,9.25,3.804710791903177,3.598204587757934e-17,1.3254945619904214e-10,61.328125,12.890625,9.90713226840689e-10,0.0
human_044036.npy,human,0.7316871402272503,3.69615304649012e-18,4.248249321463494e-11,85.3515625,13.671875,2.5221365393642414e-10,0.0,1.168864226939668,4.16283831035836e-18,4.5084763432113825e-11,72.75390625,12.109375,2.573980357991946e-10,0.25,0.6964390097841192,4.9945775946370226e-18,4.93837887482457e-11,71.484375,12.109375,2.4736742056658876e-10,0.0
human_044106.npy,human,4.112479744475969,2.26037570322096e-15,1.0505708323755992e-09,49.609375,12.890625,5.238780594825215e-09,0.25,7.834517731772209,1.592880836188784e-14,2.788859705677761e-09,34.765625,12.890625,1.428231736146116e-08,5.75,5.628313814696124,1.2511163710717968e-14,2.4716323868294024e-09,35.83984375,16.796875,1.1705276195818036e-08,1.5
human_044595.npy,human,5.295095234374728,4.779826755766271e-17,1.5277106346062396e-10,66.11328125,14.453125,1.5117178463969046e-09,4.5,15.242298349322496,2.3743357917892215e-16,3.4049135794239783e-10,106.0546875,72.265625,4.62098483314933e-09,8.25,5.582688007786614,6.595747745287503e-17,1.794597435012561e-10,54.8828125,12.5,1.2045416613572826e-09,7.5
human_044747.npy,human,5.399693010876169,7.054542176012474e-17,1.8559635427133505e-10,38.8671875,15.234375,7.914043435498724e-10,1.5,6.996358759785188,7.075441694363192e-17,1.8587107130550944e-10,47.16796875,15.234375,8.156689007562093e-10,7.5,6.226006050085705,9.861051134728161e-17,2.1943031637353542e-10,39.453125,12.109375,9.678603284750764e-10,4.0
human_044749.npy,human,3.758177456609018,6.897628537391946e-17,1.8352064418678926e-10,56.4453125,15.234375,8.674630805407335e-10,1.75,9.717053169297586,1.1964164911591817e-16,2.4169975999653356e-10,96.97265625,16.015625,2.462908003391509e-09,8.25,3.6775125340028065,6.716979528666038e-17,1.8110149531358e-10,54.1015625,12.890625,9.696946703018553e-10,0.25
human_044978.npy,human,4.133549459345114,1.719801513438656e-17,9.163770145162519e-11,50.68359375,19.140625,4.784088035356717e-10,2.75,4.825122518091203,3.395938680709848e-17,1.2877007353963712e-10,65.33203125,17.96875,7.700830784063654e-10,2.0,5.873992945433927,4.0579519481989025e-17,1.4076298695702984e-10,50.5859375,16.796875,1.1047708870273302e-09,2.0
human_045038.npy,human,2.798734504218339,3.533564534416971e-17,1.3135346618269296e-10,57.2265625,12.109375,5.446610462327535e-10,0.0,3.1225582636116536,8.897735832691704e-17,2.0843698267237741e-10,41.50390625,10.9375,7.575484254391234e-10,0.0,3.933745269622734,1.3957917551481624e-16,2.6106300828409963e-10,33.69140625,12.109375,1.0094749044428732e-09,1.5
human_045733.npy,human,0.5516412994309591,6.070139784114582e-18,5.444203744774986e-11,110.15625,73.828125,2.606447062813919e-10,0.0,0.5291729159917374,6.212501107662654e-18,5.507674469752098e-11,100.87890625,12.109375,1.9477492537273095e-10,0.0,0.5162487793592886,6.0877382360423695e-18,5.452089907152635e-11,98.4375,15.625,2.0362676561320844e-10,0.0
human_046052.npy,human,2.5677211569295566,2.122976768259266e-15,1.0181403391117526e-09,49.4140625,15.234375,3.913297163910122e-09,0.0,5.005716890743826,1.2017079014883656e-14,2.4223365502621967e-09,33.69140625,13.671875,9.322558706842901e-09,7.5,5.013666972453109,9.550502653905155e-15,2.1594747912344627e-09,32.71484375,12.5,1.0562628919559363e-08,7.75
human_046060.npy,human,2.330372896920082,1.851019868264977e-15,9.506935863101518e-10,53.90625,16.40625,4.269003010351521e-09,0.25,3.802363044253793,9.330573201792715e-15,2.1344657285109663e-09,40.625,14.0625,1.09418850112239e-08,6.75,2.8644668068055883,6.760176133968976e-15,1.8168289002860284e-09,36.9140625,13.671875,7.784858918710537e-09,3.75
human_046324.npy,human,4.855235067119984,1.5656812967685342e-15,8.743528010407246e-10,44.140625,12.109375,4.7364968348161045e-09,8.25,9.078245339230588,1.922112851510253e-14,3.0635464184119857e-09,30.37109375,11.71875,1.589747758952274e-08,1.5,9.823693130423191,1.2520516584356207e-14,2.4725560637638085e-09,26.85546875,12.109375,1.3835422194682092e-08,6.0
human_046957.npy,human,0.25371029169064424,2.908705417593033e-18,3.7686420859297557e-11,89.16015625,14.0625,2.6530700194142564e-10,2.0,0.5898936396516081,2.6603786613168773e-18,3.604182318114792e-11,81.15234375,16.796875,2.4103619042043813e-10,0.5,0.5981715174283705,3.1230407895080092e-18,3.905025301457031e-11,75.9765625,14.453125,2.968686426835605e-10,0.25
human_047299.npy,human,2.7911114919590725,2.7420668288897776e-17,1.1571083867960844e-10,59.08203125,28.90625,4.14902621493531e-10,0.0,3.9463052675652293,4.95423843803734e-17,1.5553333203281282e-10,55.76171875,20.703125,6.907288903734083e-10,0.0,2.881570939912265,1.1142221213561168e-16,2.332496023991073e-10,48.046875,21.484375,8.393246977413033e-10,0.0
human_047313.npy,human,4.605820385256738,2.1984149453505903e-16,3.276346742233593e-10,42.96875,19.921875,1.6246015892889988e-09,0.25,12.661776234698666,7.176179737081113e-16,5.919454377091387e-10,37.5,13.671875,2.994262534991996e-09,4.25,8.819829371024634,1.8129796148274235e-15,9.408740364960938e-10,32.51953125,15.234375,5.552654713739355e-09,6.5
human_047635.npy,human,1.9762294038342756,1.197063180639869e-17,7.645282899748125e-11,44.921875,14.0625,3.3342894849131793e-10,1.5,2.125042132631064,1.6820636916296176e-17,9.062671581429641e-11,61.9140625,14.453125,3.5385528952038886e-10,0.0,3.4029789776828436,1.6241800698705156e-17,8.905372955364996e-11,55.859375,14.84375,3.731508527669617e-10,0.75
human_048496.npy,human,2.8050145663400823,1.2706935598805748e-17,7.876901927696173e-11,42.7734375,14.84375,4.40619574724373e-10,0.25,5.567106446082117,4.2886005944440666e-17,1.4470809441789675e-10,41.11328125,14.453125,6.469594134872885e-10,0.0,6.447718259818995,4.680863387711033e-17,1.5118127615649955e-10,29.1015625,12.109375,5.77303730544857e-10,7.5
human_049634.npy,human,2.5726671319532852,9.003788102548152e-16,6.630521027375857e-10,45.703125,13.671875,2.507078969447329e-09,0.0,4.099495847221093,6.336874033981134e-15,1.7590272238953127e-09,34.08203125,13.671875,7.217800717907588e-09,0.5,3.000636658619032,3.657618967717342e-15,1.3363931912355484e-09,32.91015625,14.453125,4.260128484950603e-09,0.0
human_050143.npy,human,0.24127291776433085,7.867018970028649e-18,6.197836603573299e-11,64.94140625,13.671875,1.0755286743430224e-09,0.25,0.5115010824482381,6.361204266069216e-18,5.5732008491903553e-11,74.70703125,15.625,4.510637663237359e-10,0.25,2.9230240846758444,1.0181623668514696e-17,7.05088358426938e-11,32.03125,9.765625,4.7369816973381e-10,4.75
human_050232.npy,human,8.479599365111529,3.308676532107882e-17,1.2710486666305512e-10,93.45703125,14.453125,1.533888879624543e-09,9.5,15.928711082599309,3.480557139779809e-16,4.122488072642673e-10,129.1015625,75.0,5.886755631012584e-09,9.5,2.9279848348314235,2.839508318602828e-17,1.1774882891956025e-10,81.0546875,14.84375,1.16814532509475e-09,5.5
human_051058.npy,human,21.48177828274001,1.1343534155653256e-13,7.442335007872238e-09,50.68359375,16.40625,1.0698854933722495e-07,2.75,6.595132084186885,2.6365854961134505e-13,1.1346344176756432e-08,39.16015625,15.625,7.917505287541405e-08,7.25,10.085043027882618,7.3257306606832e-13,1.8913003262733602e-08,38.28125,14.0625,1.5748485473537207e-07,4.5
human_051178.npy,human,3.060020318008172,1.1694482025526297e-15,7.556584083781846e-10,42.08984375,10.9375,5.329927266990193e-09,0.25,8.287283022070975,9.408668211104835e-15,2.143379638550654e-09,30.17578125,12.109375,9.372025380156312e-09,6.0,6.358433041476392,7.930724252165525e-15,1.9678475426853316e-09,29.78515625,14.0625,7.706166219918204e-09,6.5
human_051227.npy,human,1.0812882444859304,6.246405350655843e-18,5.5226828739525896e-11,74.90234375,12.890625,2.5444587214438766e-10,0.25,1.2962775214402065,1.0481845960564025e-17,7.15408194524752e-11,89.74609375,12.5,3.4424735086206603e-10,0.0,2.6475027693073483,1.5567262534896174e-17,8.718487489018536e-11,75.29296875,14.0625,1.0856370516690568e-09,9.5
human_051555.npy,human,3.4439813553503336,6.620846036961299e-17,1.798008614825026e-10,54.296875,13.28125,8.79732355816807e-10,0.0,3.187034635472358,1.4932714466022972e-16,2.700252670651911e-10,71.484375,17.578125,1.743798291582543e-09,0.0,4.133783784739126,1.4800009102031134e-16,2.688227472583215e-10,49.8046875,16.015625,1.2794283385783177e-09,0.0
human_051703.npy,human,0.8176835969648993,4.494945224839315e-18,4.684866564872549e-11,62.98828125,14.453125,4.4359147581089567e-10,9.0,1.1861283220510688,7.76483883757176e-18,6.157455004836077e-11,93.1640625,16.796875,3.6368259236892025e-10,0.25,2.6726756672206977,8.587092306461022e-18,6.475273094830959e-11,71.09375,13.671875,4.5493884472845295e-10,9.0
human_052017.npy,human,5.583061496418412,3.7642281913445594e-17,1.3557293411868613e-10,66.2109375,13.28125,1.3997487736507806e-09,9.25,12.692102955869647,3.4451432912588937e-16,4.1014617792745634e-10,109.9609375,61.328125,6.253899496733494e-09,9.25,2.5237409506249464,4.02362978105227e-17,1.4016643603336102e-10,56.4453125,14.84375,1.0373369277733032e-09,0.0
human_052330.npy,human,3.9402614580106414,4.839403368356757e-17,1.537201979557484e-10,42.67578125,16.796875,8.011230189770669e-10,0.25,6.743272291575002,2.0785295434675442e-16,3.1857605114732994e-10,34.375,14.0625,1.6700117131804347e-09,0.25,5.402138666305196,3.7155130932724833e-16,4.2593607238345693e-10,28.7109375,12.109375,1.947278843661743e-09,7.0
human_052498.npy,human,9.820441634121364,8.178671971379681e-17,1.9983723810954841e-10,45.8984375,14.84375,9.026106184279461e-10,0.25,17.55807587072382,9.8516834065506e-17,2.1932606521694554e-10,53.80859375,17.1875,1.6066882377904178e-09,3.25,9.918192857615203,1.5620602855114355e-16,2.761747180291637e-10,46.09375,13.28125,1.3101016518232682e-09,0.5
human_052509.npy,human,8.23115676923386,5.0020612660057594e-15,1.5628220396263532e-09,43.84765625,23.046875,9.532887343045634e-09,0.25,9.229112145389921,1.6584924404418808e-14,2.845717417338749e-09,33.69140625,16.015625,1.408935293739652e-08,3.0,7.473244592907001,2.1909625677582715e-14,3.2707888059124493e-09,32.2265625,11.328125,1.6285770357152293e-08,0.25
human_052525.npy,human,6.749083139793675,6.306759869048951e-15,1.7548426118341946e-09,45.01953125,21.09375,9.870172844168768e-09,9.5,3.7154649668620334,2.1744337581051235e-14,3.2584278930947166e-09,33.10546875,16.015625,1.4091885739823436e-08,0.25,4.027600302142134,3.3777147803282676e-14,4.0611264386647236e-09,31.0546875,19.53125,1.628589635705746e-08,0.0
human_052761.npy,human,4.526103336798943,8.602016610191308e-16,6.48089764071689e-10,71.38671875,19.921875,4.730887196519153e-09,4.5,4.586464581883514,8.420804009282759e-16,6.412270040833899e-10,70.99609375,21.09375,3.89998554380539e-09,0.0,4.967663884500725,1.8631901292647692e-15,9.53813821091445e-10,62.01171875,26.171875,6.204134561995114e-09,0.25
human_052783.npy,human,5.2226642380949135,2.5957613920062375e-16,3.5601427179125077e-10,57.32421875,16.015625,2.3984607923101657e-09,3.25,5.570723019871909,5.773863408683106e-16,5.309679126388946e-10,80.6640625,32.421875,5.94972644312827e-09,9.25,3.412936823417595,7.841701559739563e-16,6.187855718838783e-10,54.78515625,21.484375,3.0895471857724913e-09,0.0
human_052907.npy,human,4.0682083035157675,9.159229363516584e-17,2.1147765751148707e-10,60.64453125,23.046875,1.5925709342279912e-09,0.25,3.4766969181625424,1.6367770645564968e-16,2.827025912603167e-10,64.0625,22.65625,1.5317832672458932e-09,0.25,3.760392773304239,2.0964962650673937e-16,3.199499674835799e-10,54.6875,19.53125,1.7854570156808588e-09,0.25
human_053426.npy,human,4.2777565634224715,1.8180014199127473e-15,9.421762074138633e-10,46.97265625,19.921875,3.5268350306046762e-09,0.0,3.8244556253868685,3.4757567134735468e-15,1.3027458818782562e-09,37.890625,13.28125,5.631051034344942e-09,0.25,4.3485074458177255,4.1194948804186786e-15,1.4182637658698866e-09,39.6484375,14.84375,5.299466159739412e-09,0.25
human_053429.npy,human,2.7731603728915757,4.20241738065627e-17,1.432466967035739e-10,69.140625,18.359375,7.836892527288291e-10,0.0,2.6298351828825246,4.882139606817856e-17,1.5439744913344688e-10,66.11328125,21.875,6.073441320315772e-10,0.0,5.653424337703065,8.473042426068569e-17,2.0340176368713703e-10,58.0078125,13.671875,1.0113331316933328e-09,0.25
human_053526.npy,human,5.861212488015065,1.3222747233627006e-16,2.540948552739594e-10,58.203125,21.875,1.728276653548726e-09,3.0,11.873531754213557,4.811457987290097e-16,4.847003940947946e-10,83.984375,13.671875,6.548118621851797e-09,9.25,3.458681972629879,2.3263451411710556e-16,3.3703274521364085e-10,59.08203125,23.046875,1.5258930378628448e-09,1.25
human_054010.npy,human,21.921843738599904,4.589485561347387e-15,1.49698354925886e-09,53.90625,23.046875,2.4400166161191654e-08,1.75,17.743961562663443,7.634288350661574e-15,1.930720036339156e-09,57.91015625,29.6875,2.9405653810014753e-08,3.25,21.921557146988963,4.551759377581438e-15,1.4908181507429693e-09,52.83203125,18.75,1.0436813083928894e-08,3.75
human_054027.npy,human,27.571768390757207,1.027038430199695e-14,2.2393829696948774e-09,58.69140625,15.625,1.7413012437273098e-08,10.0,23.12985861492101,1.763107856944464e-14,2.934096979095381e-09,45.41015625,12.890625,2.4370895848210763e-08,1.5,11.634059133176677,3.923299252372249e-14,4.3768407134283365e-09,40.91796875,14.0625,3.2186234778154686e-08,2.5
human_055080.npy,human,8.633730688436522,5.14846841654891e-16,5.013881324899924e-10,53.7109375,26.953125,2.4178531049256356e-09,3.75,7.33256780270481,7.084739303042162e-16,5.881619983315443e-10,63.0859375,28.125,2.9779414009709576e-09,0.25,7.799266945999914,9.160152640033592e-16,6.687847771343485e-10,54.296875,17.1875,5.755689788166525e-09,2.25
human_055112.npy,human,3.2941112649074675,1.2966556903194467e-15,7.956963373604231e-10,57.51953125,8.984375,2.7955834540564485e-09,0.0,4.229810912152141,4.321139486103088e-15,1.4525602878017742e-09,34.66796875,13.28125,4.895521302035752e-09,0.25,3.9967167193626243,4.013866168893701e-15,1.3999627103177168e-09,32.71484375,10.15625,5.5438941619995634e-09,0.0
human_055392.npy,human,12.305729469620811,1.5199089050837083e-15,8.614772313070174e-10,55.95703125,13.671875,6.3989751918371454e-09,0.75,10.105748322487957,6.910674388263904e-15,1.8369411336905938e-09,34.86328125,12.109375,1.2453616182366932e-08,1.25,21.91367114452851,8.381196159247055e-15,2.022963404793164e-09,32.8125,10.546875,1.298463052430838e-08,0.75
human_055724.npy,human,3.607264903452799,2.6504469390278913e-17,1.1376130908385383e-10,50.68359375,5.078125,5.391587271573399e-10,1.5,2.55215276529452,3.055568867576864e-17,1.2214650982003194e-10,66.015625,12.890625,5.216242017748208e-10,0.25,5.89559687019975,5.3697150912002386e-17,1.6192378444425997e-10,49.12109375,5.078125,7.567858623093146e-10,1.25
human_055745.npy,human,3.7897081980554392,4.458215778387831e-17,1.4754196599750639e-10,41.9921875,4.6875,6.534744172873708e-10,0.0,9.004790882718043,6.671244366338439e-17,1.8048389230762922e-10,38.76953125,10.546875,9.651722921541549e-10,1.25,5.068715542057635,1.118877319541709e-16,2.337363506565624e-10,31.25,4.6875,9.49150520868186e-10,0.0
human_055763.npy,human,1.8848934317255353,3.718034372978933e-17,1.347385049338577e-10,38.76953125,4.6875,6.536596326523321e-10,0.25,1.9293539700041549,6.582031332634338e-17,1.7927304556563601e-10,36.1328125,10.9375,9.65331318894331e-10,1.25,2.179628574217924,1.0878930106297125e-16,2.304772785106027e-10,30.46875,4.6875,9.486855547272964e-10,0.0
human_056132.npy,human,2.2327847685470936,9.386486309158894e-16,6.769966963098114e-10,59.9609375,16.015625,2.5540533200165827e-09,0.0,3.781486766174863,1.603385402900401e-15,8.848180766462456e-10,41.015625,11.328125,3.6118186284030707e-09,0.0,6.277208240040177,1.8045629610289205e-15,9.38687518993889e-10,43.1640625,11.328125,4.462049064416653e-09,0.0
human_056316.npy,human,25.3859151611895,2.3533147406489398e-15,1.0719512410587946e-09,72.94921875,22.65625,1.0536202982671543e-08,5.5,45.48488978692852,2.974153902415032e-15,1.2050823976656492e-09,68.65234375,26.5625,1.620706148518964e-08,5.5,29.863965484221172,3.3841375527904975e-15,1.285461362487603e-09,59.86328125,19.53125,1.0423363753787544e-08,5.5
human_057212.npy,human,23.740769001076877,4.80515715942304e-15,1.5317532909217238e-09,50.09765625,19.53125,1.50682052705826e-08,8.75,11.233164353956774,1.5957985489663368e-14,2.791412743106023e-09,32.421875,12.5,1.8146654422174005e-08,0.25,5.084344359665555,1.698826639374865e-14,2.880113183552442e-09,29.1015625,10.546875,1.4182715120130329e-08,0.25
human_057299.npy,human,4.979014248732586,6.513699184391707e-16,5.639607415307171e-10,55.95703125,12.5,2.5497977049354994e-09,1.0,5.993130464927898,4.9273771826331875e-15,1.5511111791092252e-09,39.453125,14.0625,8.285771031427717e-09,8.5,5.808773984131884,3.4390506064651762e-15,1.295848729187969e-09,34.86328125,10.9375,5.0422954597391075e-09,8.0
human_057358.npy,human,2.268692162209345,3.408446503224465e-16,4.0795594359594403e-10,72.36328125,14.84375,1.6121044309482496e-09,0.0,2.7119081022694713,5.13359363195953e-16,5.006633115782741e-10,58.49609375,13.28125,1.8233870842820449e-09,0.0,4.027489647871433,5.800104087611169e-16,5.321730990973605e-10,56.34765625,9.375,2.2261157279471854e-09,0.25
human_057416.npy,human,2.82747749533544,1.2902347302121088e-17,7.93723772392752e-11,44.53125,14.453125,3.7024537787791605e-10,0.25,4.025759806721742,2.3636802112478074e-17,1.0743094191844096e-10,65.234375,21.484375,5.508784130210541e-10,4.0,3.9859116237900625,2.1582234152997376e-17,1.0265573666395e-10,54.19921875,14.453125,5.394968258540705e-10,3.75
human_057424.npy,human,5.7188210461578395,2.418548483538312e-17,1.0867068955002041e-10,89.16015625,10.9375,1.2096384767250106e-09,9.25,38.41707509868216,2.310744338141951e-16,3.359007493082405e-10,122.265625,71.09375,5.0357200503541455e-09,9.25,3.8978047542228746,2.332493241013483e-17,1.0671985360459481e-10,76.07421875,14.453125,7.93811293029046e-10,2.25
human_060088.npy,human,5.329153588115906,1.0539748639508316e-16,2.2685593755476006e-10,56.15234375,18.75,1.3824501767222388e-09,8.0,8.100585507127942,1.0871207632919948e-16,2.3039546115346313e-10,69.140625,22.65625,1.5947071762227443e-09,8.0,4.859340219516567,1.4469637728176669e-16,2.658054325434539e-10,57.51953125,17.1875,1.6687894776722064e-09,9.75
human_060476.npy,human,3.38855899343257,4.252993954372224e-17,1.441061138287794e-10,98.53515625,11.71875,1.3876943777704681e-09,1.25,12.783875024235757,2.9611489943572094e-16,3.8024643751138305e-10,115.33203125,11.71875,5.5213797639431265e-09,9.25,2.4336761621665692,7.981795031124657e-17,1.9741734612341784e-10,98.73046875,16.40625,9.281584536245881e-10,0.0
human_060828.npy,human,8.264591709798607,3.9095657917854984e-14,4.369173459328735e-09,43.359375,16.015625,2.7562241949208592e-08,6.75,4.208865302349295,7.689931946810088e-14,6.127682745870059e-09,29.78515625,12.5,3.6280162560009914e-08,5.75,4.625777955446657,1.144916316632491e-13,7.476905578049708e-09,32.03125,16.40625,3.650868553549523e-08,7.25
human_061267.npy,human,3.0351652696508,3.0292104590757723e-16,3.845915586008866e-10,35.15625,16.796875,2.375539632529215e-09,2.75,2.7325802848868785,2.627539484010348e-16,3.581868595687072e-10,43.9453125,22.265625,2.449884564276741e-09,2.0,2.987479735594237,4.3126708246167466e-16,4.588895619953014e-10,35.15625,12.109375,2.9116994708918336e-09,2.0
human_062266.npy,human,8.99459013462509,3.482164100336899e-17,1.3039461030340275e-10,79.8828125,12.109375,1.801133885727884e-09,8.25,11.171260692034,3.9972408470244667e-16,4.417892888398456e-10,118.45703125,64.0625,6.653097177386107e-09,9.25,3.347696303463329,4.813076218961457e-17,1.5330149616164137e-10,66.30859375,13.28125,1.3714434030360806e-09,0.25
human_062486.npy,human,3.2749770724379004,5.851390330792579e-17,1.6903029861410392e-10,52.05078125,15.234375,9.196648901654231e-10,0.25,3.2948298291113587,9.475196116626194e-17,2.1509441191768288e-10,59.27734375,18.75,1.338761563128639e-09,0.5,2.613589124996294,9.736105388701885e-17,2.18035724351013e-10,51.5625,13.671875,1.038020247573792e-09,0.5
human_062716.npy,human,5.869766939808597,3.8136762295658e-15,1.364604923216854e-09,42.08984375,13.28125,6.983385830085053e-09,5.75,8.20383074785126,4.944075702759854e-14,4.913348618038629e-09,30.2734375,14.453125,2.3310125383748692e-08,7.0,7.030326731741813,4.739736711029398e-14,4.810742734684867e-09,26.26953125,12.109375,2.3784478296213083e-08,4.75
human_063732.npy,human,9.520851091493006,4.649302293550288e-17,1.5067073821822874e-10,78.90625,15.234375,1.8495266833224094e-09,8.25,39.393531088101106,4.520385304284799e-16,4.69810534881649e-10,110.83984375,64.453125,7.579074925701326e-09,9.25,2.755375864968922,6.619043744475302e-17,1.7977638758627567e-10,82.8125,15.625,1.0619902167778374e-09,2.0
human_067206.npy,human,4.183717451130992,2.806406596120581e-16,3.7017775740338623e-10,52.34375,17.1875,1.8445542379996081e-09,0.25,7.67539321567604,1.1337643697802018e-15,7.440402433213806e-10,39.94140625,18.75,4.367107166774391e-09,1.5,9.147871940445361,7.843979518248751e-16,6.188754417606905e-10,42.48046875,14.84375,3.5558357000332703e-09,0.25
human_067388.npy,human,5.014600933717428,1.2926983781209636e-16,2.512370155733181e-10,55.46875,17.96875,1.3840615477816935e-09,0.25,11.399745413042321,3.150278110971019e-16,3.922016998780816e-10,47.16796875,15.625,2.478026729339485e-09,0.0,5.4144508424186935,3.877354071994242e-16,4.351136969765418e-10,44.140625,14.453125,2.4307173540426554e-09,3.0
human_067662.npy,human,4.048759001024606,6.614435263628772e-17,1.7971379241918904e-10,73.046875,15.234375,1.1354905189590151e-09,0.25,6.676079295075104,1.5829823469210818e-16,2.780180927714165e-10,58.59375,17.578125,1.2544035771194982e-09,3.75,8.572315468829359,2.0448597644331865e-16,3.159852341252898e-10,54.6875,20.3125,2.2007526339963703e-09,6.5
human_068393.npy,human,2.486233440990123,8.567043998621448e-16,6.467709758834172e-10,65.52734375,12.5,2.815043734221328e-09,0.0,4.2290421094830615,1.9033973524874715e-15,9.64050433597368e-10,39.55078125,11.71875,3.64629667238284e-09,0.0,3.0018504689993377,1.523372068427109e-15,8.624581252366252e-10,42.28515625,10.9375,3.101712810899613e-09,0.0
human_070009.npy,human,4.957998937456186,1.265022645146385e-15,7.859305557429252e-10,50.78125,12.5,4.279237430075732e-09,0.25,4.104431169694026,9.397504358387641e-16,6.773939160484072e-10,55.76171875,14.0625,4.080378364713794e-09,0.25,8.956341450340025,1.8260118823044543e-15,9.442496303448956e-10,45.5078125,14.0625,5.5045907070867364e-09,0.25
human_070286.npy,human,4.778723133534804,3.42180266409689e-15,1.2925950959517677e-09,45.99609375,19.53125,7.697429839606482e-09,4.75,4.4170564009295505,7.593056378580004e-15,1.925499171605513e-09,52.34375,22.265625,1.082037799338162e-08,4.75,4.292110383851111,7.001909132974238e-15,1.8490270262586962e-09,46.19140625,23.828125,9.789908134460386e-09,4.25
bovid_001092.npy,bovid,13.423359913269294,2.6999729892364775e-16,3.6309037251772787e-10,45.8984375,16.40625,2.462136360293183e-09,7.75,9.671392329778335,3.886303864933534e-16,4.356155769769462e-10,45.80078125,16.40625,2.7416598573831864e-09,9.5,19.140282514751625,4.3644287007078165e-16,4.616349966713408e-10,44.140625,14.84375,2.8372152980138053e-09,9.0
bovid_001097.npy,bovid,25.425191305868417,7.95005186625466e-16,6.23045846051449e-10,46.484375,16.796875,4.837142192814879e-09,8.75,25.689495953282787,6.125784414288435e-16,5.469100173739072e-10,51.07421875,18.75,4.1947709115322116e-09,9.0,16.128282229878508,1.8067169334571723e-15,9.3924757261578e-10,46.09375,16.40625,7.057491810460383e-09,9.0
bovid_001129.npy,bovid,2.1630699066237034,4.385950953334839e-15,1.4634130018327112e-09,64.55078125,15.625,5.816695624735699e-09,0.0,7.029417247917874,1.0051194310451935e-14,2.215357696152104e-09,36.81640625,11.328125,1.0888395846178623e-08,5.75,7.460901693323229,8.15398481710514e-15,1.995354078597861e-09,38.76953125,11.71875,8.884691469553436e-09,1.25
bovid_001176.npy,bovid,3.3075918050034367,2.688352534226517e-15,1.1457190475211589e-09,45.01953125,18.359375,5.265354140670866e-09,0.25,2.390500916701469,4.05271001678317e-15,1.4067204103454272e-09,47.0703125,19.53125,4.830062741170463e-09,0.0,2.747535404323567,3.857052157638814e-15,1.372343342187762e-09,38.96484375,16.796875,4.7913414559152845e-09,0.0
bovid_001192.npy,bovid,2.512846082840864,2.3705532238567962e-15,1.0758702018999904e-09,45.703125,17.1875,3.985038594947708e-09,0.25,2.4874636479011962,3.787350573153694e-15,1.3598868600172966e-09,47.65625,19.921875,4.8160280604810415e-09,0.0,2.74748182713715,3.839157404299182e-15,1.3691561548333192e-09,39.0625,18.75,4.790060569680146e-09,0.0
bovid_002246.npy,bovid,10.805843748159148,3.958166066377189e-17,1.390215190032909e-10,48.046875,14.84375,1.055728414979537e-09,9.25,6.104144875246286,1.8899604137626334e-16,3.0378153882066895e-10,46.77734375,14.0625,1.4428795244885064e-09,8.75,8.203116750813344,3.339612295259386e-16,4.038155601316797e-10,27.83203125,12.109375,2.2573050692693134e-09,8.5
bovid_002274.npy,bovid,10.925713394375157,4.700154898875184e-17,1.514924918673001e-10,48.53515625,14.84375,8.150922374448027e-10,9.25,12.688373588653723,1.3287963947668761e-16,2.547207028555519e-10,46.38671875,14.84375,2.0167808516558282e-09,9.25,23.47749879456696,1.8780364048550785e-16,3.028217236771734e-10,28.90625,12.109375,1.5372264899024774e-09,9.25
bovid_002295.npy,bovid,12.501719496137369,6.490486638737801e-15,1.7802199103119793e-09,49.0234375,12.890625,1.2981236684762966e-08,8.75,9.036935130388612,3.139313205939065e-14,3.915185533710292e-09,34.9609375,10.546875,2.9587639955439454e-08,5.0,37.494959781628324,4.3442938460176263e-14,4.60568912270552e-09,34.9609375,14.84375,2.8423552623730055e-08,8.75
bovid_004417.npy,bovid,8.267994545527502,7.064225725952185e-17,1.8572369175067811e-10,73.046875,16.40625,1.1383727106476853e-09,7.25,6.677914138520916,5.420603127530166e-17,1.6268923968303308e-10,69.82421875,25.0,1.0668245148727447e-09,7.0,7.417839747384598,9.456989326642099e-17,2.1488765831590847e-10,62.6953125,20.3125,1.4225144930063803e-09,9.0
bovid_004419.npy,bovid,10.777580956502085,2.0764042521188856e-16,3.1841313787749474e-10,52.1484375,18.75,2.3221591949886623e-09,9.75,8.214241530271646,2.377366529438599e-16,3.407085999358456e-10,65.13671875,27.34375,2.0598597994502838e-09,8.0,7.842016360950419,2.0295476092354225e-16,3.147999433881753e-10,60.83984375,18.359375,2.727612293757553e-09,6.0
bovid_013364.npy,bovid,9.940293886232043,2.5299363779908524e-17,1.1114497276376678e-10,54.00390625,25.390625,7.738062664797104e-10,4.25,8.334246892099193,3.356314335916959e-17,1.2801661452071184e-10,50.78125,13.28125,6.62887225719618e-10,0.25,8.912091783755216,5.93706672762648e-17,1.70263277399998e-10,38.57421875,13.671875,1.1491158827058717e-09,6.5
bovid_013424.npy,bovid,7.504166349434106,1.3257035774922417e-16,2.544240947605756e-10,51.07421875,23.828125,1.3879329603758524e-09,4.75,8.348446578559,2.9825073650611703e-16,3.81615306866257e-10,42.1875,15.625,2.2344832769365855e-09,8.25,5.22629503559318,3.2776697291470857e-16,4.000530805324589e-10,38.8671875,23.828125,1.9277222725837123e-09,1.25
bovid_013438.npy,bovid,4.992161827087486,2.9994807735268636e-14,3.826996500453932e-09,45.80078125,17.1875,1.9933612346254437e-08,2.75,20.12695072235646,1.668554702184512e-13,9.026206155833309e-09,42.08984375,19.53125,5.571309859754514e-08,8.0,5.012649112687167,1.863272465227335e-13,9.538348957821708e-09,38.57421875,17.1875,5.013109929617619e-08,8.0
bovid_014320.npy,bovid,0.79017044984954,3.618924131148453e-18,4.203632712800121e-11,58.88671875,14.453125,1.6175811761078183e-10,7.25,1.3671639633349677,8.158207857267257e-18,6.31149738992759e-11,85.7421875,14.453125,2.675198550967919e-10,0.0,1.9817477085908768,8.774765417412366e-18,6.545650026140171e-11,72.36328125,17.578125,2.63427799709669e-10,4.5
bovid_014337.npy,bovid,1.0371828528443658,4.022044908859946e-18,4.431578855954467e-11,85.83984375,14.84375,2.378752346937401e-10,2.75,1.620166949580365,4.890351823310528e-18,4.886580707637851e-11,79.39453125,14.84375,2.7101923336779374e-10,3.25,2.4426761629810616,7.343249898731788e-18,5.987963960826027e-11,68.1640625,16.796875,3.203041274486315e-10,2.5
bovid_014434.npy,bovid,8.22112495127413,3.4884103805327185e-17,1.3051150834771205e-10,96.6796875,31.640625,9.861669889871225e-10,0.5,7.277299835073328,4.2572138119959146e-17,1.4417758777419708e-10,92.08984375,39.453125,1.4954523743097353e-09,5.5,10.905264215579264,8.747229144762306e-17,2.0666659093431067e-10,85.83984375,39.84375,1.9170428486930194e-09,5.25
bovid_014450.npy,bovid,0.26852102110265413,5.420716027424796e-18,5.144739058267206e-11,112.20703125,89.453125,6.766560215900952e-10,0.25,0.395482912327449,3.719924468669304e-18,4.2618885126988406e-11,93.06640625,11.328125,1.4731784481835453e-10,0.0,0.5583953375090787,3.65118920760233e-18,4.222330198213511e-11,89.35546875,11.328125,1.779628809191028e-10,0.0
bovid_014466.npy,bovid,6.509961705989875,2.1285537732032044e-15,1.0194767761316965e-09,47.265625,20.703125,4.877895013525358e-09,6.5,6.824955564003821,5.321789990387133e-15,1.6119957409198441e-09,35.7421875,10.9375,9.887780738653796e-09,1.25,8.686438591724167,1.1999671227820485e-14,2.420581431538551e-09,33.3984375,15.625,1.635144936926699e-08,7.25
bovid_016859.npy,bovid,13.784616088422112,7.971368220987838e-14,6.238805686310656e-09,47.0703125,19.921875,6.504923189047214e-08,9.5,9.147418580576856,1.0299766723523005e-13,7.09167326550668e-09,49.12109375,26.953125,7.50960471863088e-08,9.75,16.619453501227287,2.0995343018909797e-13,1.0125034485596604e-08,48.046875,19.921875,1.1473842876637974e-07,9.75
bovid_016869.npy,bovid,8.604147474665346,2.126254761347231e-14,3.2221271431914005e-09,44.23828125,17.96875,2.3701165475334056e-08,6.5,24.380687287812055,2.5190120616418598e-14,3.5071161346946645e-09,48.828125,28.90625,3.786186955443513e-08,3.25,12.406578144923483,4.4787773942102956e-14,4.676433496284049e-09,45.01953125,23.046875,4.1294435700769166e-08,3.25
bovid_016900.npy,bovid,33.72472360243482,5.056224486908417e-14,4.968762031681786e-09,55.078125,25.0,6.170864985109321e-08,9.0,84.26015587885354,4.958851728187905e-14,4.920685237245165e-09,56.54296875,27.34375,5.2854229876209356e-08,8.5,54.348455689609935,1.4244626209104133e-13,8.339894418494834e-09,53.125,27.34375,1.0747447170198373e-07,9.0
bovid_016901.npy,bovid,33.7248504738558,4.822405307879669e-14,4.852514906456362e-09,54.19921875,25.0,6.170763633848013e-08,8.0,84.26032854073628,4.8328940718098336e-14,4.857789166381035e-09,55.859375,27.34375,5.285455506536623e-08,8.75,54.348436118871085,1.3655957285937707e-13,8.16575035959603e-09,52.05078125,27.34375,1.0747467057285883e-07,8.25
bovid_016906.npy,bovid,24.190261454596012,1.5764291821761603e-14,2.774420320732699e-09,50.390625,27.34375,3.8199310020629166e-08,4.25,29.43461235846976,8.647313008163495e-15,2.054828655817154e-09,55.17578125,29.6875,1.8343545347583238e-08,2.0,64.97003481056441,4.200311054001773e-14,4.5287229235589175e-09,48.046875,28.515625,4.7949289994153006e-08,4.5
bovid_016929.npy,bovid,20.480650272536035,6.253215217539237e-14,5.525692484149911e-09,59.1796875,19.53125,6.026906479781344e-08,7.5,20.713585122829123,6.986909013813936e-14,5.840870369132785e-09,59.375,25.78125,4.729156700770984e-08,5.75,32.656503544599886,1.5827704930512453e-13,8.791115713094547e-09,58.59375,25.78125,1.185901997179265e-07,8.5
bovid_016944.npy,bovid,40.77560782408884,5.066828255099263e-14,4.973969475112595e-09,47.265625,24.609375,4.139525335794784e-08,7.25,31.50512344876426,5.617652196466436e-14,5.237360247830845e-09,49.51171875,19.140625,4.453532558783365e-08,6.0,64.91751045328533,1.0567906361636743e-13,7.183390931964472e-09,50.390625,23.828125,6.862133104855435e-08,5.75
bovid_016951.npy,bovid,8.85786870078148,4.9624957805512703e-14,4.922492907914952e-09,45.01953125,26.171875,2.7283985073238776e-08,2.5,8.4723905332804,5.3659976045187505e-14,5.118706885368043e-09,46.97265625,16.796875,2.1423432272792888e-08,5.5,10.893162052100669,9.05009355852698e-14,6.6475491689603184e-09,50.0,21.09375,4.8952891014852276e-08,6.25
bovid_016976.npy,bovid,8.22785619103363,1.3766844022885618e-13,8.198836385762078e-09,53.3203125,22.65625,6.17015458065729e-08,8.0,9.569631762190399,1.5358029937273472e-13,8.659698641009e-09,56.25,25.78125,6.334085903879853e-08,8.25,5.109487176786956,2.0630956237321994e-13,1.0036786886376975e-08,56.4453125,22.265625,6.515308677651861e-08,8.0
bovid_016977.npy,bovid,8.973986187615342,1.2430451530683161e-13,7.79073578775868e-09,52.9296875,22.65625,6.170291610305132e-08,6.25,9.569635070871346,1.461259247148932e-13,8.446925427467319e-09,56.25,27.34375,6.33405731818318e-08,6.0,5.787381492203826,1.7535125790783794e-13,9.253147107893157e-09,55.859375,22.265625,6.255527247051632e-08,5.75
bovid_016988.npy,bovid,10.184916649211766,3.0127307938502435e-14,3.835439945996664e-09,46.09375,19.921875,2.7941814008418012e-08,8.5,21.821055638968428,4.308945490382714e-14,4.5869132215749785e-09,49.21875,26.953125,4.166991061968445e-08,8.75,20.50306369013238,9.861153117618763e-14,6.939031755736737e-09,48.33984375,26.953125,7.122465656481933e-08,8.5
bovid_017030.npy,bovid,27.276071839161776,5.1801843270782785e-14,5.029301023458619e-09,49.31640625,20.3125,6.754973843371603e-08,9.0,23.21008657597874,5.0470851406984413e-14,4.964269373590298e-09,52.24609375,24.21875,5.3929461874304984e-08,9.0,31.513898853073364,6.959966963056414e-14,5.829598072491696e-09,45.80078125,33.203125,3.7391645580503844e-08,9.25
bovid_018147.npy,bovid,4.345332257997721,4.0877373511612033e-16,4.4676229736815094e-10,55.37109375,25.0,2.6627965593723886e-09,2.25,5.360066965092266,5.225628556743305e-16,5.051313139889781e-10,51.66015625,22.65625,3.5063146745745503e-09,2.0,5.511872759912198,1.2073245453016107e-15,7.677981102708916e-10,50.09765625,16.40625,6.550957128055744e-09,2.5
bovid_018173.npy,bovid,4.404282391530701,8.257396187737851e-16,6.349749390561704e-10,50.78125,20.3125,3.547351257845561e-09,2.25,5.359656563935861,8.817787673202649e-16,6.561676910139649e-10,51.66015625,19.53125,3.5055605208237944e-09,3.5,5.51185073579551,2.1417385691091932e-15,1.022629349127947e-09,45.80078125,17.578125,6.552024222262497e-09,3.25
bovid_018189.npy,bovid,5.7937974585616185,1.9476067155872863e-17,9.75181953070992e-11,46.6796875,13.671875,5.231457847810458e-10,4.0,6.087869566697848,5.97545127247028e-17,1.7081278689360112e-10,40.72265625,12.109375,7.330393921979431e-10,2.75,8.691419917038475,6.774925823227882e-17,1.8188098442726192e-10,31.93359375,13.671875,7.258555425312246e-10,2.5
bovid_018190.npy,bovid,5.464077148466204,4.599026718950482e-15,1.4985387933292019e-09,40.91796875,12.890625,7.458445684123053e-09,4.0,8.240361775131653,2.419257430755609e-14,3.436972566607329e-09,32.51953125,12.109375,1.5977003218142796e-08,6.75,15.386417157763061,1.864238165319797e-14,3.0170723253844232e-09,30.95703125,14.84375,1.4633663678534608e-08,6.5
bovid_018214.npy,bovid,35.69694627991711,3.6026884226845976e-16,4.194192659367192e-10,64.16015625,16.015625,4.079459198405527e-09,0.5,20.07359299900412,8.394185037376341e-16,6.402127117436374e-10,90.625,58.59375,7.94743606648988e-09,8.25,57.16000577232119,1.1113959939586084e-15,7.366639838997843e-10,64.94140625,19.921875,9.644512922711024e-09,0.5
bovid_023206.npy,bovid,12.032889078038407,3.3444026239284973e-17,1.2778924421543023e-10,97.55859375,40.234375,1.359709764382451e-09,1.5,9.100830682433577,2.715382030457609e-16,3.6412499667825325e-10,70.60546875,29.296875,3.394917354573481e-09,5.5,10.380707846754207,5.574941328062813e-16,5.217412500793061e-10,66.796875,29.6875,4.56148374194312e-09,5.5
bovid_023221.npy,bovid,26.89455175715274,1.2322646741287833e-16,2.4529405525092633e-10,101.85546875,41.015625,1.8674063995753163e-09,6.0,16.230980810691285,1.0679949362047465e-15,7.221370385485873e-10,74.51171875,31.25,6.689632531718561e-09,7.25,27.776533268954392,8.084498219753108e-16,6.28292041678376e-10,72.8515625,42.96875,4.672866158533271e-09,7.75
bovid_023226.npy,bovid,1.0513681014343492,3.2811799190525007e-17,1.2657561504294e-10,123.33984375,39.453125,1.0835433233037323e-09,4.5,1.8204520493280176,3.4129710665902125e-16,4.0822662561480505e-10,102.734375,39.0625,4.392203663088224e-09,5.0,1.8338332559177195,1.8179385701927925e-16,2.979371271723196e-10,100.68359375,31.640625,2.2295937789642324e-09,5.0
bovid_023312.npy,bovid,2.162042591418249,1.890929815972991e-16,3.038594369450391e-10,81.25,11.328125,2.594097121661605e-09,0.25,5.316188461787589,6.786547051418942e-16,5.756512553144183e-10,50.1953125,12.5,2.7043651645407387e-09,0.25,5.633217435758898,5.711916300047632e-16,5.281118850094772e-10,51.26953125,11.328125,2.1084121929894628e-09,2.0
bovid_023350.npy,bovid,4.30772855975701,5.17623104005205e-15,1.5897976482953467e-09,41.6015625,12.5,8.393672835745138e-09,0.25,7.091813778993811,3.019443124047141e-14,3.83971022723544e-09,35.64453125,16.015625,1.906132582990793e-08,6.25,5.999600228127894,3.792356040801272e-14,4.303180623733445e-09,33.88671875,16.40625,1.9114492474798793e-08,0.25
bovid_023380.npy,bovid,5.8857193122249765,6.957909405088204e-15,1.8432082632473262e-09,40.234375,19.140625,9.18894572316346e-09,3.5,8.809878133276232,5.069630513382476e-14,4.975344735907791e-09,34.375,19.140625,3.065548004956122e-08,0.25,5.652883012219718,4.8642783567964585e-14,4.8735366176982e-09,33.7890625,16.40625,2.500122478184809e-08,2.5
bovid_023391.npy,bovid,4.244495921875918,1.1132225579034856e-14,2.33144955360675e-09,38.0859375,16.40625,9.272170113963545e-09,0.25,4.510203003339933,5.437891737942881e-14,5.15288324646253e-09,29.58984375,12.890625,2.451657415740712e-08,0.25,7.888360646553605,3.9192954781102294e-14,4.374606833957779e-09,30.859375,13.671875,2.1052380855284157e-08,3.0
bovid_023444.npy,bovid,1.956525177057496,2.309261840955786e-17,1.0618706410289308e-10,46.484375,16.015625,7.014136943106231e-10,4.0,5.505261740283814,7.329184897128996e-17,1.891746167711532e-10,49.70703125,14.84375,9.054664192582241e-10,3.5,4.721803255444726,7.936799374522925e-17,1.9686011072818364e-10,33.69140625,14.453125,9.076812925807482e-10,3.25
bovid_023456.npy,bovid,7.567124758254312,2.1249556408805176e-17,1.0186147439163102e-10,46.875,16.015625,6.686752968039982e-10,8.0,14.59486477244987,7.432824190761863e-17,1.9050744570476612e-10,49.31640625,19.140625,1.3870190211127864e-09,8.25,7.966646646825718,7.221807137314865e-17,1.877837324228865e-10,33.59375,14.453125,9.326547192687134e-10,8.25
bovid_023480.npy,bovid,7.567245203189961,1.9968302979748186e-17,9.874283740773388e-11,46.2890625,14.453125,6.684965460253062e-10,1.5,14.594219378788365,9.219888172015665e-17,2.121767782178819e-10,46.2890625,19.140625,1.387204339757131e-09,5.0,7.966181592129951,8.984485235687647e-17,2.0945060710076991e-10,33.10546875,14.453125,1.0317397419742777e-09,5.75
bovid_023561.npy,bovid,0.2379465083071497,3.2956852522821257e-18,4.0115100829873055e-11,54.296875,14.0625,4.1846388409325667e-10,0.25,0.604258242455612,6.6946257832930085e-18,5.7173947264016495e-11,91.89453125,14.84375,3.5569020284140397e-10,0.0,0.4124341942737453,3.85912888913568e-18,4.340898844592306e-11,79.00390625,14.453125,1.619387122323936e-10,0.0
bovid_023562.npy,bovid,0.6108994969071597,4.73103855420539e-18,4.806326475641871e-11,88.671875,14.0625,2.5772476738567434e-10,0.0,1.0646730617339075,5.958392071559835e-18,5.393858663972691e-11,83.203125,14.84375,3.219405315970884e-10,2.5,0.8033249992678426,5.473974610618344e-18,5.16995083665308e-11,84.08203125,14.84375,2.606795322156146e-10,0.0
bovid_023589.npy,bovid,4.072577641543413,5.03725758892944e-14,4.959433871012349e-09,41.50390625,15.234375,2.2379860130670808e-08,5.0,3.3084261395748027,8.449365979366511e-14,6.423135513215142e-09,32.03125,11.328125,2.3079538665747922e-08,0.0,5.100280143690143,5.997837657587076e-14,5.411683350625468e-09,35.15625,14.0625,2.2100447517467885e-08,0.0
bovid_023601.npy,bovid,4.0726042978542365,5.063549389160451e-14,4.972359827261098e-09,41.9921875,17.578125,2.4427873138021505e-08,8.0,4.5176295596130736,9.299079274297697e-14,6.73837224550794e-09,32.8125,21.875,3.1656536635715526e-08,0.5,5.100718871812623,5.795337793046872e-14,5.319543948273356e-09,34.47265625,12.890625,2.209148042869415e-08,0.0
bovid_023617.npy,bovid,13.700883525654598,2.08151869652065e-17,1.008150063748187e-10,108.30078125,56.25,2.1000327021119256e-09,7.25,16.05372673608662,2.9704198913968647e-16,3.8084121856701977e-10,137.59765625,55.078125,7.93113530111257e-09,9.25,5.063750269650445,1.1883786620481362e-17,7.617499711704566e-11,101.66015625,14.0625,1.08839756984834e-09,2.25
bovid_023625.npy,bovid,3.8251341909337024,4.922780304451325e-14,4.9027556746516275e-09,41.2109375,16.015625,2.4422380141995763e-08,3.25,4.517491072367938,1.0382589231436211e-13,7.120128965238068e-09,34.1796875,12.109375,3.1661134841314725e-08,0.5,6.837315879617157,5.792745613170116e-14,5.318354133499123e-09,33.7890625,15.234375,2.209911931128826e-08,5.0
bovid_023635.npy,bovid,6.988300593048365,1.827851010777492e-17,9.447250268497164e-11,105.95703125,14.84375,1.4638658129459214e-09,9.25,36.049952968661124,2.2819795603283016e-16,3.33803509896399e-10,140.8203125,67.1875,5.1590334938027455e-09,9.25,2.3681119777430615,9.921035186669998e-18,6.960068578858408e-11,104.78515625,15.625,7.801159831984108e-10,1.25
bovid_023661.npy,bovid,5.9214323008638985,4.5283834318561914e-14,4.702259799911135e-09,40.4296875,16.015625,2.62747732780534e-08,3.75,5.668584045339445,1.056308061608101e-13,7.181750627159652e-09,33.0078125,12.890625,2.8950530152767125e-08,0.25,10.239737840659506,7.789055091121415e-14,6.167049177857777e-09,32.8125,15.625,3.7930224945027924e-08,4.5
bovid_023666.npy,bovid,3.8997472197820215,7.004659950689088e-17,1.849390201268355e-10,41.11328125,16.40625,8.840045191888561e-10,0.25,11.191209052072132,5.267523610459102e-16,5.071521480699341e-10,39.74609375,19.140625,2.8134912916279722e-09,2.25,9.557312431123355,6.622294374581807e-16,5.686424337919897e-10,34.9609375,15.625,3.2400612238924296e-09,6.75
bovid_023688.npy,bovid,0.3869216454253408,2.6927667741047417e-18,3.6260550553160814e-11,97.65625,14.453125,2.557838414815275e-10,0.0,0.30632904514292986,2.468718186512219e-18,3.471928573585464e-11,88.4765625,14.84375,1.4718703763254274e-10,0.0,0.3914843793411248,3.3969699123066512e-18,4.072685496074405e-11,86.328125,14.453125,1.8122548251302235e-10,0.0
bovid_023697.npy,bovid,3.7924709051089547,3.6991802063585274e-14,4.249988629556554e-09,42.48046875,18.75,2.449396856468899e-08,0.25,14.322626514382492,1.7616675295987487e-13,9.274638663780326e-09,36.328125,20.703125,6.291687233273161e-08,7.0,4.792446508502169,1.1205149601970094e-13,7.39679961475702e-09,34.86328125,20.703125,3.272736007099847e-08,0.0
bovid_023702.npy,bovid,4.62404769886069,1.8924882765341738e-16,3.039846281107734e-10,49.609375,19.53125,1.9055395782883447e-09,5.25,7.40140356438633,6.530013665355188e-16,5.646665595762435e-10,41.9921875,21.875,4.137589658764613e-09,5.25,5.108605165676379,8.509145276907369e-16,6.445817319967986e-10,37.890625,19.53125,3.240450874408032e-09,4.0
bovid_023717.npy,bovid,0.2938193330987607,2.4823443704938593e-18,3.4814971092264385e-11,64.35546875,14.84375,4.451973710538667e-10,7.25,0.40140661149759127,5.273996772351527e-18,5.0746366732011165e-11,102.24609375,20.3125,2.6984503453578186e-10,0.0,0.25187853374980446,3.724940921955866e-18,4.264761200288667e-11,86.9140625,14.453125,3.714484699280696e-10,0.25
bovid_023732.npy,bovid,5.568000170277562,2.372424766552123e-16,3.403543051796214e-10,51.7578125,23.828125,1.7696343561143408e-09,3.0,6.547569302832603,6.311464082721888e-16,5.551368814663233e-10,43.9453125,19.140625,4.137741254662607e-09,8.0,4.555925784078772,8.68679012665854e-16,6.512754211186302e-10,40.625,19.53125,3.2405237002503953e-09,5.25
bovid_024145.npy,bovid,53.67851619660162,7.759901703672859e-17,1.946539109226042e-10,123.92578125,64.84375,2.319907155534248e-09,3.5,175.8052015374748,2.0414949970629423e-16,3.1572515405565006e-10,110.83984375,41.40625,2.6280195717736665e-09,3.75,223.86638582247514,2.7734795524673226e-16,3.6799973678362663e-10,99.4140625,43.75,4.191549498379432e-09,3.5
bovid_024178.npy,bovid,1.466055416505701,7.870767022265943e-18,6.199312832960434e-11,128.90625,67.1875,3.3944319715314336e-10,0.25,0.827233804786478,8.713405343280172e-18,6.522723704690796e-11,109.86328125,44.921875,4.573177828992592e-10,0.25,3.533631531212181,1.794300449249338e-17,9.360145651831644e-11,101.171875,48.4375,6.149706675760385e-10,7.5
bovid_025669.npy,bovid,4.861866039537594,3.742449145676116e-16,4.274772212542051e-10,107.8125,65.625,6.916325839735542e-09,4.75,3.6759273178956753,1.023213808205255e-15,7.068352829957785e-10,65.625,44.53125,6.073494141796491e-09,4.75,6.214864724241359,9.550779306304802e-16,6.828957796147698e-10,62.20703125,15.234375,4.5281169092499225e-09,4.75
bovid_025676.npy,bovid,30.456008985492275,1.4288375079503723e-15,8.352691568763285e-10,98.046875,47.265625,6.816045301168809e-09,6.0,33.75793892528116,1.8402572875150623e-14,2.997604257852367e-09,68.65234375,34.765625,3.5912876132072685e-08,6.0,58.173367018563034,4.012002983987636e-14,4.426043190057247e-09,65.0390625,34.765625,5.023382898955496e-08,2.0
bovid_042110.npy,bovid,8.673049298534144,1.9034427477738902e-17,9.640619296427329e-11,73.6328125,8.59375,1.2378713311621171e-09,5.25,4.690224726382471,8.559350304401414e-18,6.464804920352201e-11,72.55859375,21.875,6.9499848767201e-10,0.25,5.464520464400027,1.0961393726149772e-17,7.315902562463888e-11,67.3828125,14.0625,8.674448135165683e-10,0.25
bovid_042139.npy,bovid,0.7163545625205439,4.086225222535393e-18,4.4667965696247125e-11,49.8046875,14.453125,1.671065797701802e-10,0.0,1.7376373788838768,8.77681669603656e-18,6.546415070373709e-11,84.375,21.484375,3.095848518411824e-10,0.0,2.41253772652478,9.681491684280726e-18,6.875529697023495e-11,60.25390625,14.0625,2.4880033772296334e-10,1.75
bovid_042237.npy,bovid,7.93542983483091,2.864171099011286e-17,1.182590818685442e-10,94.62890625,15.234375,1.7185358759065826e-09,9.5,29.92531575503395,3.4827201987014947e-16,4.1237688732786833e-10,133.3984375,60.546875,7.209585114130529e-09,7.25,4.177730723868402,2.172184029720741e-17,1.0298721926831895e-10,97.75390625,16.015625,1.0806808912857572e-09,1.25
bovid_042264.npy,bovid,6.4341279759729355,2.093033852794918e-15,1.010934807955003e-09,66.2109375,30.46875,8.859712100470762e-09,6.0,9.413565962498264,6.643222251008893e-15,1.801044381671489e-09,52.9296875,15.234375,1.3181405932949985e-08,5.75,5.8035236136793555,1.0463930533998825e-14,2.2603851621027145e-09,53.7109375,17.1875,1.8313794775985585e-08,5.75
bovid_043222.npy,bovid,0.5170494348442397,3.735640146154902e-18,4.270881688966223e-11,88.671875,13.28125,1.9021933531102531e-10,0.0,0.4516973933691675,3.968567631512818e-18,4.402019041104455e-11,77.05078125,14.453125,1.5452137680107124e-10,0.0,0.5891702986250685,4.716785640472012e-18,4.799081150086675e-11,72.4609375,13.28125,2.0271882739733437e-10,0.0
bovid_043247.npy,bovid,4.004212234206713,2.9715568795587066e-17,1.2045561454731052e-10,96.58203125,57.03125,1.500082229994603e-09,6.5,4.604085270464814,3.379437158784347e-16,4.0621617399946905e-10,128.125,58.984375,6.455935450365505e-09,9.25,3.4098038675754148,2.2196103391238366e-17,1.041054326584502e-10,87.59765625,13.671875,9.206903410740149e-10,4.25
bovid_043268.npy,bovid,3.7974159377790078,1.4563515789341073e-13,8.432728914185606e-09,61.71875,28.90625,4.3600315122352504e-08,0.25,7.771935621657221,5.008686904127514e-13,1.5638567397322598e-08,55.2734375,14.0625,8.753592142901348e-08,1.0,4.487464935606114,3.8505069604227157e-13,1.3711784536554329e-08,53.22265625,27.34375,7.453154672179072e-08,3.0
bovid_043285.npy,bovid,3.1941972524676467,8.454692501394778e-14,6.425159782407491e-09,48.4375,16.015625,4.939346516749697e-08,1.25,5.845732811181416,3.1816874940435113e-13,1.2464182069838892e-08,39.74609375,12.890625,1.0596555723537883e-07,9.25,3.268984800227552,1.4298390719254183e-13,8.355618524912344e-09,38.76953125,12.5,4.220115341347558e-08,0.25
bovid_043298.npy,bovid,3.176345372439067,1.3513518296784962e-13,8.123052139345181e-09,62.40234375,28.90625,3.7872404641323525e-08,0.0,4.517746985083758,3.931792438968945e-13,1.3855758827434553e-08,54.4921875,25.390625,7.40258329781987e-08,0.0,3.750837794284627,3.295754292913185e-13,1.268564159132882e-08,53.80859375,24.609375,5.9039359587941486e-08,0.0
bovid_043307.npy,bovid,8.26900167216533,2.7285739035744422e-17,1.1542579765176883e-10,107.91015625,62.890625,1.3436118827102914e-09,9.25,9.27863055635294,3.8376981016586417e-16,4.328828971212086e-10,136.328125,62.109375,6.056307303741396e-09,9.25,3.796882114304357,2.0114627998178056e-17,9.91039641095924e-11,88.57421875,14.84375,9.658634118743097e-10,5.25
bovid_043364.npy,bovid,2.898833506077388,6.343031968241917e-14,5.5652345667034765e-09,58.88671875,30.859375,2.9009957565682347e-08,0.0,3.221088092945403,1.2548672680940108e-13,7.827695435113893e-09,54.58984375,23.4375,4.040018977381808e-08,0.0,2.959539408047087,1.3685033158100816e-13,8.174438877824529e-09,51.5625,19.921875,3.5432955683103186e-08,0.0
bovid_043418.npy,bovid,4.317035998942263,3.0934764354531586e-14,3.886497833202294e-09,46.875,21.875,1.6665373253725173e-08,0.0,4.015924447356477,8.069595904970594e-14,6.277127030317231e-09,42.28515625,17.578125,2.7249466304618463e-08,0.0,4.568124560392175,1.7111055531918153e-13,9.140573058591244e-09,38.4765625,17.1875,4.0356609060668e-08,0.25
bovid_043445.npy,bovid,6.308239916539321,3.929856456626585e-17,1.3852347176425372e-10,90.4296875,16.40625,1.9033863588551633e-09,9.5,6.617560057991054,4.873069855770093e-16,4.877938745528423e-10,122.55859375,61.71875,7.064823396717812e-09,9.25,3.9748010536641374,2.3743390446544704e-17,1.0767289522659315e-10,83.88671875,14.453125,1.022517899083519e-09,6.25
bovid_043459.npy,bovid,3.0571982928710346,3.8684599865994757e-14,4.346143667473241e-09,40.234375,16.40625,1.578966432818573e-08,0.0,6.138871094257873,1.3887791288294163e-13,8.234772668378517e-09,31.93359375,13.671875,3.0797268591835076e-08,0.25,3.9773728818973466,1.7241881567618903e-13,9.175449571649838e-09,31.93359375,12.5,3.423909103155733e-08,0.25
bovid_043536.npy,bovid,5.03873862962554,1.6943904030331408e-16,2.876350228989901e-10,43.45703125,18.75,1.0583678441246826e-09,0.25,3.0033404975125446,4.2795941205879317e-16,4.5712641213271914e-10,37.01171875,20.3125,1.6121871272304647e-09,0.0,5.229732712110948,7.101838460775264e-16,5.888713408653389e-10,33.0078125,13.671875,3.0551871840214117e-09,0.25
bovid_045433.npy,bovid,3.536911331993351,2.5602682040478943e-17,1.118092553864733e-10,81.34765625,12.890625,4.40567051519667e-10,0.0,2.0765435170301703,2.985277023985206e-17,1.2073337553749488e-10,72.265625,17.1875,4.489278447177687e-10,0.0,2.8753707505597643,3.35375315487299e-17,1.2796776088737457e-10,70.1171875,15.234375,6.00832547019915e-10,0.0
bovid_045440.npy,bovid,3.51959641532603,3.468802429555987e-17,1.3014419642483618e-10,75.29296875,13.28125,1.0209964601487461e-09,2.0,5.186269768109984,1.5286764710919154e-16,2.7320762400605683e-10,107.32421875,65.625,5.186498702953441e-09,9.25,2.0575158366920863,6.482166246009353e-17,1.7790784798061198e-10,77.44140625,12.890625,8.557190449848951e-10,0.0
bovid_045456.npy,bovid,1.3420335603979419,1.0200188113915365e-17,7.057308695599008e-11,53.22265625,14.0625,2.645361928496258e-10,0.0,2.647465132294277,2.071046320023723e-17,1.0056108024226289e-10,64.16015625,18.359375,3.525624332899758e-10,0.0,2.153977845294812,1.8602553836432576e-17,9.530623400620546e-11,53.515625,12.890625,2.9799423707281666e-10,0.0
bovid_045468.npy,bovid,1.3419996606766882,9.420515757229805e-18,6.782227664701964e-11,51.46484375,14.0625,3.88649201807898e-10,0.25,2.647480100630691,1.8367399673433818e-17,9.47019370012771e-11,66.11328125,18.75,3.52450465483525e-10,0.0,1.9455632211821707,1.6483812364969005e-17,8.97147507733958e-11,56.54296875,15.234375,2.9038748998759235e-10,0.0
bovid_045470.npy,bovid,3.5195457941680806,2.320560363592173e-17,1.0644651779345535e-10,81.8359375,14.84375,7.579336321450265e-10,0.25,9.976309029291329,1.197946857787628e-16,2.418542927372006e-10,110.44921875,65.625,2.54491942059256e-09,8.25,2.902165668575942,4.423588178000536e-17,1.4696785924273798e-10,78.90625,15.625,6.671315864275306e-10,0.0
bovid_045492.npy,bovid,1.2779742611246574,8.109420190260225e-18,6.292597100780806e-11,53.02734375,15.234375,2.645650441275108e-10,0.0,2.1273860420001434,1.460317880372064e-17,8.444204166322732e-11,71.58203125,17.578125,2.9933705169063704e-10,0.0,1.9454993051312468,1.4628513758406798e-17,8.451525888025825e-11,52.734375,14.84375,2.870312370738789e-10,0.0
bovid_045496.npy,bovid,4.633016376586828,4.692258079343768e-15,1.513651756615297e-09,51.26953125,21.484375,1.1748361603142707e-08,7.25,8.549045899043227,1.960357497361345e-14,3.0938742851940013e-09,31.93359375,11.71875,1.7002610371412246e-08,7.5,7.588704046004145,2.4697834950184276e-14,3.472677601184663e-09,35.3515625,12.890625,2.190674496947186e-08,8.25
bovid_045548.npy,bovid,6.930221362883479,3.324829861712515e-17,1.2741475899260313e-10,81.93359375,14.0625,1.581453271159677e-09,9.25,20.37992943435306,3.5809498276001334e-16,4.181519649610507e-10,120.01953125,62.109375,6.0678381362402565e-09,9.25,6.178888077433095,3.0928388077986354e-17,1.2288918581878666e-10,74.90234375,12.5,8.663226948369971e-10,0.25
bovid_045594.npy,bovid,25.49338885644472,9.052547809937592e-16,6.648450466327541e-10,56.15234375,25.0,7.721587090396513e-09,8.0,9.860659831526585,9.947164360525787e-16,6.969227968658352e-10,76.5625,15.625,5.545157559868641e-09,9.0,17.620831787891923,8.141448382955228e-15,1.9938195989707436e-09,56.73828125,23.828125,2.5485836274936176e-08,9.0
bovid_045610.npy,bovid,25.493486210522313,1.197425312915593e-15,7.646439227327102e-10,55.37109375,26.953125,7.721421004194612e-09,7.5,21.873331743535104,1.3798218859359668e-15,8.208173702122606e-10,71.09375,18.75,9.240236910782562e-09,7.5,24.90190526824208,9.73714963695328e-15,2.180474167737053e-09,56.0546875,23.046875,2.5485939369341488e-08,9.0
bovid_045627.npy,bovid,2.395838204050132,9.000056088414933e-16,6.629146730101358e-10,59.08203125,13.28125,2.3849375013565128e-09,0.0,12.509054991962639,3.0617788142562825e-15,1.2227056827579463e-09,37.20703125,13.28125,5.0875236956407526e-09,1.0,7.964482565737007,3.0129261658875937e-15,1.2129119318554424e-09,36.42578125,9.375,6.302688303251725e-09,0.25
bovid_047196.npy,bovid,0.09096150969854759,1.1049946014061468e-18,2.322817567562819e-11,86.328125,14.453125,1.425045231041108e-10,0.75,0.32530009426560974,4.153024028233518e-18,4.503158628991319e-11,118.75,91.40625,2.0219930709062403e-10,0.0,0.2755965405838268,2.2227920319300283e-18,3.294461521767759e-11,101.3671875,14.453125,1.4820418715989834e-10,0.0
bovid_047237.npy,bovid,23.781446459434964,1.3891787316618866e-14,2.6044383800913406e-09,46.484375,17.578125,2.6025464667983634e-08,9.0,12.371117838576987,1.2634867254209557e-13,7.854532943765345e-09,38.28125,15.234375,4.840568288193915e-08,9.0,41.34123824569279,9.876271937381989e-14,6.9443490745532075e-09,33.984375,15.625,5.3524828927951126e-08,9.0
bovid_048159.npy,bovid,7.4878762896584945,2.3287587269982365e-16,3.3720753582432105e-10,53.02734375,15.625,1.5904758844123248e-09,6.5,9.701687650739146,5.864478988652317e-16,5.351182234962559e-10,38.57421875,15.234375,3.073821048993025e-09,5.5,8.564531947970712,8.373139707309683e-16,6.394096591943077e-10,39.84375,12.890625,3.4317750326655592e-09,6.5
bovid_048218.npy,bovid,19.64871262897172,2.541102485452389e-16,3.5224603588611177e-10,49.31640625,13.671875,3.360694661740394e-09,3.75,24.3504541744941,5.877817976918855e-16,5.357264515629604e-10,61.03515625,19.921875,6.160177998404632e-09,8.25,43.487606490722044,1.0006510188452861e-15,6.989986625849508e-10,48.92578125,24.609375,6.642226804425357e-09,7.0
bovid_048244.npy,bovid,4.476875206976761,1.297025924388132e-13,7.958099268309253e-09,60.3515625,26.953125,4.7670448034980634e-08,0.75,16.963846170832877,1.3497796434548862e-13,8.118325514111307e-09,40.33203125,16.015625,3.724461558351125e-08,7.0,4.384130346203201,1.4683259029550231e-13,8.467325476809413e-09,47.8515625,13.671875,5.70387748838453e-08,3.25
bovid_048248.npy,bovid,19.655859201801952,1.5823680520362676e-16,2.7796414344449787e-10,53.125,12.890625,3.3608787432994025e-09,4.5,24.335510877999788,4.0683258723998136e-16,4.457002627756373e-10,67.7734375,32.03125,6.1602051344970904e-09,7.5,43.42889029115395,7.237933388547267e-16,5.944869352960244e-10,51.07421875,24.609375,6.642434176319331e-09,6.5
bovid_057762.npy,bovid,12.371405517275068,5.173831794485984e-17,1.5894291603910377e-10,58.88671875,24.21875,1.7422060072155026e-09,2.0,4.679927300193304,5.0323575801815506e-17,1.5675477184755885e-10,72.65625,24.21875,9.008982001471222e-10,0.25,15.970999191134393,7.59108633751071e-17,1.925249367156798e-10,61.328125,25.78125,1.8120403682165507e-09,8.0
bovid_057784.npy,bovid,14.44356872901327,1.5730834605347777e-14,2.7714746227671777e-09,42.3828125,11.71875,1.895670537732617e-08,4.75,5.817314929826848,4.895774273390447e-14,4.88928909140064e-09,30.95703125,15.234375,2.377762118794395e-08,4.0,14.079065187237433,7.082945805515341e-14,5.880875471899816e-09,30.2734375,15.625,4.329997691750894e-08,5.0
bovid_057814.npy,bovid,4.58034498233398,1.9099061926896683e-14,3.05380317497584e-09,37.3046875,11.71875,1.895775852535024e-08,4.0,7.286422080319665,7.16009544674553e-14,5.912816887792329e-09,30.2734375,14.453125,2.377054516660349e-08,8.25,9.086533899296915,9.161597945383419e-14,6.6883753608550165e-09,31.15234375,15.234375,4.330020185946915e-08,5.0
bovid_057885.npy,bovid,4.891976147037692,2.4095163669791228e-17,1.0846758334009405e-10,43.9453125,14.0625,4.81412645857766e-10,7.75,11.209240107775045,6.826789273361315e-17,1.825758253406911e-10,45.80078125,21.875,1.0570251952269782e-09,3.75,6.549550606760936,1.607711386205952e-16,2.8018124942541656e-10,35.05859375,17.96875,1.3459387494203453e-09,5.75
bovid_057897.npy,bovid,4.8920575368495935,1.9280810675555514e-17,9.702813168186632e-11,45.80078125,15.234375,4.551664945069044e-10,3.5,11.209519597154237,5.439018792845049e-17,1.6296536119506722e-10,46.97265625,21.484375,1.057202027784076e-09,3.75,6.549730978366927,1.3032689981212539e-16,2.5226212864575876e-10,35.44921875,15.234375,1.3457909007297375e-09,3.75
bovid_058381.npy,bovid,6.359296108805359,2.7015471964791585e-16,3.6319620620689844e-10,97.55859375,33.59375,8.10659327309507e-09,10.0,5.303889383734377,1.7431989199215231e-16,2.917484100415855e-10,76.7578125,15.625,5.951087609921493e-09,10.0,5.7983798826159765,4.0762917833298237e-16,4.461363970053346e-10,73.6328125,15.234375,1.0436402096651334e-08,10.0
bovid_059471.npy,bovid,2.70786278863584,3.1533342632951685e-16,3.923918953991779e-10,69.82421875,19.921875,2.088163625115987e-09,0.25,8.699628474520367,1.2687168951929325e-15,7.870772970178495e-10,45.99609375,12.109375,4.085213891207788e-09,8.75,6.019848315272046,1.055270593891188e-15,7.178222932407655e-10,44.3359375,10.546875,3.3628548964835528e-09,0.5
bovid_059496.npy,bovid,12.867379239433049,3.787961979868523e-17,1.359996621496788e-10,62.20703125,14.0625,9.984487215522066e-10,9.75,14.110900738039753,3.498787370072945e-17,1.3070548077810014e-10,85.83984375,25.390625,8.483227217158575e-10,9.25,20.797037515824922,8.577846617989637e-17,2.0465584938965836e-10,70.41015625,13.671875,1.859749068993488e-09,9.75
bovid_059514.npy,bovid,3.718754338204023,8.2008419084467e-18,6.327967555312479e-11,70.3125,14.0625,3.775370440522333e-10,0.5,3.5811843324940287,1.1671094287169257e-17,7.549024114020874e-11,84.08203125,17.578125,4.0828395388730363e-10,0.5,3.408361925186576,1.1651546944880489e-17,7.542699720047144e-11,72.16796875,15.625,3.790540732455432e-10,0.25
bovid_059589.npy,bovid,3.2541303453879777,2.7645561285418948e-15,1.1618437597799443e-09,47.65625,13.28125,5.985957757705608e-09,2.25,3.8392932630219696,1.1875155945255305e-14,2.407990030895932e-09,33.59375,11.328125,1.6185203456872715e-08,2.25,3.3221193546713974,1.0411292911645516e-14,2.2546926879320853e-09,33.69140625,14.453125,1.1928582487303504e-08,2.75
bovid_059678.npy,bovid,0.33377056064013455,6.099688204604973e-18,5.457438392831175e-11,103.7109375,17.1875,6.734845958732905e-10,0.25,0.544130625721399,6.146698960550404e-18,5.4784284715885925e-11,84.5703125,13.28125,4.012010847576766e-10,0.25,0.7950817330274039,6.758051938866279e-18,5.7444147206434794e-11,76.5625,11.71875,2.0878399312255673e-10,0.0
bovid_059684.npy,bovid,8.023436707827514,2.865016742066049e-17,1.1827653850561142e-10,92.67578125,14.0625,1.5744820866847475e-09,6.25,25.996941605327017,3.008986815379264e-16,3.8330560176534155e-10,127.34375,60.546875,6.34498876028168e-09,8.25,3.649860548142857,1.9201085565597117e-17,9.682732084141706e-11,96.09375,14.0625,8.351767168583071e-10,6.25
bovid_059735.npy,bovid,1.5235613012466018,8.552474373021515e-18,6.462207732232005e-11,70.99609375,14.84375,3.122474418446455e-10,2.75,3.525486295894219,1.903864449585287e-17,9.64168716187196e-11,73.73046875,14.84375,6.739529205347844e-10,2.5,4.756034080626359,2.0063334665071615e-17,9.897752335469655e-11,45.01953125,14.0625,5.642025782313453e-10,2.75
bovid_059740.npy,bovid,7.1307161782341035,2.5515253918409022e-17,1.1161818882847077e-10,101.7578125,60.15625,1.4959587816757985e-09,9.25,19.67266536757796,3.2490492949363084e-16,3.9830263004945366e-10,135.3515625,76.171875,5.74348089515379e-09,9.25,4.446313568357056,1.9349871843079484e-17,9.72017469538416e-11,92.28515625,13.671875,9.9257882393304e-10,8.25
bovid_059773.npy,bovid,0.43160867145295134,2.485322939216911e-18,3.4835852098298204e-11,73.33984375,13.671875,1.3041727531656244e-10,0.0,0.7321480977641062,6.451891786053306e-18,5.6127869959217594e-11,98.33984375,16.40625,1.9376410234662457e-10,0.0,2.02297589795663,6.713975563517929e-18,5.725651387068539e-11,75.68359375,13.671875,2.7116932079681344e-10,0.25
bovid_059779.npy,bovid,1.9868953939480247,4.686900942163171e-16,4.78385393868334e-10,71.6796875,17.1875,3.5063127189397863e-09,0.25,2.845275123066147,6.46822690478082e-16,5.619887826594059e-10,57.421875,14.453125,2.408575760952495e-09,0.0,3.3975218401812217,7.878502561865301e-16,6.202358486121058e-10,56.4453125,13.671875,2.49546522519884e-09,0.0
bovid_059786.npy,bovid,3.913083526365708,1.8665733568487666e-16,3.0189613642754883e-10,58.203125,14.0625,1.5226623014289923e-09,0.0,6.337644161173838,6.180342848952706e-16,5.493401070116025e-10,84.86328125,15.234375,6.527434863773166e-09,8.25,8.227942272761629,4.1646749782919126e-16,4.5094708162312104e-10,58.49609375,14.0625,3.315679837526483e-09,8.25
bovid_059788.npy,bovid,9.285357044333537,3.0250352544012063e-16,3.843264231500469e-10,47.75390625,20.703125,2.261910788327261e-09,9.0,8.758713772472682,3.7489182472973185e-16,4.2784652481212744e-10,58.0078125,26.953125,2.411687637485961e-09,9.5,7.597437873255578,7.342138775148872e-16,5.987510917570974e-10,46.484375,16.796875,3.941886873242178e-09,9.5
bovid_059812.npy,bovid,55.64191890197619,2.387460055845225e-16,3.414311029172908e-10,53.7109375,23.046875,2.2619397443877074e-09,9.5,21.375750094095025,1.513909011944819e-16,2.718847889711157e-10,65.72265625,24.609375,1.560857835230998e-09,9.25,12.161088511705387,2.3776563487298295e-16,3.407293668042479e-10,54.19921875,18.359375,2.1436467684940362e-09,8.0
bovid_059851.npy,bovid,3.1895285073854147,1.3406968797041513e-17,8.090965012240769e-11,82.421875,14.453125,5.118011992725652e-10,0.25,3.718675445207329,1.4668687680948685e-17,8.463123038638411e-11,84.1796875,20.3125,4.549893520105337e-10,0.25,3.7964751320665404,2.5554316307721806e-17,1.117035966727562e-10,78.02734375,13.28125,6.046979907903555e-10,0.0
bovid_059879.npy,bovid,6.541293298399887,1.5429185357545777e-14,2.7447735631312376e-09,41.015625,16.796875,1.652592150203242e-08,3.75,6.976287678549437,3.83045822715019e-14,4.324743843542272e-09,34.375,16.015625,1.84354819437087e-08,6.0,8.012274505831343,1.2524198303412777e-13,7.820058313617789e-09,33.30078125,16.796875,4.4303131588730536e-08,3.5
bovid_059895.npy,bovid,9.732558149716409,5.542452692300542e-17,1.6450762075546452e-10,46.2890625,17.1875,8.592031619870812e-10,7.75,8.079157997555157,1.9375257360194106e-16,3.0758047537038623e-10,42.578125,19.921875,1.4416266419066828e-09,6.75,6.997814367218609,3.6420125707623073e-16,4.2170208092532964e-10,32.32421875,13.28125,1.9459847860697836e-09,8.0
bovid_059926.npy,bovid,10.201636584823069,8.689779485391706e-15,2.0598680514419897e-09,42.1875,18.359375,1.4043007577788597e-08,3.25,19.65792592844807,4.304194349676025e-14,4.584383707002225e-09,30.37109375,14.0625,1.9235396908366954e-08,7.75,6.043359502718306,4.659594113921168e-14,4.7698977331155334e-09,31.25,15.625,2.39071466533176e-08,3.0
bovid_066575.npy,bovid,5.419262716166926,9.940948771304454e-17,2.2031747303013673e-10,83.984375,40.234375,1.4423405711596465e-09,8.5,7.734457809413922,1.0540586516991232e-15,7.174099776452531e-10,64.35546875,32.421875,5.064048743454556e-09,9.5,9.327273058870245,1.5940028799464412e-15,8.822254353190278e-10,59.47265625,32.03125,5.805111880165894e-09,9.5
bovid_068189.npy,bovid,5.1890654203850985,1.2801042872809955e-16,2.5001018409735306e-10,51.7578125,13.28125,1.5535822774206223e-09,5.5,6.654231434259196,1.791319875115482e-16,2.9574784999577453e-10,61.42578125,13.671875,1.7581249568403379e-09,9.0,7.2885314233777745,4.942563871886246e-16,4.912597343126603e-10,46.2890625,17.96875,3.1547852443523087e-09,9.0
bovid_068201.npy,bovid,33.652879975673784,3.469757066347686e-16,4.1160871195257527e-10,55.76171875,33.59375,4.1783103414218524e-09,6.75,68.90296684012003,6.303956739495249e-16,5.548066218698786e-10,66.796875,25.78125,5.7521807527146534e-09,7.75,19.80446398662493,8.407699207250003e-16,6.407278578725949e-10,52.44140625,21.875,7.889087945211957e-09,7.75
bovid_068245.npy,bovid,29.986590409477046,6.441931715418525e-17,1.7735485531609226e-10,50.09765625,19.53125,1.612706941557306e-09,6.0,48.81379266774536,8.791486362213542e-17,2.0718875332168928e-10,46.19140625,16.40625,1.6816363627527069e-09,6.0,43.50727991443446,1.189704486868857e-16,2.4102082772634694e-10,41.796875,16.40625,2.0633398648108897e-09,8.25
bovid_068259.npy,bovid,32.114971272981734,1.2519125893775998e-16,2.472418742915591e-10,43.84765625,18.359375,1.7162538454003225e-09,7.75,27.541886617168668,1.0364721988384407e-16,2.2496442848572357e-10,58.49609375,16.40625,1.6354824696156959e-09,6.5,50.0017278711279,3.9043900959302486e-16,4.366280426780261e-10,43.5546875,18.359375,4.181080641673007e-09,7.5
bovid_068277.npy,bovid,30.833031446844178,1.3048655230243196e-16,2.5241659388087356e-10,40.625,16.796875,2.480334390157082e-09,8.75,12.4605867135082,9.798926540977185e-17,2.1873801910245316e-10,54.00390625,19.140625,1.0907933158668544e-09,7.25,18.719583894897298,2.2213067261437566e-16,3.293360631444545e-10,41.015625,22.65625,2.027875782247877e-09,4.75
bovid_068282.npy,bovid,3.8255436050311853,3.4978155527103057e-16,4.13269615426398e-10,60.3515625,18.359375,1.7927015017272829e-09,0.0,4.524163935855107,1.2553952226767695e-15,7.829341917253591e-10,39.94140625,8.984375,3.254425708499005e-09,0.25,5.581505814679291,9.00560926276471e-16,6.631191557958744e-10,42.28515625,10.9375,2.5088755547665674e-09,0.25
bovid_068629.npy,bovid,7.831294994784773,1.5983302972271527e-16,2.7936261658334774e-10,101.5625,41.796875,1.9117994241694563e-09,5.5,26.03161165109734,1.910996558285284e-15,9.659729748938302e-10,75.09765625,34.375,1.016379252335602e-08,8.5,11.823804315126361,1.885601065229603e-15,9.595330349350366e-10,72.94921875,44.140625,7.263829691822643e-09,9.25
bovid_068645.npy,bovid,1.7622742465725374,9.669651875999134e-18,6.871324257432261e-11,62.98828125,16.796875,3.7901433366571e-10,3.0,1.9901447282192544,1.547107993611012e-17,8.69151209517295e-11,60.7421875,18.75,4.000018008795519e-10,2.75,2.9346487094721008,3.1494403316011295e-17,1.2400857478072288e-10,37.59765625,17.96875,6.295074400719953e-10,3.25
bovid_068668.npy,bovid,0.2090067244427119,3.5442384020524605e-18,4.160030236972056e-11,100.29296875,92.1875,4.4161532749684647e-10,0.25,0.18221068043982105,2.6543349423225162e-18,3.6000860872427984e-11,99.8046875,68.359375,2.672447724292433e-10,0.25,0.30379980969446396,3.852568882341701e-18,4.337207799472962e-11,86.71875,22.265625,3.488442342042935e-10,0.25
bovid_068700.npy,bovid,0.4159107905428262,4.180458876797413e-18,4.518008063224585e-11,78.90625,13.28125,2.026842932635359e-10,0.0,0.4416246956590217,4.086685515056765e-18,4.4670481435158174e-11,74.8046875,23.046875,3.2927742370774653e-10,0.25,0.6007880493023668,5.6514533171409035e-18,5.253093079329745e-11,66.2109375,23.046875,1.9578915795845185e-10,0.0
bovid_068815.npy,bovid,10.947280295375155,4.163045155258052e-16,4.508588351375456e-10,50.1953125,26.953125,2.390960111480996e-09,6.75,7.668423287250708,6.482748969864372e-16,5.626193002769802e-10,50.390625,25.0,2.9846813618415075e-09,3.5,11.972883445506692,1.3883197118706851e-15,8.233410498158451e-10,45.01953125,25.0,4.051247523075651e-09,3.25
bovid_068856.npy,bovid,4.5321107034951815,1.4885774322037074e-17,8.525517282360153e-11,49.31640625,14.84375,4.720043526415423e-10,8.75,14.730451133579505,2.9404422866259416e-17,1.1982332140558336e-10,54.00390625,15.625,7.159054631624057e-10,8.75,14.396243222754599,3.971815866307201e-17,1.392610216812412e-10,34.375,11.71875,7.179264155405068e-10,7.75
bovid_068888.npy,bovid,10.360620814947554,2.62806753739949e-16,3.582228499476052e-10,40.4296875,17.578125,1.963868221804406e-09,7.25,9.628337929545197,3.173827365425181e-16,3.9366488200930674e-10,49.12109375,21.484375,3.6342049773262917e-09,7.25,5.212458970890063,3.2294637509679226e-16,3.9710031442348495e-10,43.26171875,17.1875,3.0405039141715887e-09,7.25
bovid_068904.npy,bovid,7.458168066592541,6.48164892317617e-17,1.7790074868503543e-10,44.53125,18.75,8.028885056790679e-10,9.0,8.758003924401473,9.175702595921431e-17,2.1166774749982014e-10,60.83984375,16.796875,1.4043096415266215e-09,8.5,7.09782380578324,1.2491514777012355e-16,2.469690759935961e-10,51.5625,18.75,1.5950106633101422e-09,8.5
bovid_068935.npy,bovid,2.8834228702487104,4.700990664991243e-17,1.5150596021742034e-10,54.19921875,14.84375,1.3292959014091633e-09,9.0,2.742732935983007,3.2544863843923234e-17,1.2605969537798606e-10,55.46875,17.1875,1.1098465457057675e-09,2.25,3.842134233565367,3.122703247139454e-17,1.2348106919250058e-10,49.51171875,14.453125,8.612743105467679e-10,8.75
bovid_068943.npy,bovid,4.736901929419642,1.666375657768318e-17,9.020310355773167e-11,60.05859375,15.625,5.567118886081236e-10,9.25,4.487011256321708,1.4343910873668094e-17,8.368908370440705e-11,61.71875,17.578125,5.473327035690685e-10,4.25,5.712255674785158,2.09208601345579e-17,1.0107058789567368e-10,55.56640625,14.0625,5.638569611803907e-10,4.25
bovid_068956.npy,bovid,12.457440805896837,2.197447598424351e-16,3.2756258335898806e-10,39.94140625,16.796875,2.3715823773227994e-09,9.0,21.391085584258704,2.8736323904208015e-16,3.745852126866672e-10,50.29296875,15.625,2.4097749968384586e-09,6.0,39.14207704562904,6.002317344093333e-16,5.413703922150317e-10,41.69921875,16.796875,4.97427072385178e-09,9.0
bovid_068971.npy,bovid,5.439151126382936,3.890399528641e-17,1.3782630898504968e-10,46.2890625,14.453125,6.34987319652605e-10,6.75,5.0053381854351215,4.2153494398562706e-17,1.4346693325222436e-10,46.6796875,20.3125,7.000663116138955e-10,1.5,4.429968305395323,3.998197831642214e-17,1.3972276246129512e-10,45.1171875,16.40625,7.465477799069406e-10,4.75
bovid_068989.npy,bovid,4.981567778474683,1.9804116081390498e-17,9.833604911407848e-11,48.73046875,14.84375,5.589016536552738e-10,5.75,4.151541109218294,2.0945307358081727e-17,1.0112962403983485e-10,48.6328125,14.84375,4.861461912711849e-10,5.25,7.386323138451795,3.2221529750065943e-17,1.2543192904230718e-10,43.06640625,15.234375,7.157585075600093e-10,0.5
bovid_069119.npy,bovid,5.637455557922755,3.6707589429819305e-17,1.338791531616441e-10,51.953125,16.796875,6.455843588994264e-10,8.0,7.06451736262397,4.3403371452309083e-17,1.4557833790419438e-10,46.58203125,17.1875,6.674673518483958e-10,6.0,5.654646945035246,5.4059012964288674e-17,1.624684659371445e-10,46.19140625,18.359375,1.30369703422765e-09,8.0
bovid_069151.npy,bovid,6.171284935489706,4.3336976800264183e-16,4.6000688259257595e-10,48.73046875,19.921875,2.308320007316842e-09,8.25,8.844359344080198,5.421260036554577e-16,5.144997208185749e-10,56.25,27.34375,3.743934691583524e-09,8.25,15.474824179787394,9.441854098288958e-16,6.789904507009031e-10,50.1953125,17.578125,5.083619760716914e-09,10.0
bovid_069154.npy,bovid,6.171777318739477,4.179445574247414e-16,4.5174604694457426e-10,48.53515625,19.140625,2.307757692795626e-09,8.25,8.435548769008678,5.200169475955883e-16,5.038993204928524e-10,56.34765625,27.34375,3.744268236307637e-09,8.25,10.00630083269809,9.490580832838669e-16,6.80740234765399e-10,49.51171875,16.796875,5.0844465073927525e-09,9.25
bovid_069167.npy,bovid,13.470786284891116,3.533347980031674e-16,4.153634033439683e-10,56.8359375,20.3125,3.4491149374138276e-09,6.75,17.359135850607267,3.058567095426417e-16,3.864506390942678e-10,58.69140625,24.21875,2.7659646718608377e-09,6.75,13.262279301978628,3.504547475185776e-16,4.13667115186602e-10,49.12109375,16.40625,2.872981518325367e-09,8.75
bovid_069169.npy,bovid,10.517460386142162,5.512719426186321e-16,5.188215042109897e-10,51.66015625,20.3125,3.69678367631439e-09,6.75,10.895400408981263,8.365395158397908e-16,6.39113886931467e-10,60.05859375,23.828125,4.1910123615114895e-09,6.75,7.966950426327991,9.716150378261491e-16,6.887825529066117e-10,52.63671875,19.140625,6.718567833741088e-09,9.0
bovid_069182.npy,bovid,20.632668121379535,2.8483476936776394e-16,3.729336096818755e-10,57.71484375,19.921875,3.449205079869296e-09,8.25,21.545341907164868,2.5059773618506697e-16,3.4980305297640663e-10,57.71484375,19.921875,2.9114689940082603e-09,9.75,7.010340018233532,2.555843697510738e-16,3.5326626720154944e-10,53.22265625,16.40625,2.39159338928485e-09,9.75
bovid_069201.npy,bovid,10.16148410868101,2.4935495950701594e-15,1.1034280734229355e-09,45.60546875,20.3125,8.232765361156915e-09,4.0,12.4634560270513,1.6618919654983938e-14,2.8486324548430472e-09,33.59375,12.5,2.1945305264954735e-08,5.75,11.733602148540893,1.4300891999572873e-14,2.642509682416782e-09,34.5703125,12.109375,2.1012486383845705e-08,6.5
bovid_069220.npy,bovid,2.5142676256992162,9.102015049312289e-18,6.666590797249383e-11,56.15234375,12.5,3.30417708110215e-10,6.75,6.067019513655786,3.6716860692061355e-17,1.3389605907118993e-10,56.73828125,16.015625,1.1519925888112575e-09,7.0,11.021973630473113,3.239450049930729e-17,1.257681485787534e-10,35.44921875,12.109375,9.906139553956247e-10,4.25
bovid_069222.npy,bovid,24.55426240104984,8.493289905999377e-16,6.439809167913098e-10,56.73828125,16.40625,6.969555330961133e-09,8.75,61.72611254552321,1.0235208309051928e-15,7.069413205602189e-10,72.55859375,24.21875,1.1876464589266642e-08,7.75,30.669918224827562,1.5561454834354175e-15,8.716861028109258e-10,60.3515625,16.40625,1.094457049435754e-08,8.5
bovid_069241.npy,bovid,19.919021043443347,1.9807445421142737e-15,9.834431457660556e-10,47.55859375,19.921875,4.9847758826993e-09,4.5,11.306519271226053,6.194834973656089e-15,1.7392014732285942e-09,31.0546875,12.890625,1.1442808570289519e-08,4.75,9.708779951059014,8.366838966753455e-15,2.0212299694085e-09,31.54296875,12.890625,1.0172697587438452e-08,8.25
bovid_069265.npy,bovid,3.9378488612524642,2.293193461609972e-16,3.3462267853908884e-10,45.3125,13.671875,1.425991731907031e-09,0.0,2.9075101433115162,2.3627598312152817e-16,3.396603191183196e-10,48.6328125,16.015625,1.3721086480514997e-09,0.0,4.685347632738552,5.196740269646594e-16,5.037331470916298e-10,42.87109375,13.671875,2.7058664965757667e-09,0.25
bovid_069297.npy,bovid,2.344716677494899,1.5334386108415092e-13,8.653030230502812e-09,51.953125,22.65625,3.772812696039225e-08,0.0,2.682210298491615,3.6379622685290297e-13,1.3327973454093425e-08,50.09765625,19.53125,5.142328677610392e-08,0.0,4.63675943196791,3.9477170747729e-13,1.388378992896556e-08,45.99609375,17.96875,7.950384471029092e-08,4.0
bovid_069319.npy,bovid,18.362554360714256,6.846448529766258e-15,1.8283852018037476e-09,56.25,23.046875,1.7221028163780254e-08,9.0,54.74957015063879,9.441696352584541e-15,2.147138397300095e-09,61.328125,25.0,2.4226491571763832e-08,9.0,40.69000197190206,2.923996823529757e-14,3.778535197651518e-09,54.6875,22.265625,6.30566659832692e-08,10.0
bovid_069323.npy,bovid,26.088238777668348,4.477331251569307e-15,1.4785793520066232e-09,65.4296875,27.734375,1.6043870804479242e-08,5.75,27.032930665636158,5.31599784693926e-15,1.6111182680674969e-09,70.1171875,29.6875,1.4747179597511117e-08,10.0,12.113297090310583,6.208993827503735e-15,1.741187889728104e-09,64.16015625,22.265625,1.3512015915781685e-08,10.0
bovid_069325.npy,bovid,15.606547310430901,1.0828391403263886e-14,2.2994130750856717e-09,56.640625,23.046875,2.6288350089998894e-08,10.0,54.749553070030686,1.142260015382546e-14,2.3616607464579007e-09,61.42578125,26.171875,2.4226545623605144e-08,10.0,40.68988245289553,3.978250474393448e-14,4.407385976346894e-09,55.2734375,25.78125,6.305639662278926e-08,10.0
bovid_069350.npy,bovid,14.34478062193316,6.491186636314771e-16,5.629853217236726e-10,53.80859375,19.140625,4.847167744922385e-09,8.0,7.430539707011787,5.198017965106666e-16,5.037950684082507e-10,54.98046875,22.65625,3.651376367133367e-09,8.0,6.197806031240904,7.384239142766204e-16,6.004652795065516e-10,53.125,21.875,3.712599798910295e-09,7.25
bovid_069359.npy,bovid,14.344521850813896,5.771493526391439e-16,5.308589335627046e-10,53.90625,27.34375,4.846994729994165e-09,3.5,7.430509511244899,4.823394662891744e-16,4.853012647047306e-10,53.80859375,14.84375,2.6197188662671314e-09,5.5,6.19779699139897,6.677323411110572e-16,5.710001595298668e-10,54.1015625,21.484375,3.3106453822318942e-09,4.0
bovid_069363.npy,bovid,2.5833108330083965,4.777633353072926e-16,4.829936630723161e-10,57.2265625,14.0625,3.4268657946969336e-09,0.25,2.641324040095597,9.100335256064006e-16,6.665975603203182e-10,42.96875,10.546875,2.108010942397736e-09,0.0,3.2922156914108176,9.39642306143707e-16,6.773549437309304e-10,42.28515625,13.671875,2.4833175349553657e-09,0.0
bovid_069365.npy,bovid,6.563189084886794,5.432852270125107e-16,5.150495022346905e-10,54.78515625,27.34375,4.847053781651027e-09,3.5,4.237250254811707,4.645987157240209e-16,4.762928108444632e-10,54.4921875,21.484375,2.619429925571933e-09,5.5,3.1351046782067504,6.429939933697466e-16,5.60323041490417e-10,50.68359375,21.875,3.388765112494432e-09,4.0
bovid_069400.npy,bovid,16.932833021799116,3.937903474220904e-16,4.3849793964988315e-10,50.9765625,22.65625,3.441582963558007e-09,9.5,18.524141416720084,8.275938165617263e-16,6.35687457201281e-10,65.625,22.65625,5.879394058696272e-09,9.75,19.139701411791936,1.3254017702220488e-15,8.044680435643387e-10,56.93359375,18.359375,7.264395808705446e-09,9.75
bovid_069431.npy,bovid,12.879796069719017,1.344578961788976e-14,2.5622893985380018e-09,76.3671875,50.390625,2.9409037393536646e-08,5.75,8.830114835774882,4.455821184749295e-14,4.664433446696251e-09,60.9375,15.234375,7.054739461634024e-08,7.0,14.033450532300524,2.855267924008597e-14,3.733863670542649e-09,60.25390625,30.078125,3.998616162811012e-08,7.5
bovid_069456.npy,bovid,12.214364010591028,3.0595824610482126e-16,3.8651477960858076e-10,58.3984375,25.78125,2.5695583980287896e-09,5.75,20.019129207626836,1.0476137190542997e-15,7.152133501669151e-10,43.26171875,21.875,4.626450253211105e-09,5.75,6.893654438732747,9.534862523016748e-16,6.823265047846794e-10,44.04296875,13.671875,4.221706483150017e-09,6.75
bovid_069487.npy,bovid,21.09613566607593,7.140880870559325e-15,1.86728632983209e-09,56.8359375,24.609375,3.105356907622291e-08,10.0,28.983199448028266,7.928875017931927e-15,1.9676181044220886e-09,62.01171875,25.390625,2.3210152248049724e-08,10.0,36.053969437318365,2.1251420209397032e-14,3.2212839092696633e-09,57.2265625,24.609375,4.4972404863869716e-08,10.0
bovid_069490.npy,bovid,7.858925540483651,2.119639931901357e-14,3.2171111816328472e-09,71.19140625,39.453125,4.168313370478145e-08,9.0,10.06061188089878,7.474681796162134e-14,6.041313574697387e-09,52.83203125,28.90625,8.810481243132538e-08,9.0,8.09850922880707,4.74457435672234e-14,4.81319716780679e-09,48.33984375,16.796875,4.2222623773948935e-08,9.0
bovid_069492.npy,bovid,9.79030749741353,1.723237713503809e-14,2.9007320882783743e-09,71.19140625,39.0625,3.245757275323973e-08,8.75,12.938765127607041,6.359885676548892e-14,5.572623195589658e-09,52.1484375,18.75,4.930787795579139e-08,7.5,13.096462329598108,4.4655850152403804e-14,4.66954112651644e-09,49.0234375,16.796875,3.6457696320527276e-08,8.75
bovid_070459.npy,bovid,10.474257102796939,7.594613700330972e-17,1.9256966196326805e-10,61.71875,19.53125,1.3295616893826836e-09,9.0,11.192273730211076,1.5381293667073008e-16,2.740510408368392e-10,75.5859375,20.703125,2.2317644073534577e-09,9.75,13.998912571718883,1.5566082639892713e-16,2.7569233375286503e-10,61.03515625,17.1875,1.9745752492178194e-09,9.0
noise_001209.npy,noise,72.62771357497964,3.803333094268252e-15,1.3627531828748997e-09,72.4609375,73.4375,1.329651260167971e-08,9.5,20.18389821275591,3.0477440443020657e-15,1.2199001072349604e-09,72.94921875,21.875,1.022766782484811e-08,9.0,22.570694361875937,4.759215972721308e-15,1.5244133049079328e-09,71.6796875,26.953125,1.196222087328917e-08,9.5
noise_001215.npy,noise,7.969473955210472,2.7342360583287003e-15,1.1554549754775435e-09,72.55859375,22.265625,1.0493303077373099e-08,6.5,8.579410205700647,4.087344841502628e-15,1.4127186019834081e-09,72.4609375,22.265625,1.0345816956436914e-08,5.75,14.512131754857611,7.120675274892972e-15,1.8646426531828648e-09,70.8984375,28.515625,1.6664230278433964e-08,6.5
noise_001224.npy,noise,5.081623501934212,1.0564831527102597e-13,7.182345817414436e-09,52.05078125,14.84375,4.063932865404059e-08,0.25,11.80196767533212,9.314409393240914e-14,6.743924274147371e-09,55.37109375,32.421875,5.5018025459107165e-08,0.25,6.297695751799317,3.029733972122609e-13,1.216290381066747e-08,56.93359375,30.078125,7.164221353057806e-08,2.5
noise_001225.npy,noise,4.567011967115323,1.0510276073745258e-13,7.1637774526665936e-09,50.09765625,14.84375,4.0650262770213816e-08,0.25,11.765765944513896,9.277248251251941e-14,6.73045791360559e-09,53.90625,30.078125,5.5013961474296876e-08,0.25,6.192654319976145,2.9689397056773124e-13,1.2040255772460775e-08,55.76171875,30.078125,7.164710533128598e-08,2.5
noise_004526.npy,noise,5.691702217952225,4.935352287037515e-17,1.5523659310565393e-10,85.7421875,18.359375,1.1429443992781637e-09,5.75,6.354156148519623,1.1429497527224366e-16,2.362373666350229e-10,72.265625,20.3125,1.3811193010718384e-09,3.0,12.435774526466298,9.028836429806466e-17,2.099669387782619e-10,73.33984375,18.359375,1.4162554817302385e-09,5.75
noise_004527.npy,noise,2.1915989594110052,3.7087350908252544e-16,4.255473893783181e-10,76.66015625,33.203125,1.6010632853816614e-09,0.0,3.0195356659093857,4.757495938061509e-16,4.819746947202307e-10,57.51953125,13.28125,1.899292136983091e-09,0.0,3.172570169755996,4.291644046983841e-16,4.577695184059691e-10,57.03125,16.015625,1.672564653656018e-09,0.0
noise_004549.npy,noise,1.796896395716733,2.966807888501995e-16,3.8060959844801796e-10,78.90625,26.171875,1.6772844210640951e-09,0.0,2.6817368295453163,4.0070539194645216e-16,4.423312442744166e-10,61.81640625,17.578125,1.7081989233527414e-09,0.0,2.220439210145011,3.6030803558929555e-16,4.194420794371801e-10,58.7890625,15.234375,1.6107774836379842e-09,0.0
noise_004551.npy,noise,1.7969534471119162,3.0634101894567456e-16,3.8675648107959054e-10,77.05078125,26.171875,2.0798898801490474e-09,0.0,2.6816787028883544,4.136196162658631e-16,4.4940260708502345e-10,60.25390625,17.578125,1.7079407859332565e-09,0.0,2.2863097257648497,3.754821223637478e-16,4.281832318767559e-10,58.0078125,10.9375,1.6102892417332393e-09,0.0
noise_004557.npy,noise,1.7096171561341984,3.3045932626595897e-16,4.016927842310592e-10,75.09765625,16.015625,2.4048486635512165e-09,0.0,2.0140837996699466,4.29699111472743e-16,4.580546029392132e-10,61.1328125,13.28125,2.4301694228477744e-09,0.0,2.2862136162738387,3.6962813649867173e-16,4.2483230635715787e-10,59.08203125,10.9375,1.6099854497983685e-09,0.0
noise_005388.npy,noise,19.851094617285987,4.175256095546565e-15,1.4278302649137243e-09,64.6484375,7.03125,1.6790762203284067e-08,9.0,105.25030470887594,6.260166809938243e-15,1.7483483849522547e-09,67.67578125,90.625,1.9209589830017004e-08,9.75,30.237428362431196,6.670251531023409e-15,1.8047046172109508e-09,65.4296875,16.015625,1.9143904969233082e-08,9.0
noise_007213.npy,noise,12.67182193380489,1.6705468054863072e-13,9.03159278514239e-09,64.6484375,25.390625,6.982880609850087e-08,5.75,10.864339160027578,5.5823619696357e-14,5.220883718764651e-09,72.4609375,32.03125,4.981823347444965e-08,5.75,5.637423961112972,3.2421589331973397e-13,1.258207223234815e-08,62.40234375,25.78125,9.929107161010505e-08,1.25
noise_007223.npy,noise,2.350096230571212,3.1528299771984836e-16,3.9236051818499106e-10,68.9453125,16.40625,1.6253790189704217e-09,0.0,2.446039931246991,3.776942072040924e-16,4.29442661610806e-10,65.0390625,11.328125,1.6583894553192874e-09,0.0,3.8604782507582094,6.937941698022235e-16,5.820366693548972e-10,59.1796875,9.765625,4.005901657122859e-09,0.0
noise_007225.npy,noise,2.349795189651718,3.240211550895943e-16,3.977605493680727e-10,67.3828125,16.40625,1.619185383690866e-09,0.0,2.44602445150785,4.30156293898069e-16,4.58298213917441e-10,65.13671875,11.328125,2.6133864056372184e-09,0.0,3.8604448927687445,7.267389628656304e-16,5.956953996899201e-10,60.44921875,17.1875,4.00576180487074e-09,0.0
noise_007843.npy,noise,24.023061656364206,5.687310899320683e-16,5.269731753190979e-10,79.00390625,67.578125,1.0531813605512206e-08,9.25,20.1135998253383,4.449932312532702e-16,4.661350139153739e-10,81.640625,27.34375,9.586125476585904e-09,9.25,23.229416885484337,8.932835179899394e-16,6.604343970210252e-10,74.70703125,27.34375,1.6250416480111414e-08,9.25
noise_007845.npy,noise,23.473441204582354,3.653424493749885e-16,4.2236224719887204e-10,69.921875,26.5625,6.175759651941532e-09,8.25,23.042816373996217,5.261341633220031e-16,5.068544632678811e-10,80.2734375,27.734375,7.49104124266464e-09,8.25,15.873895681231255,2.9005531690671667e-16,3.7633571808739834e-10,71.09375,24.609375,4.76288867393813e-09,9.25
noise_007855.npy,noise,24.02297818316579,3.457376775729361e-16,4.108737341050292e-10,78.3203125,27.734375,6.825782370141681e-09,6.25,20.11438191920413,2.35654096982806e-16,3.392130260505716e-10,82.91015625,37.109375,3.799218314696367e-09,4.25,23.229408790803916,5.071742103137958e-16,4.976380787075916e-10,74.0234375,28.125,5.9824870311218235e-09,6.25
noise_007880.npy,noise,2.4299345693623517,1.4966673937291866e-16,2.703321338361996e-10,42.87109375,19.140625,2.2567351243858584e-09,0.25,2.4733167068869166,2.8591540996802703e-16,3.736403802768789e-10,34.765625,14.0625,1.9886519144824522e-09,0.0,4.163550789524715,5.269611536848172e-16,5.072526498922057e-10,31.93359375,12.890625,1.909224231628592e-09,0.0
noise_007888.npy,noise,133.57133222668816,1.321819044566477e-16,2.540510687548323e-10,79.8828125,64.0625,5.3192522075922455e-09,10.0,34.7021649990244,8.56298385959141e-17,2.04478469837074e-10,77.734375,24.609375,2.946361438860126e-09,10.0,60.362114373419935,1.756468866478374e-16,2.928567591349299e-10,70.5078125,28.515625,4.795620943239163e-09,10.0
noise_007891.npy,noise,133.57431290324106,1.370823136648275e-16,2.58717458763714e-10,80.56640625,33.59375,5.318641442191831e-09,9.75,34.70186416088403,8.154470539416547e-17,1.9954135080415002e-10,78.3203125,23.046875,2.9460711243927885e-09,10.0,60.36221217678976,1.791302435685818e-16,2.9574641036278293e-10,70.1171875,33.59375,4.795503003663719e-09,10.0
noise_007896.npy,noise,37.54082261383438,3.5042915238698755e-16,4.136520090171916e-10,69.04296875,27.34375,6.404340169840823e-09,9.75,12.152725581428962,3.8280125167599465e-16,4.3233629696096447e-10,87.40234375,27.34375,4.737419459523495e-09,9.0,21.70464998233008,3.7911163033392094e-16,4.3024772021358213e-10,76.26953125,26.5625,5.219524735892581e-09,8.5
noise_007900.npy,noise,30.382885456707637,2.0731148467466493e-16,3.1816082548972186e-10,79.58984375,20.703125,5.29174253749463e-09,9.75,34.70204950212318,1.0829655959746888e-16,2.2995473356935186e-10,81.25,26.5625,2.937038374312906e-09,9.75,26.270248795982056,2.4969443586148656e-16,3.4917203676768203e-10,71.38671875,19.921875,4.808832089039112e-09,9.75
noise_007908.npy,noise,3.306459777634411,2.805219177789237e-17,1.1703571790931607e-10,80.95703125,16.40625,2.218553376385451e-09,10.0,3.9146205805385725,9.573456291757935e-18,6.837060190578937e-11,101.5625,22.265625,4.775499164715795e-10,0.25,6.851415631452623,9.907965372456788e-18,6.955482526050882e-11,89.94140625,18.359375,9.165507246300819e-10,5.25
noise_007910.npy,noise,0.6060716326714711,1.9860718041855568e-17,9.847647552270943e-11,102.83203125,78.515625,1.6980845703349584e-09,0.25,1.147180332349558,1.1357962320244196e-17,7.447066562870065e-11,76.171875,15.234375,6.039809535017514e-10,0.25,0.7873001152150878,8.13660209881938e-18,6.303134334253198e-11,76.07421875,16.40625,2.391533956882853e-10,0.0
noise_007913.npy,noise,0.6060712496861148,1.9793367201445484e-17,9.830935906021767e-11,103.80859375,78.125,1.6667054094969463e-09,0.25,1.1471735344900267,1.0786198511952203e-17,7.257202279228657e-11,80.46875,12.5,6.202472313786707e-10,0.25,0.7873049550993648,8.350633004606618e-18,6.385497256894388e-11,77.63671875,11.328125,3.0290746258977056e-10,0.0
noise_007914.npy,noise,3.30648084329341,2.2382912151484326e-17,1.0454260530504756e-10,82.421875,39.84375,1.7766459063055593e-09,9.5,3.9146640882138843,1.3416159420371135e-17,8.093737759513891e-11,97.16796875,25.0,5.335212785544406e-10,3.0,6.851396546715627,1.3370472128592829e-17,8.079944829043988e-11,87.6953125,26.953125,9.164971171463467e-10,6.75
noise_007917.npy,noise,2.992637097158974,1.7827024919023293e-17,9.329845663912047e-11,81.25,21.875,1.397313182506761e-09,10.0,3.6785230073774846,1.486584222252948e-17,8.519807522895968e-11,94.3359375,25.0,5.891209083025673e-10,10.0,3.141848010536356,1.5368163740791785e-17,8.662555166669064e-11,86.42578125,29.6875,9.164939418057255e-10,10.0
noise_007926.npy,noise,4.771751161432949,1.1003220431918705e-17,7.32984735620245e-11,79.00390625,26.953125,6.888382368434406e-10,2.5,3.8957136406405692,1.7410682866113202e-17,9.220254873494191e-11,88.4765625,26.5625,6.458896538059904e-10,2.5,7.055736774570565,1.7507450123532117e-17,9.245842109094724e-11,81.25,29.6875,7.21061910131152e-10,3.5
noise_007934.npy,noise,1.9715928173630202,1.3952673641623027e-15,8.253986265177416e-10,71.09375,23.828125,8.818423972178034e-09,0.25,3.0402202487791676,1.3734091234046682e-15,8.189077625333855e-10,47.0703125,13.28125,5.195394756586578e-09,0.25,2.1426391554015556,2.25268442603881e-15,1.048781944639477e-09,49.21875,17.1875,1.700681216992469e-08,0.25
noise_007943.npy,noise,1.9716163955443702,1.1885933917475565e-15,7.618187888627036e-10,71.6796875,19.140625,6.9468735317028355e-09,0.25,3.0401383360229017,1.2650320426287766e-15,7.859334749613559e-10,45.21484375,13.28125,2.638509243414975e-09,0.0,2.137524663550216,1.2190332086836213e-15,7.715121897465713e-10,47.94921875,16.40625,5.354008998399706e-09,0.25
noise_007956.npy,noise,7.614872809774992,6.683975240355245e-16,5.712844987683203e-10,66.796875,27.734375,6.820265477164112e-09,6.75,9.220396901248002,8.338346912049578e-16,6.380798110855106e-10,71.2890625,25.390625,6.260846766523709e-09,6.75,9.602029955294942,3.685830224782715e-16,4.242312800165359e-10,69.7265625,33.984375,3.1182594973878714e-09,6.75
noise_007976.npy,noise,1.7553943035648232,7.38697620930609e-16,6.005765544208531e-10,71.6796875,26.953125,4.492918407178008e-09,0.25,2.5054146293044117,1.0017126826394128e-15,6.993693736646077e-10,50.9765625,12.890625,3.0604037671251643e-09,0.0,2.3093104575534276,8.49806254593533e-16,6.441618276883136e-10,54.1015625,10.546875,2.5752275611666707e-09,0.0
noise_007988.npy,noise,4.388842404443339,2.3521389864025325e-17,1.071683425482713e-10,87.890625,4.6875,9.047084689984388e-10,3.25,5.346772466687506,3.162619111110584e-17,1.2426775981110165e-10,67.67578125,10.9375,7.312372567233468e-10,7.0,9.634112423881986,4.221224734487324e-17,1.4356687953307297e-10,60.15625,10.546875,6.030233168794582e-10,2.5
noise_007995.npy,noise,1.540264805385625,9.765825914723181e-18,6.905410693741125e-11,43.84765625,4.6875,2.6667408929038873e-10,0.0,1.617488710290944,1.3482897238168878e-17,8.113843674285724e-11,71.6796875,12.890625,3.3697960158527353e-10,0.0,2.7521756017972927,2.277461339868444e-17,1.054533863779461e-10,50.48828125,12.109375,5.106840466578427e-10,1.75
noise_007998.npy,noise,1.5389859317437415,1.0316392687146005e-17,7.097394674646825e-11,44.53125,4.6875,3.069542684592701e-10,0.0,1.617405327001992,1.3750328761200505e-17,8.193917082464244e-11,71.6796875,12.890625,3.3686102716279847e-10,0.0,2.752140308563066,2.321235807202985e-17,1.0646200831685604e-10,48.828125,10.9375,5.106328385285137e-10,1.75
noise_008014.npy,noise,1.385538644216632,1.191085301031539e-17,7.626169547317357e-11,87.890625,12.5,3.751492927818107e-10,0.25,0.9956241003330945,1.2741865303790943e-17,7.887720784781033e-11,77.734375,12.5,5.457956669351356e-10,0.25,0.8870507011872145,2.1110833391679175e-17,1.0152843994187464e-10,70.99609375,10.546875,5.96725235846898e-10,2.0
noise_013261.npy,noise,17.502269479200443,3.790855330045382e-17,1.3605159238773068e-10,70.99609375,28.90625,1.1731295877393579e-09,9.0,15.744554986496846,6.535241468021587e-17,1.7863470751949118e-10,77.1484375,41.015625,1.3452290235420814e-09,9.0,12.257443334680278,8.550440088177003e-17,2.04328646408309e-10,70.01953125,16.796875,2.0276026121488934e-09,9.0
noise_013287.npy,noise,6.749863816676802,4.545599292564125e-15,1.489809016140098e-09,67.48046875,18.75,1.3980388012669126e-08,3.5,3.4090924173527353,4.6372955492176155e-15,1.504760601355383e-09,64.35546875,29.296875,1.2153831548875808e-08,1.75,10.980476425624877,9.215434830593625e-15,2.1212552977837895e-09,59.375,18.75,2.5783387889517566e-08,7.5
noise_025618.npy,noise,1.1336951629325793,1.3068736760743852e-17,7.988253326890027e-11,71.484375,11.328125,3.4957090785187997e-10,0.0,3.1579930236026788,2.1045795189568502e-17,1.0137192502072009e-10,57.32421875,12.5,4.850994146984584e-10,0.0,2.313705815488995,1.813642579047801e-17,9.410460485814092e-11,58.3984375,11.71875,3.2776350912065597e-10,0.0
noise_025687.npy,noise,11.080039569389482,6.787602317308533e-16,5.756960086710961e-10,76.26953125,38.28125,4.873257855234849e-09,9.25,12.62209448624931,2.0907230695461766e-15,1.0103765999872742e-09,59.1796875,27.734375,8.947877896274856e-09,9.25,9.463013938627029,1.0138620537732086e-15,7.035977763921298e-10,60.83984375,26.171875,5.2133878539317454e-09,8.5
noise_046286.npy,noise,4.081358583033667,1.0028532774178717e-12,2.212858901656848e-08,43.45703125,16.015625,1.4008389520577423e-07,0.0,8.544808868894355,5.881140734008886e-13,1.694594567744089e-08,49.0234375,16.015625,1.4126873272139244e-07,0.5,5.296413230907784,1.6397160473966097e-12,2.8295628660057648e-08,45.99609375,14.453125,2.605973353109787e-07,2.5
noise_061501.npy,noise,586.2191662561191,3.1809096083165043e-16,3.9410385936778053e-10,100.390625,45.3125,1.03342994037927e-08,8.5,974.5502993784279,5.931528846077881e-16,5.381685906269489e-10,72.16796875,32.421875,1.1954164560722141e-08,10.0,316.67973565847427,1.8538745041175616e-16,3.0086743928408954e-10,74.609375,33.203125,7.694236428100508e-09,2.0
noise_061537.npy,noise,4.2055703187927,2.628741181734016e-14,3.58268758077447e-09,67.3828125,33.984375,4.053780561409994e-08,6.0,6.081796707114227,3.6843112285192483e-14,4.241438543761319e-09,59.5703125,25.78125,3.178789648204371e-08,8.5,3.2880741734266508,2.243954980528346e-14,3.3101074647752853e-09,61.9140625,30.46875,3.117272001880736e-08,1.25
noise_061555.npy,noise,2.372178432292107,2.4663658500707694e-16,3.470274052909752e-10,72.0703125,7.8125,1.3790952786744972e-09,0.0,2.2489278137457145,4.556135226973358e-16,4.716646482190058e-10,50.48828125,10.15625,1.6116259546025757e-09,0.0,4.022077086711591,6.335127428832148e-16,5.561765852550292e-10,42.1875,8.59375,1.7101414122509672e-09,0.0
noise_061571.npy,noise,2.308536333575511,2.5802275726277665e-16,3.549474249022173e-10,72.0703125,8.984375,1.3793254061075549e-09,0.0,2.1952323248467183,4.810402018926497e-16,4.846472026953167e-10,53.515625,9.765625,1.6121213662845654e-09,0.0,3.503574036833162,7.091012189203716e-16,5.88422322444486e-10,42.48046875,8.984375,2.1214502765881144e-09,0.5
noise_061577.npy,noise,82.1628991182091,2.329662565606635e-16,3.37272968026288e-10,106.73828125,40.625,4.261726371838432e-09,6.5,42.83277286709993,1.4949457319456982e-16,2.701766034793928e-10,101.5625,25.0,4.1015026929487026e-09,6.5,49.93872714130597,1.2274226524820745e-16,2.448116555706168e-10,94.3359375,34.375,3.93976245296474e-09,2.25
noise_061579.npy,noise,1.9760175532640005,2.7420678869868387e-16,3.6590987079372325e-10,71.875,8.984375,1.3673361369951454e-09,0.0,2.195142309161271,4.669249551121234e-16,4.774837177730163e-10,55.76171875,9.765625,1.6219112039578386e-09,0.0,3.503213221611025,7.035964104794481e-16,5.861338881214922e-10,44.140625,8.984375,2.120938315920363e-09,0.5
noise_062035.npy,noise,6.369300987526212,5.9893983438602066e-15,1.7101201449278326e-09,41.11328125,9.765625,1.036287692466026e-08,3.75,5.629100954988481,2.108488156762216e-14,3.2086371449480706e-09,29.6875,9.765625,1.23184258761313e-08,3.0,4.764596891784683,2.065614424437697e-14,3.175847592663208e-09,31.34765625,9.375,1.674652608725952e-08,2.0
noise_062052.npy,noise,4.745167331710234,1.261815837750349e-14,2.4821785079372063e-09,42.28515625,16.796875,1.7815927985725624e-08,2.25,4.1532811880638425,5.7826237517481e-14,5.3137056314621456e-09,27.05078125,13.671875,3.4169706347517964e-08,3.0,6.615400411141905,5.44684329015275e-14,5.157122696106714e-09,28.90625,10.546875,2.5112679493126602e-08,3.0
noise_063451.npy,noise,6.077601715531008,8.098613221658358e-16,6.288402807659406e-10,69.23828125,26.171875,3.414328558220069e-09,1.25,2.750855069797054,6.215798455524234e-16,5.509135902853952e-10,64.74609375,9.765625,2.3887731303436496e-09,0.25,3.5076426775165856,1.5644947929648921e-15,8.740214374529887e-10,53.02734375,23.046875,4.783366972619967e-09,2.75
noise_063485.npy,noise,5.607042239025284,1.7011414120534627e-15,9.113920424845884e-10,58.984375,21.484375,5.033578618682098e-09,4.0,4.24491432386454,1.0319759125210628e-15,7.098552588631538e-10,59.9609375,25.390625,5.161614892305941e-09,3.75,4.174027628319055,1.8647364161397678e-15,9.542095305504165e-10,58.59375,25.0,7.024350367362249e-09,4.75
noise_063494.npy,noise,20.8122282315247,1.362962252442265e-14,2.5797459416099967e-09,64.84375,24.609375,3.018473199316899e-08,6.0,21.684005403022333,1.2063828865976861e-14,2.4270437652554318e-09,66.9921875,30.859375,2.755246467253443e-08,5.0,30.338921502152953,3.910288443950646e-14,4.369577244165362e-09,61.5234375,41.015625,6.29113946655765e-08,6.0
noise_063512.npy,noise,2.507232799972116,1.3817658414336134e-15,8.213953690291336e-10,49.0234375,8.984375,7.321766691616234e-09,3.75,2.737726024249927,7.394564083212451e-16,6.008849302284156e-10,50.68359375,8.984375,3.8540084502870874e-09,3.75,2.486812328629854,1.6584107656101645e-15,8.998727030228154e-10,47.265625,12.5,8.529056756830047e-09,1.5
noise_063529.npy,noise,4165.533981227029,3.7526041753592595e-13,1.353634462290185e-08,66.9921875,47.65625,1.1909551174940435e-07,10.0,3599.9831807732608,5.379231822815833e-13,1.620672094683034e-08,69.3359375,42.578125,1.2867775222529296e-07,10.0,9296.911121924919,7.747842895663657e-13,1.9450260702361472e-08,56.640625,32.8125,1.7542670320230806e-07,10.0
noise_064104.npy,noise,2.239440085799011,9.253673236676693e-16,6.721900873336382e-10,53.3203125,18.75,2.3821627499036327e-09,0.0,3.8714881401281898,1.4785324459831038e-15,8.496703307107924e-10,43.26171875,13.28125,2.990954015651093e-09,0.0,3.306155337870029,1.1713510023278435e-15,7.562729213752085e-10,44.921875,19.921875,2.9788440779894267e-09,0.0
noise_064134.npy,noise,4.4326802293639815,3.0162191866017284e-17,1.2135745855561887e-10,77.5390625,17.578125,6.215417387345206e-10,0.25,3.5196017227988863,3.021589270131902e-17,1.2146544306125066e-10,69.7265625,21.09375,6.56679484831148e-10,0.0,6.115756081220427,5.537226720791054e-17,1.644300454528082e-10,62.40234375,25.0,9.140538202536539e-10,5.5
noise_064138.npy,noise,4.432735355380531,2.904490459772108e-17,1.1908854824501807e-10,76.171875,22.65625,6.215853283998392e-10,0.25,3.519578477999744,2.786607773340591e-17,1.1664683136829994e-10,70.80078125,21.09375,6.185651406269418e-10,0.25,6.115836398718766,5.415985929822318e-17,1.626199366558742e-10,62.3046875,11.328125,9.138450774437957e-10,0.25
noise_064153.npy,noise,3.8450102265036596,3.590891978591577e-17,1.3241469797275786e-10,59.9609375,22.265625,1.228169223650454e-09,9.0,3.7365311689376677,4.1687842295011954e-17,1.4267232298386154e-10,74.31640625,23.046875,1.4089647925919805e-09,9.0,4.275694843410702,4.166939313989653e-17,1.4264074932882996e-10,60.83984375,22.65625,1.1145483669831805e-09,2.5
noise_064157.npy,noise,3.8449571578563204,2.653621794364152e-17,1.1382942355908559e-10,59.375,23.4375,1.189805280120208e-09,8.0,3.736532165387803,3.012590774248114e-17,1.212844420768112e-10,76.953125,23.046875,1.0735275587507281e-09,8.0,4.275617989811885,3.7042106904637895e-17,1.3448779224163888e-10,58.59375,22.65625,1.1267301773999342e-09,2.25
noise_064181.npy,noise,3.8603932001127084,2.1629293723597908e-17,1.0276759497028011e-10,44.43359375,7.8125,6.100719940957237e-10,3.25,3.7953765753055855,3.503869245176204e-17,1.3080036906947906e-10,59.1796875,21.875,7.115332709078628e-10,2.5,12.132017957958237,4.577432355900789e-17,1.4950165191494314e-10,50.5859375,18.359375,9.188682276647487e-10,2.25
noise_064188.npy,noise,2.9692665728770704,1.207820569395384e-15,7.679558173489473e-10,48.92578125,7.8125,3.044987802508764e-09,0.0,3.969797834803876,2.414476580749805e-15,1.085791712504862e-09,38.671875,7.8125,4.221398768665098e-09,0.5,5.44902578536987,1.810731931274238e-15,9.402906204028088e-10,39.2578125,8.984375,3.92139944414304e-09,0.25
noise_064202.npy,noise,5.754850658749246,4.0438922447638495e-17,1.4051892257410027e-10,52.34375,18.75,1.0689520997598934e-09,6.25,5.684127551799834,2.79230049012179e-17,1.1676591855898194e-10,55.2734375,24.609375,7.263200836739566e-10,0.25,4.88573338836217,4.631576217291737e-17,1.503832379239615e-10,48.2421875,14.453125,8.477473944630863e-10,0.25
noise_064207.npy,noise,4.8883476759227396,4.7685011435226337e-17,1.5258996359478106e-10,65.91796875,17.96875,1.7426971430107491e-09,4.25,8.296042999300212,3.4206601057706643e-16,4.086862112025352e-10,106.93359375,67.578125,6.68392846573722e-09,9.25,5.416471548985231,5.96141493433724e-17,1.7061204927867361e-10,62.109375,14.453125,1.324477152407974e-09,0.25
noise_064214.npy,noise,5.754859901284795,3.1646885888019316e-17,1.2430841081764915e-10,55.76171875,19.53125,1.0689007291744841e-09,2.75,5.684120480232577,2.759073517533312e-17,1.1606911156647416e-10,54.1015625,21.484375,7.262671541358792e-10,0.25,4.7217797803555905,4.0788060573899566e-17,1.4112421904867853e-10,46.2890625,14.453125,8.478998303121997e-10,3.5
noise_064240.npy,noise,2.9096769384193473,2.330076766005583e-15,1.066645581203599e-09,45.1171875,19.921875,4.13117286500078e-09,0.25,13.725677815009215,4.00147756264859e-15,1.3978005816771602e-09,32.8125,10.546875,5.29235166613958e-09,0.25,4.0912945175072695,2.836429491320745e-15,1.1768497514801783e-09,35.3515625,12.109375,4.8533579946039754e-09,0.0
noise_064331.npy,noise,4.995006022581189,7.645521644408077e-16,6.109963064891335e-10,47.55859375,19.53125,2.9496000326260596e-09,0.25,6.616843717884887,2.1598966655463596e-15,1.0269552296589216e-09,44.43359375,14.84375,4.727180811037886e-09,0.25,4.103570536517899,3.177808501039951e-15,1.2456581823070137e-09,40.625,16.40625,5.753431180946765e-09,0.75
noise_064332.npy,noise,4.994147178052397,8.285870080811537e-16,6.36068785619626e-10,46.38671875,19.53125,2.9482831846088706e-09,0.0,6.616433974780698,2.2855921330414703e-15,1.0564145889335566e-09,42.3828125,15.234375,4.728309010409392e-09,0.25,4.103625929377253,3.3845287577510195e-15,1.2855356597526242e-09,40.8203125,16.40625,5.752191978398826e-09,0.75
noise_064334.npy,noise,3.7210024325351143,8.836951456820133e-16,6.568803318356743e-10,43.1640625,19.53125,2.9488377567719164e-09,0.0,2.7635189362347794,2.346735141100354e-15,1.070451665473695e-09,38.28125,14.84375,4.727086230769396e-09,0.25,4.103632882046444,3.141685072630547e-15,1.238557997984101e-09,40.625,14.453125,5.752022881669194e-09,0.75
noise_064338.npy,noise,3.6952210428577654,6.303938870047238e-16,5.548058355307966e-10,45.8984375,19.140625,2.5080215097667025e-09,3.25,2.182604072559087,1.5261243137878703e-15,8.632368664461299e-10,38.18359375,14.84375,4.728486366318023e-09,2.5,3.9300799046071866,2.0773888261741546e-15,1.007149449079107e-09,38.18359375,13.28125,5.751824189604812e-09,3.25
noise_064374.npy,noise,2.243014637172954,1.1520213904356326e-17,7.500069630001103e-11,80.37109375,29.296875,2.911649579695655e-10,0.25,5.2408717367448325,1.7587451888978907e-17,9.266942857634054e-11,74.0234375,14.84375,6.035761150303257e-10,0.25,11.00437348753038,2.3076012652211538e-17,1.0614887801026286e-10,60.44921875,14.0625,6.838329111890642e-10,0.25
noise_064381.npy,noise,14.402471078035054,1.6825142674722597e-15,9.063885312955969e-10,66.69921875,25.390625,8.72252549116639e-09,0.25,5.547556899666124,2.5164709532649646e-15,1.1084879713595942e-09,44.7265625,14.0625,5.576304835311527e-09,1.0,16.10704462112147,2.4809864013527205e-15,1.1006448751915888e-09,47.75390625,12.890625,8.787274703840412e-09,1.25
noise_064383.npy,noise,0.4355962860041705,5.6979999886196176e-18,5.2746815609505497e-11,81.25,26.5625,4.5221794243012495e-10,0.25,0.740022653626076,8.765730434839782e-18,6.542279277046045e-11,97.94921875,42.1875,2.3048364480351133e-10,0.0,0.7182611912554734,9.721389879549207e-18,6.889682432538989e-11,83.984375,17.578125,2.5163735650809964e-10,0.0
noise_064391.npy,noise,5.258276049128112,3.4920921758514127e-17,1.3058036348318025e-10,100.9765625,56.640625,1.3952243429140086e-09,7.25,10.513708319434297,3.470252500856595e-16,4.116380969898054e-10,125.09765625,66.40625,6.1067856968605245e-09,8.25,1.8400384643918772,4.948259376127982e-17,1.5543945038181237e-10,102.44140625,64.84375,7.436429709154129e-10,0.0
noise_064419.npy,noise,0.4355887102612237,4.442144372573512e-18,4.6572693790682325e-11,84.27734375,26.5625,2.0415021601018894e-10,0.0,0.7766959389898285,8.628944925241775e-18,6.491033826963322e-11,96.58203125,26.953125,2.361279061790481e-10,0.0,0.7254396233487229,8.740587653776562e-18,6.532889915895251e-11,84.375,32.03125,2.4701211851708425e-10,0.0
noise_064424.npy,noise,15.364219776443225,2.2527090924040217e-15,1.0487876865817033e-09,63.4765625,16.015625,1.1177894829627884e-08,7.75,20.17699250972657,4.487673439444628e-15,1.4802860522898343e-09,47.55859375,17.1875,8.622399487914775e-09,8.5,42.939819497458046,9.603975638641217e-15,2.16551177087664e-09,44.53125,17.578125,1.7399566859111688e-08,7.75
noise_064428.npy,noise,1.4333348698810557,1.0114399441639694e-17,7.027568286657293e-11,81.25,31.640625,2.838879093049052e-10,0.0,7.347556174492712,2.4348112461534093e-17,1.0903543822014219e-10,65.8203125,15.625,5.070791980906203e-10,0.25,15.691270070882219,3.2004496346005784e-17,1.2500878161732533e-10,54.39453125,12.5,8.549112638902905e-10,1.0
noise_064470.npy,noise,1.3696273787429163,1.0264782288516925e-17,7.07961914711159e-11,81.34765625,32.03125,2.409073769273386e-10,0.0,3.1467261275925074,2.201329333896834e-17,1.0367583319254365e-10,64.6484375,11.71875,3.794113490647309e-10,0.0,2.40534375954219,1.9030671529823835e-17,9.639668087087747e-11,54.8828125,16.796875,4.5183389997443855e-10,0.0
noise_064475.npy,noise,6.714877368018962,3.636873303444278e-17,1.3325978548299563e-10,102.63671875,60.546875,1.6367683329803805e-09,5.25,10.22250937477246,3.236749009224295e-16,3.975479659311943e-10,126.26953125,64.453125,6.912418455196538e-09,8.25,2.6095621808898763,4.583216013828169e-17,1.4959607094613267e-10,105.6640625,65.234375,9.404298537731134e-10,0.0
noise_064478.npy,noise,6.183395220588206,1.2654338409986196e-15,7.860582788032368e-10,67.578125,25.78125,5.166646861275828e-09,1.25,4.6308797817866205,2.336785454423299e-15,1.0681800048061312e-09,50.78125,13.671875,5.217280782557087e-09,0.0,14.721712794797284,2.891540078082477e-15,1.1882275892063816e-09,48.046875,17.1875,7.930520136528806e-09,5.0
noise_064485.npy,noise,0.40252231447912196,4.878987469699284e-18,4.880899610152931e-11,87.01171875,42.1875,2.401041004824957e-10,0.0,0.8326842077982187,8.955755391913606e-18,6.612811382050614e-11,96.09375,19.921875,2.418457887153178e-10,0.0,0.8006549431251907,9.352828136160483e-18,6.757818148899547e-11,86.1328125,34.765625,3.2236057376408617e-10,0.0
noise_064486.npy,noise,1.091938431700011,1.5789193201620476e-17,8.78041399535281e-11,106.25,81.25,6.405847331763458e-10,0.25,1.284598214970912,1.617600807118925e-17,8.887317616137265e-11,107.12890625,71.875,5.967660314149202e-10,0.25,2.9073436650651594,2.254625653652132e-17,1.0492337358507541e-10,102.24609375,58.203125,6.674029367203834e-10,1.25
noise_064510.npy,noise,1.1650835813341023,1.1639169550436428e-17,7.538692364759976e-11,108.10546875,81.25,2.9002623675635307e-10,0.0,1.1722970405674205,1.1198275796428067e-17,7.394530481189892e-11,101.7578125,67.96875,2.6759377548087345e-10,0.0,1.3545631587696274,1.3317677113547382e-17,8.063976703896973e-11,99.12109375,36.71875,3.4187154332915424e-10,0.0
noise_064515.npy,noise,0.38564884946848016,4.282597529245516e-18,4.5728678909705145e-11,84.08203125,19.921875,1.6874082396484605e-10,0.0,0.7383206376539271,8.49487892252499e-18,6.44041155431014e-11,97.4609375,20.3125,2.381546954922345e-10,0.0,0.6601999318577815,8.062057985130331e-18,6.274194570263119e-11,86.9140625,18.359375,2.43142807372792e-10,0.0
noise_064516.npy,noise,1.1650660997074267,1.0968148345138624e-17,7.318156314366153e-11,107.421875,83.984375,2.899259810652149e-10,0.0,1.1722989153474794,1.0601963608660673e-17,7.194956597013872e-11,100.0,67.96875,2.4202552832842596e-10,0.0,1.354590659478962,1.2962661393399885e-17,7.955768038659774e-11,96.875,36.71875,3.505372274275876e-10,0.0
noise_064546.npy,noise,1.8421439283844296,8.187234774088151e-18,6.322715579191611e-11,104.19921875,81.25,4.353850018591378e-10,0.25,1.012303269217819,7.768395523073528e-18,6.158865054943765e-11,97.75390625,72.265625,2.4908187554534395e-10,0.0,3.5710469347863,1.0574788133578395e-17,7.185729446861206e-11,92.67578125,63.671875,4.802271801213225e-10,0.25
noise_064547.npy,noise,6.10869805411399,4.2372418157562965e-17,1.4383899785349431e-10,110.25390625,65.625,1.8961580241909086e-09,9.25,6.495503226809762,5.398360990642117e-16,5.134119644556379e-10,135.3515625,62.5,7.542562031031923e-09,9.25,3.6592958954485857,2.660505169784214e-17,1.139769621429567e-10,109.5703125,64.84375,1.0410024366836457e-09,4.25
noise_064563.npy,noise,0.22602885967215547,2.7241458800120033e-18,3.647121269542063e-11,75.5859375,16.015625,2.1221749504632504e-10,0.25,0.4916885191985202,6.100312802252682e-18,5.4577178018609043e-11,100.48828125,53.515625,2.1459990048435275e-10,0.0,0.34629728164307005,4.697461697017852e-18,4.78924051311583e-11,84.66796875,14.453125,2.014200346906327e-10,0.0
noise_064568.npy,noise,2.9710922051284903,8.287099996116433e-16,6.36115991386691e-10,70.5078125,17.96875,2.449680771119316e-09,0.0,2.3729525031832845,1.5293027576022822e-15,8.641353262715796e-10,52.34375,13.671875,2.8907006696096603e-09,0.0,5.080899840615503,1.914846629545058e-15,9.669455547405697e-10,54.00390625,17.578125,5.008881768322153e-09,0.25
noise_064573.npy,noise,1.8595533103741142,1.177370597902171e-15,7.582136817922237e-10,69.04296875,26.5625,2.9745910308205185e-09,0.0,1.9274537745579485,1.5302882300633015e-15,8.644137029429812e-10,50.09765625,13.28125,2.814290357419377e-09,0.0,2.3509103756240033,1.155261532675347e-15,7.510609464295387e-10,53.41796875,16.015625,2.2733683214278754e-09,0.0
noise_064589.npy,noise,7.6420833025490476,3.586299423269427e-17,1.3232999528709562e-10,114.0625,53.90625,1.5064070504428612e-09,9.5,10.375693866146788,4.956754428212273e-16,4.919644548288549e-10,139.84375,67.96875,6.674462193749386e-09,8.25,4.060894354742162,2.3769472120676547e-17,1.0773201733432868e-10,109.86328125,64.84375,1.034987016183489e-09,6.25
noise_064601.npy,noise,8.314279601749787,2.8057172560239105e-17,1.1704610753536084e-10,116.2109375,69.921875,1.4751139339665794e-09,9.25,13.72897157214156,4.156191604069057e-16,4.504875616123429e-10,139.453125,68.75,6.601151504029006e-09,9.25,5.543750035526289,2.162372909195331e-17,1.027543744600702e-10,114.16015625,61.71875,1.0144979301047585e-09,9.25
noise_064630.npy,noise,0.9577505623867538,9.474779309708635e-18,6.801732929789782e-11,104.00390625,19.140625,2.819318442498054e-10,0.0,0.9025117432660436,1.1342678174284259e-17,7.442054203838639e-11,98.6328125,70.703125,4.238735227469089e-10,0.5,1.3170973528319596,1.2032789949191535e-17,7.665106468522587e-11,92.28515625,16.40625,3.2904325788541076e-10,0.0
noise_064660.npy,noise,0.45568835384875556,4.5148850559006946e-18,4.6952462328417996e-11,100.390625,31.25,2.8980373161905286e-10,0.25,0.6088420842901596,4.481400524748982e-18,4.677802742714884e-11,97.55859375,12.890625,2.0221078727124807e-10,0.0,0.4958942206482401,5.641781509586744e-18,5.248596124420227e-11,91.69921875,9.375,2.904571088331108e-10,0.0
noise_064668.npy,noise,1.2042097602652702,9.553342751530004e-18,6.829874186539243e-11,84.9609375,17.1875,4.940966318620082e-10,0.25,2.1231319204148904,1.6752527465927235e-17,9.044304866446223e-11,74.21875,11.71875,6.105490691387531e-10,0.25,1.232285347352647,1.4017456815889324e-17,8.273125972619696e-11,60.3515625,13.28125,4.925045123999117e-10,0.25
noise_064683.npy,noise,0.41083196945901984,3.4314316272242167e-18,4.093291736769534e-11,76.7578125,17.578125,2.247664891155143e-10,0.25,0.5977449917880577,7.468511916590025e-18,6.03881969781552e-11,95.80078125,12.5,2.7439923768505785e-10,0.0,0.49502088547429357,6.8233911008426964e-18,5.772117406947253e-11,81.15234375,17.578125,3.3981650429883396e-10,0.25
noise_064697.npy,noise,10.233218392164932,2.909633035341421e-17,1.1919392834946768e-10,108.59375,70.3125,1.535084216057664e-09,7.25,21.55958223433886,4.0393528084292783e-16,4.4411037349862236e-10,134.375,70.3125,7.078101025695103e-09,9.25,4.085848883848311,2.601964029867953e-17,1.1271602587737741e-10,101.953125,15.625,1.0066820526943083e-09,0.25
noise_064698.npy,noise,0.9531323328254196,7.025069059549917e-18,5.856799041911339e-11,82.03125,17.96875,3.9307792291165786e-10,0.25,5.7425894623643385,1.462546592459087e-17,8.450645409370598e-11,77.9296875,14.84375,5.65597113100576e-10,0.25,4.147223862142757,1.2691545480889237e-17,7.872130392619552e-11,59.1796875,12.109375,5.342903890848633e-10,0.25
noise_064699.npy,noise,4.970670443203578,7.937364579692095e-16,6.2254849599672e-10,66.015625,15.625,3.3139537313972673e-09,1.0,31.13691554475676,2.4607672404295743e-15,1.0961507670553368e-09,45.8984375,14.84375,8.570757780875991e-09,1.0,14.82576335933178,1.8792666264608695e-15,9.579199640113972e-10,50.1953125,11.328125,7.018383358166482e-09,2.75
noise_064763.npy,noise,10.55668855640418,2.9189334108961796e-17,1.193842726048599e-10,108.203125,62.890625,1.5769164676589678e-09,7.25,102.28775725900924,3.7125473201791207e-16,4.257660444635306e-10,134.47265625,64.0625,6.3425637714604524e-09,7.25,5.46547548194741,2.3244968525604493e-17,1.065367649588292e-10,102.24609375,64.0625,1.1322771385966317e-09,9.5
noise_064764.npy,noise,1.5548751598278328,6.30406641732403e-18,5.548114481816322e-11,74.31640625,14.453125,3.446980003562622e-10,0.25,6.560378712855209,1.645312347112978e-17,8.963119822298253e-11,70.99609375,14.84375,5.7604219070829e-10,2.5,10.8940076965359,2.5086913865464624e-17,1.1067732225199251e-10,44.82421875,13.28125,7.298792972415811e-10,3.25
noise_064771.npy,noise,21.605819554588052,2.694342408317171e-15,1.146994716230689e-09,55.37109375,13.28125,1.1802473759595308e-08,7.5,19.12441881117818,7.603196585366102e-15,1.9267844541355143e-09,40.33203125,14.453125,1.1352433937192104e-08,7.5,36.264493683274964,6.92976872621246e-15,1.8394771365379696e-09,40.91796875,10.15625,1.3445110097946497e-08,7.25
noise_064772.npy,noise,23.32812235779592,2.1801433664916667e-15,1.0317573010014317e-09,58.10546875,13.28125,8.420149628293483e-09,7.5,32.17243231769724,4.521754673285838e-15,1.4858963705673927e-09,45.703125,16.40625,8.322455728729619e-09,7.25,46.17418293734446,1.3389743022017853e-14,2.556943577783768e-09,43.06640625,13.28125,2.0925284515761626e-08,7.5
noise_064778.npy,noise,16.489368849108164,2.2046113256014598e-15,1.0375309025898158e-09,58.30078125,13.28125,8.420963042778795e-09,8.0,12.98295966253738,4.735781838478598e-15,1.5206556072364405e-09,45.703125,16.796875,8.326810213539955e-09,7.75,26.063056152830296,1.3976707982560263e-14,2.6123867333550566e-09,40.91796875,13.28125,2.092924066591111e-08,8.0
noise_064792.npy,noise,0.8582587489774594,6.279911810234124e-18,5.5374752266632134e-11,96.484375,21.484375,2.2275119825148561e-10,0.0,0.6962520658035218,6.579937509497701e-18,5.6682096927155264e-11,95.1171875,71.09375,3.3083050580208546e-10,0.0,0.6239951118299144,6.823699232975574e-18,5.7722477347228905e-11,86.81640625,8.984375,2.0904074012262407e-10,0.0
noise_064795.npy,noise,21.60389880820296,2.581391547943087e-15,1.1226954581582155e-09,54.58984375,13.28125,1.1804622132426849e-08,6.25,19.130960058868773,7.700667084833355e-15,1.9390954979103754e-09,40.8203125,15.234375,1.1364430292655515e-08,6.5,16.013001238781797,6.244449552789826e-15,1.7461522365470192e-09,39.16015625,17.1875,1.3450629009887876e-08,6.25
noise_064810.npy,noise,0.662705828276325,7.138566908970175e-18,5.903921047507828e-11,101.85546875,21.09375,2.430084971929745e-10,0.0,0.7818468605046893,7.619832467711973e-18,6.099689600401799e-11,97.75390625,12.5,2.6901115966611215e-10,0.0,0.7744943282934676,8.08788933740477e-18,6.284237993209417e-11,93.5546875,9.375,4.066952964324052e-10,0.25
noise_064818.npy,noise,0.9003023125381023,6.4285647808538e-18,5.602631209441926e-11,73.828125,15.234375,3.1460663270106946e-10,2.25,2.895233813927541,1.5238455715017186e-17,8.625921518654245e-11,70.60546875,19.140625,5.767312269555392e-10,3.75,2.387156972124666,3.1840054442860785e-17,1.2468721499587727e-10,46.38671875,13.28125,1.274076194177234e-09,2.5
noise_064819.npy,noise,4.155746695989332,2.095629213024119e-15,1.0115613929326946e-09,57.71484375,13.28125,1.1803875576023446e-08,4.75,5.821897393713132,5.1293123943307865e-15,1.582576085862645e-09,45.3125,15.234375,1.136405854702025e-08,4.75,3.5544874192222498,4.6190189856794365e-15,1.5017923838205091e-09,45.1171875,17.1875,1.3450341260955182e-08,4.75
noise_064828.npy,noise,0.47250255074129455,5.902984746840653e-18,5.368721235935321e-11,105.37109375,85.15625,2.5663781657162615e-10,0.0,0.7818531134413721,6.618325233254694e-18,5.68471997357842e-11,95.8984375,12.890625,2.0519620939021811e-10,0.0,0.7745339332618972,6.748128065734323e-18,5.7401954732368105e-11,92.1875,8.984375,2.34956593824006e-10,0.0
noise_064833.npy,noise,0.16640979002102377,2.0045521183577717e-18,3.1285543211551896e-11,72.8515625,16.015625,1.307192855061041e-10,0.0,0.4347062717119055,5.285241137523216e-18,5.080043453732712e-11,106.0546875,78.125,1.9455446445215192e-10,0.0,0.2697484021722468,3.727166766934126e-18,4.266035217760226e-11,87.3046875,9.375,1.3512533707790885e-10,0.0
noise_064835.npy,noise,8.50974499555529,2.2491491581880432e-17,1.0479586644503234e-10,112.01171875,58.984375,1.504389743669265e-09,9.5,15.835531763155855,3.0208646998828097e-16,3.8406140026558944e-10,140.4296875,60.9375,5.863633480924815e-09,9.25,3.433550664490543,1.4021947463804188e-17,8.274451060378954e-11,107.32421875,60.9375,8.538151325623134e-10,4.25
noise_064842.npy,noise,106.44282633183664,1.9164081550910607e-16,3.058996844519551e-10,74.51171875,17.578125,2.4680123374845803e-09,5.5,401.72728357577057,1.008376821388589e-15,7.016918802570306e-10,70.99609375,15.625,5.629788877043678e-09,5.5,291.2514229185505,7.583488199745872e-16,6.085125386984367e-10,50.5859375,22.265625,4.896328320906139e-09,5.5
noise_064846.npy,noise,1.8729354943320782,6.837313870120861e-18,5.7780032564415814e-11,90.4296875,35.15625,3.118301014089894e-10,5.25,2.830014817001959,8.179341547668376e-18,6.319667012645879e-11,90.4296875,13.28125,6.433885645698208e-10,5.5,2.5293891226955223,9.28425207819618e-18,6.732998002418187e-11,83.30078125,14.453125,5.400990842746416e-10,5.0
noise_064867.npy,noise,307.77409453678655,1.9514597739116804e-13,9.761461047047787e-09,59.765625,22.265625,1.1490210709682743e-07,9.5,305.04520501246793,5.322547416317549e-13,1.6121104508140262e-08,45.99609375,16.015625,1.0311461458802415e-07,9.5,220.27659465505087,2.6763139008472215e-13,1.1431508635775322e-08,48.14453125,23.046875,9.986490561102437e-08,9.5
noise_064883.npy,noise,9.216115218819375,3.5856123585998135e-17,1.323173187633639e-10,101.7578125,57.421875,1.4932587003390633e-09,9.25,16.121852737275482,4.538792445392072e-16,4.707661042095744e-10,125.5859375,62.5,6.568040412536605e-09,9.25,4.169148910015048,3.638255131599795e-17,1.332850990724943e-10,98.33984375,14.453125,1.0484649359394258e-09,7.5
noise_064885.npy,noise,307.8787369773655,1.7618838742375555e-13,9.275208140346805e-09,60.83984375,23.4375,1.1491362507482256e-07,9.75,305.1029038959671,4.470366045103873e-13,1.4774288207764446e-08,48.046875,15.625,8.814880695769329e-08,9.75,220.06660220104283,2.6004929192510667e-13,1.1268415741478746e-08,47.16796875,23.4375,9.989398646985122e-08,10.0
noise_064903.npy,noise,1904.1341273147802,1.787149090203814e-13,9.341474143308865e-09,61.5234375,25.78125,1.1493407495238217e-07,9.5,475.0304285816889,3.4060694766783197e-13,1.2896200454627462e-08,49.21875,15.625,7.33758654402924e-08,9.5,789.0370167050954,2.5823163282767863e-13,1.1228965422808994e-08,48.14453125,23.046875,9.99155772198175e-08,9.5
noise_064911.npy,noise,1.189168389729864,6.0564766899624815e-18,5.4380731962439996e-11,67.96875,13.28125,2.968038716956484e-10,7.75,3.412672683585092,1.5963119801159123e-17,8.828642075885582e-11,90.234375,13.671875,7.008985786083135e-10,7.75,2.873496766926104,1.1330232808077578e-17,7.437970313411536e-11,76.66015625,21.484375,4.567424768121366e-10,7.5
noise_064917.npy,noise,1.658683268505227,6.94473981075668e-18,5.823217526180037e-11,64.55078125,13.28125,3.929244470665211e-10,10.0,3.916601626875588,1.728310124248987e-17,9.186410767301616e-11,87.59765625,13.671875,5.1410970201851e-10,10.0,2.8735153055521727,1.2618523472427513e-17,7.849451200097524e-11,74.31640625,21.484375,4.5669763624011434e-10,9.75
noise_064919.npy,noise,5.229379843075202,3.975119545423178e-17,1.393189269460062e-10,102.44140625,59.375,1.55824897893186e-09,7.25,5.340188035446589,4.748346291831791e-16,4.815110032811807e-10,122.4609375,57.421875,6.190006695145004e-09,7.25,4.379475132282215,3.484441047174035e-17,1.3043723510046688e-10,95.01953125,15.625,1.0422140728585472e-09,7.25
noise_064938.npy,noise,138.10397560161428,2.963322770846732e-16,3.8038598116945714e-10,73.828125,16.796875,3.2021860536820027e-09,8.0,178.83734005108062,6.564384648425399e-16,5.661506814986593e-10,66.69921875,15.234375,3.902631264101143e-09,8.25,402.6537076892777,1.1425954863577543e-15,7.469323612771924e-10,49.21875,22.65625,5.6261258022291796e-09,8.25
noise_064939.npy,noise,1903.4820615517326,1.5613728310522447e-13,8.731489435727611e-09,62.5,25.78125,1.271842851225978e-07,8.25,546.8402507143534,3.2321681898989297e-13,1.2562671387782484e-08,46.38671875,15.625,7.831892002317588e-08,8.25,788.6185877648257,2.1411933403752724e-13,1.022499173950822e-08,47.16796875,23.046875,1.0252301199002942e-07,8.25
noise_064953.npy,noise,1.6587425774592388,5.878722876292258e-18,5.357676879431587e-11,63.0859375,13.28125,3.9289369384305297e-10,6.25,3.916592911967733,1.3637846062746934e-17,8.160333646871095e-11,91.40625,13.671875,4.981363683042271e-10,5.5,2.7663432260810654,1.0429822396241565e-17,7.136306269292838e-11,77.83203125,14.453125,4.5671695302132383e-10,5.5
noise_064973.npy,noise,9.627525821472572,3.264427127364755e-17,1.2625207159819483e-10,104.78515625,72.265625,1.8343238906215604e-09,9.25,24.647323640896403,4.082331268258007e-16,4.464667753124643e-10,134.47265625,65.234375,6.915552453917805e-09,8.25,4.714771825389624,2.4728358132806077e-17,1.0988354571788361e-10,101.3671875,16.40625,1.0873464303872024e-09,8.25
noise_064993.npy,noise,31.73594999433221,6.377905795094259e-15,1.764712955132043e-09,54.98046875,12.5,1.8582717046476705e-08,10.0,6.83199983670263,5.5465407081472705e-14,5.2041059079826904e-09,39.2578125,15.625,7.57022020706356e-08,8.0,12.68485027667697,1.7881026957254644e-14,2.9548215164324214e-09,40.13671875,9.375,4.0696367636775994e-08,10.0
noise_065020.npy,noise,2.781337460538729,3.8426402399922504e-16,4.331615379605761e-10,63.28125,9.765625,1.5073416196438103e-09,0.0,1.8613577210137568,6.313741983757733e-16,5.552370509977433e-10,56.25,9.375,1.874758750670435e-09,0.0,2.0824551454742806,6.5484669094291e-16,5.654638457160349e-10,51.46484375,9.765625,2.0569616390867762e-09,0.0
noise_066267.npy,noise,7.223154599090529,4.0020085617493685e-15,1.3978933231980485e-09,79.19921875,32.421875,1.4881545420130735e-08,5.5,5.392573256428264,8.511975989247378e-15,2.0386854284071626e-09,63.57421875,21.875,1.529697306591236e-08,6.75,8.27498986344489,8.22417909094959e-15,2.00392426173065e-09,62.79296875,25.78125,1.689748877569505e-08,5.0
noise_066287.npy,noise,5.234020821324303,1.6694705773299758e-17,9.028683073056126e-11,72.75390625,23.046875,5.112053356242682e-10,0.5,15.857564122367176,3.867798669509499e-17,1.3742538226602955e-10,54.58984375,14.0625,8.612063301073938e-10,2.25,10.647426673826136,3.550547688134719e-17,1.316687458490826e-10,47.94921875,16.40625,8.100319181779976e-10,5.25
noise_066314.npy,noise,0.16734473931029065,1.9102282109799665e-18,3.054060606213573e-11,83.0078125,29.6875,1.6966982250498198e-10,0.25,0.41803760257907324,5.416353438192079e-18,5.142668400006193e-11,105.46875,28.90625,1.7792652605290564e-10,0.0,0.3546893869537865,4.0815304322129674e-18,4.464229811909315e-11,88.28125,29.296875,1.7890453355960632e-10,0.0
noise_066326.npy,noise,0.22795193813762216,2.462974258471151e-18,3.467887180466107e-11,81.8359375,14.453125,3.7909343105643947e-10,0.25,0.5465147968733439,5.621403341598418e-18,5.239108560041348e-11,105.46875,28.90625,2.0908093102039767e-10,0.0,0.4136115623084845,4.2626387235095854e-18,4.562199649526163e-11,86.23046875,29.6875,1.797711427267345e-10,0.0
noise_066329.npy,noise,6.691594257547245,2.2489365838797076e-17,1.0479091403110832e-10,82.71484375,89.84375,5.649901100279376e-10,0.5,5.763151394028468,3.852773307006617e-17,1.3715819211085514e-10,62.79296875,11.71875,8.612598293858712e-10,7.75,5.3849078891364055,4.3581571266363044e-17,1.4587687991900509e-10,52.63671875,15.234375,8.101966673909059e-10,3.0
noise_066364.npy,noise,12.279324175833887,2.6285762405913903e-17,1.1329097459534298e-10,115.13671875,51.5625,1.7894953099348224e-09,9.5,36.74952142870065,3.2764060586838186e-16,3.9997595500751144e-10,137.40234375,67.578125,6.877528057719941e-09,9.25,4.637366589006099,1.580678125123647e-17,8.785303015736172e-11,107.71484375,59.375,1.0603812589126668e-09,9.5
noise_066383.npy,noise,1.859300715454999,1.3421404422131704e-17,8.095319714497999e-11,69.7265625,25.0,4.069484675074142e-10,0.5,4.991294732642036,3.872514641456902e-17,1.3750913750634456e-10,57.421875,21.484375,6.498093108415457e-10,0.0,4.830309742488067,4.044196942126789e-17,1.4052421635247947e-10,49.0234375,16.015625,7.891188813951243e-10,3.75
noise_066388.npy,noise,5.285175089068215,2.95224625118349e-17,1.2006358689609803e-10,112.98828125,54.6875,1.7768428647408998e-09,9.5,6.683134541330289,3.6731502113612184e-16,4.235009299448137e-10,135.546875,67.578125,6.895684889789989e-09,9.5,2.6777030626990563,1.7874887174226346e-17,9.342361721235272e-11,105.95703125,64.84375,1.0698532025607446e-09,8.5
noise_066417.npy,noise,41.30339593501211,1.9065576978772702e-14,3.051124998941597e-09,56.54296875,17.96875,4.403849506335998e-08,3.25,14.401339720993462,1.558095386683332e-14,2.758239951543322e-09,59.27734375,18.359375,3.0767799310640056e-08,3.5,13.3157762258072,2.0382233271593162e-14,3.154720643677519e-09,53.90625,7.03125,4.3801820650954514e-08,6.75
noise_066418.npy,noise,41.29993058780537,1.9674823113272514e-14,3.0994914459113443e-09,55.6640625,17.96875,4.404451805074034e-08,3.25,14.401336641626312,1.618738091792862e-14,2.8114043801688037e-09,60.15625,18.359375,3.076685463091948e-08,2.5,13.3155363308629,2.0776901023325986e-14,3.185117141141891e-09,55.078125,7.03125,4.3801151005846395e-08,6.75
noise_066420.npy,noise,41.301387565569996,2.0391231422182372e-14,3.155416924569951e-09,54.78515625,17.96875,4.4042129965191194e-08,6.75,14.40133975315546,1.6627397298944077e-14,2.849358934457896e-09,60.9375,18.359375,3.0767824113484917e-08,1.0,13.314528469609348,2.086541271613581e-14,3.1918943909222135e-09,53.80859375,7.03125,4.379837042902323e-08,2.0
noise_066423.npy,noise,1.6197719270289885,1.795927112431357e-17,9.364387515298978e-11,108.7890625,73.4375,3.597319746397593e-10,0.0,1.803084001302152,1.8422216411050543e-17,9.484314870858239e-11,101.26953125,73.046875,3.574978525919326e-10,0.0,3.8887585489023078,2.786410133474759e-17,1.1664269471277325e-10,96.09375,59.375,6.198122821880375e-10,0.0
noise_066438.npy,noise,6.289264144345355,1.8863697839891186e-14,3.0349283287887323e-09,66.11328125,21.875,2.5860258958184876e-08,8.25,4.852157837701298,5.035064447206024e-14,4.9583541242153295e-09,46.2890625,20.3125,3.63858687439553e-08,9.5,4.536479874925325,3.250244060036115e-14,3.983758567533315e-09,52.9296875,16.796875,2.4586734325042112e-08,10.0
noise_066440.npy,noise,0.579499492664782,5.898165049795515e-18,5.366529048855011e-11,85.44921875,24.609375,2.2738211179733504e-10,0.0,1.0822001342497254,1.0767175459596929e-17,7.250799881655342e-11,97.8515625,43.359375,3.0994164922725074e-10,0.0,1.1845228412245445,1.1377569597826002e-17,7.453491735548163e-11,82.12890625,19.140625,2.9491004817777465e-10,0.0
noise_066447.npy,noise,2.3827289361507393,2.2778740846565667e-17,1.0546294161451757e-10,111.5234375,74.21875,4.152646585540963e-10,0.0,2.86549915319561,2.4401745779021622e-17,1.0915546221405002e-10,102.1484375,69.140625,4.953576607571641e-10,0.0,3.8887592304146894,3.059428529029729e-17,1.2222363054828217e-10,99.31640625,61.328125,6.197893535287655e-10,0.0
noise_066449.npy,noise,4.353318676630525,4.1925896508989595e-16,4.524558448598059e-10,71.6796875,27.34375,4.734571762939893e-09,7.75,5.159499031585549,8.898140369645021e-16,6.591505975394192e-10,55.859375,15.234375,6.937650915338778e-09,7.5,4.925884276451802,5.507104050120291e-16,5.18557195444514e-10,52.734375,22.265625,3.758238555886835e-09,8.5
noise_066465.npy,noise,2.382749220811876,2.1711062345339252e-17,1.0296166597724699e-10,109.9609375,64.453125,4.1529411176385184e-10,0.0,2.8654934779424837,2.32356864773615e-17,1.0651549200831854e-10,102.5390625,68.75,4.95424633803085e-10,0.0,3.888747707180015,2.809691890790991e-17,1.17128983114782e-10,99.609375,58.984375,6.197194049265999e-10,0.0
noise_066466.npy,noise,2.2510744074630913,1.7070434338594443e-17,9.129716872330608e-11,102.5390625,73.4375,6.578069230893444e-10,0.25,21.500258723394207,1.0688792089426607e-16,2.284543009535022e-10,122.65625,64.453125,2.7762714574372198e-09,8.5,2.2677805709593604,3.3034832526463186e-17,1.2700507595982966e-10,102.734375,53.90625,5.14774744496703e-10,0.0
noise_066486.npy,noise,3.1813029353217925,1.3041058234352904e-14,2.523431040467052e-09,60.15625,21.875,1.5560661257519857e-08,3.0,4.970584654640203,3.3390750326076275e-14,4.037830767584797e-09,44.04296875,22.265625,2.9708020174268145e-08,4.0,3.8766536013784068,3.119386272858861e-14,3.902739843423291e-09,48.73046875,16.015625,2.514830362753031e-08,6.25
noise_066496.npy,noise,2.408488141069881,1.5133345632884265e-17,8.596120591468439e-11,100.5859375,16.796875,6.00512876569043e-10,0.0,21.500232261291547,7.943022459041558e-17,1.9693727262960878e-10,126.3671875,75.78125,2.776260876652867e-09,9.25,2.470963956382215,2.6421623139076483e-17,1.1358337542693997e-10,97.75390625,64.84375,5.375610821892086e-10,0.0
noise_066497.npy,noise,3.902325437553126,6.419742839094778e-17,1.7704914736173534e-10,67.48046875,25.78125,1.1564585439978835e-09,3.25,4.642191354418382,2.268200043204126e-16,3.3279416346230664e-10,55.078125,22.65625,2.1529628841995393e-09,4.0,6.830178737826334,1.85258642423597e-16,3.007628991346788e-10,50.09765625,14.0625,2.3377290791858185e-09,6.75
noise_066521.npy,noise,4.259691086470492,4.4895689554648896e-17,1.4805986429602016e-10,67.578125,16.015625,7.250343575611621e-10,0.25,4.64561589899796,1.2347002948298552e-16,2.455363523665875e-10,52.34375,17.96875,2.555916631803448e-09,2.75,7.099654851116707,1.0029181308589909e-16,2.2129304521007695e-10,46.875,16.015625,1.4910704861299563e-09,9.5
noise_066534.npy,noise,5.179051809617362,7.353525961161237e-15,1.8948849168810385e-09,56.93359375,23.046875,9.191687694022662e-09,0.0,6.112018798875809,1.3044647913624112e-14,2.523778316151059e-09,39.16015625,17.578125,1.502840076529795e-08,5.75,5.092192519075969,1.1340524078708069e-14,2.353160698466357e-09,46.2890625,11.71875,1.2382280600401816e-08,3.0
noise_066537.npy,noise,5.125567690746126,4.728948312096474e-17,1.519558091359411e-10,105.46875,16.40625,7.531642539552903e-10,0.0,4.834226834993269,4.719656585239712e-17,1.5180644969867314e-10,98.33984375,12.890625,8.256085545749676e-10,0.0,5.029186482703227,5.874823075114146e-17,1.6936841366221682e-10,86.9140625,16.40625,8.654590110412768e-10,0.0
noise_066545.npy,noise,2.074750679788879,1.6497794330297964e-17,8.975279181084453e-11,78.90625,14.0625,4.095744293672657e-10,0.0,4.537835685018507,3.160439226628817e-17,1.2422492568431474e-10,63.8671875,18.75,4.966819372945056e-10,0.25,6.248700621178161,3.642597124405314e-17,1.3336460839184555e-10,53.90625,11.71875,7.73344506126406e-10,2.75
noise_066583.npy,noise,1.221314175667478,9.962076346729425e-18,6.974449864452734e-11,84.27734375,25.390625,6.35922131405553e-10,0.25,1.2311664049614897,9.99032149387848e-18,6.984330080210164e-11,81.0546875,29.296875,5.767542069828554e-10,0.25,2.267200395064724,1.6095360626167587e-17,8.865135535199612e-11,72.8515625,10.546875,7.727496092950824e-10,0.25
noise_066585.npy,noise,1.3819931589827648,6.396616148118132e-18,5.588691911863908e-11,70.703125,8.203125,2.827225900813257e-10,0.25,3.239106835609394,1.42202570762292e-17,8.332757587079166e-11,90.13671875,31.25,3.8958796836029264e-10,0.0,3.0881251728593053,1.436031293060054e-17,8.373691866879744e-11,70.01953125,18.75,5.383340671544216e-10,0.25
noise_068585.npy,noise,11.468152053594617,1.8469047745476408e-15,9.49636231378674e-10,91.40625,15.234375,9.419112627559907e-09,4.25,12.06865108826351,2.8588541144946407e-15,1.1814926409390311e-09,87.109375,29.296875,1.8735756944523668e-08,6.0,49.60170771095041,2.799936229089847e-15,1.169254618062412e-09,78.7109375,13.671875,1.675321407528798e-08,7.0
noise_068595.npy,noise,803.2353122239667,4.7670498461659055e-12,4.8245839796796944e-08,77.44140625,52.34375,1.1295206646192124e-06,6.5,692.133457329008,9.880027368729185e-12,6.945669236032838e-08,76.07421875,49.609375,1.5508104038189608e-06,8.5,245.87404509821832,1.7608247972366825e-12,2.93219667318842e-08,72.8515625,51.953125,4.299774968793932e-07,8.5
noise_068598.npy,noise,5.115199594984306,3.696176138692486e-13,1.3434185889814614e-08,67.87109375,26.171875,1.6628771206089648e-07,8.0,8.334188416838153,2.77692145295847e-13,1.1644392118966013e-08,77.734375,43.359375,1.0273143651627568e-07,9.75,9.062640705090132,7.150029242964204e-13,1.868482062073681e-08,73.828125,49.609375,1.7292080608402837e-07,8.5
noise_068606.npy,noise,3.7733960870140617,8.075958301110177e-14,6.279601113298482e-09,66.50390625,20.3125,4.137241081339433e-08,3.5,3.62776892496336,6.463293378114637e-14,5.617744182305329e-09,73.4375,26.5625,4.716744052726996e-08,3.75,5.358470098202311,2.364128597636749e-13,1.0744113117492848e-08,68.45703125,26.5625,6.59344148789536e-08,3.5
noise_068615.npy,noise,18.923270484324412,7.082905550573179e-13,1.859690828031856e-08,74.70703125,52.34375,2.793297063439031e-07,5.25,12.934423985025457,5.522476489177219e-13,1.6421089255073987e-08,84.66796875,50.0,2.198324850851376e-07,8.0,34.691576404851816,1.782207334841742e-12,2.9499464829309945e-08,77.63671875,50.390625,4.687753657119911e-07,7.5
noise_068618.npy,noise,4.945006430853776,5.850603296150765e-15,1.690189306172127e-09,49.31640625,20.3125,1.5189369560195768e-08,8.75,5.8437149620007665,3.454972441102855e-15,1.2988449723724742e-09,62.01171875,19.921875,1.0660400048913624e-08,9.75,3.84626184991514,4.789389432472519e-15,1.5292380647971304e-09,56.73828125,14.84375,1.3446064292771612e-08,7.75
noise_068802.npy,noise,3.19537847643705,1.6973935970087346e-17,9.103875368706567e-11,119.23828125,48.4375,6.585933310654732e-10,9.0,11.963639661145018,3.500494377621322e-17,1.3073736154301535e-10,101.66015625,45.703125,9.097350158681583e-10,9.25,7.004593110095135,4.7416771148462987e-17,1.5216017970328323e-10,98.73046875,48.4375,9.427225360717184e-10,9.0
noise_070070.npy,noise,9.33502126246827,4.299031491427326e-17,1.448839697973347e-10,114.94140625,44.53125,1.2159399356784189e-09,5.0,6.541949812591098,8.715747356247552e-17,2.0629435314115482e-10,93.06640625,47.265625,1.5879992122788572e-09,5.0,7.269037411388835,1.1630716898601824e-16,2.3830780485845236e-10,86.42578125,44.53125,1.4087950877711393e-09,0.5
noise_070072.npy,noise,1.7382538199262898,4.416383828272477e-18,4.643745703792005e-11,133.49609375,70.3125,4.038301212513472e-10,0.25,0.980086691475068,5.141709654869261e-18,5.010589204291878e-11,124.8046875,40.625,5.723706740426133e-10,6.0,5.414833596860387,6.5722472104278635e-18,5.664896365527555e-11,118.65234375,40.234375,7.035698208651895e-10,6.0
noise_070602.npy,noise,5.3862345222702,3.830178811794912e-17,1.3675542029282547e-10,159.1796875,90.625,5.704710587069554e-10,0.25,0.7582590107673364,7.852797064533036e-18,6.192231880886343e-11,86.23046875,14.84375,4.2992386163830144e-10,0.25,3.4695826999138792,1.789687479125705e-17,9.348105901287427e-11,124.12109375,90.234375,4.0176529670388926e-10,0.25
noise_070605.npy,noise,6.0140772419519966,1.7863372814484283e-17,9.339352229717221e-11,137.20703125,89.84375,6.772121877162685e-10,4.0,4.576083452350675,8.036537929099299e-18,6.264256369029781e-11,114.94140625,91.796875,7.05853048427444e-10,0.25,3.9203567978716016,1.557631288357812e-17,8.721021456907803e-11,127.83203125,89.84375,5.627791647739798e-10,3.5
noise_070613.npy,noise,7.6852172134142736,2.2807869145081065e-17,1.055303504021313e-10,141.9921875,83.203125,1.5625952380089e-09,10.0,3.629246039581054,1.0565767621615918e-17,7.182664005431513e-11,116.69921875,83.203125,5.100193861671137e-10,1.0,5.643134109462843,3.1080969779608844e-17,1.2319194281770067e-10,136.9140625,83.203125,1.5660726525989384e-09,10.0
